timestamp,energy,event_cost,total
2018-01-01 00:00:00,36.30029532009818,0.0,36.30029532009818
2018-01-01 01:00:00,20.654020705406687,0.0,20.654020705406687
2018-01-01 02:00:00,16.991091632342084,97.99999977211966,114.99109140446174
2018-01-01 03:00:00,25.72990649402917,0.0,25.72990649402917
2018-01-01 04:00:00,45.05005425431617,0.0,45.05005425431617
2018-01-01 05:00:00,74.34663204484599,0.0,74.34663204484599
2018-01-01 06:00:00,108.48804438157292,0.0,108.48804438157292
2018-01-01 07:00:00,151.26062918523917,0.0,151.26062918523917
2018-01-01 08:00:00,196.66515919225782,0.0,196.66515919225782
2018-01-01 09:00:00,240.48044150558485,0.0,240.48044150558485
2018-01-01 10:00:00,287.1742131727331,0.0,287.1742131727331
2018-01-01 11:00:00,301.29866275090467,0.0,301.29866275090467
2018-01-01 12:00:00,356.3369291103703,0.0,356.3369291103703
2018-01-01 13:00:00,344.48848930348373,0.0,344.48848930348373
2018-01-01 14:00:00,364.5330170975428,0.0,364.5330170975428
2018-01-01 15:00:00,333.9476691126,0.0,333.9476691126
2018-01-01 16:00:00,327.0190394747806,0.0,327.0190394747806
2018-01-01 17:00:00,305.08061932531797,0.0,305.08061932531797
2018-01-01 18:00:00,270.335282874099,0.0,270.335282874099
2018-01-01 19:00:00,224.77942138179276,0.0,224.77942138179276
2018-01-01 20:00:00,181.21226452759407,0.0,181.21226452759407
2018-01-01 21:00:00,132.64095290356696,0.0,132.64095290356696
2018-01-01 22:00:00,93.9340079596247,0.0,93.9340079596247
2018-01-01 23:00:00,57.770210753010595,10.999999952617792,68.77021070562839
2018-01-02 00:00:00,35.30187771633172,0.0,35.30187771633172
2018-01-02 01:00:00,21.297141758501834,0.0,21.297141758501834
2018-01-02 02:00:00,18.019307427710373,391.9999991192348,410.01930654694513
2018-01-02 03:00:00,26.40551904745567,391.99999927878,418.40551832623566
2018-01-02 04:00:00,46.13082827115505,0.0,46.13082827115505
2018-01-02 05:00:00,75.41882776554692,0.0,75.41882776554692
2018-01-02 06:00:00,112.4137389393604,9603.99997083036,9716.41370976972
2018-01-02 07:00:00,156.32693520172768,4285.999987933036,4442.326923134764
2018-01-02 08:00:00,199.21638122674597,6376.616059975522,6575.8324412022685
2018-01-02 09:00:00,242.53406650556641,5254.394523606919,5496.928590112485
2018-01-02 10:00:00,275.17907125399626,12510.666297606387,12785.845368860384
2018-01-02 11:00:00,325.1303020559076,8019.760351412266,8344.890653468174
2018-01-02 12:00:00,343.16080282154985,5442.562659843052,5785.723462664601
2018-01-02 13:00:00,369.8572305645547,6963.506928916451,7333.364159481006
2018-01-02 14:00:00,359.2291067821492,4475.507974537642,4834.737081319791
2018-01-02 15:00:00,336.4417048101435,3508.98505266309,3845.426757473233
2018-01-02 16:00:00,330.20240030409246,3919.999990679024,4250.202390983117
2018-01-02 17:00:00,302.26238080351794,97.99999928369986,400.2623800872178
2018-01-02 18:00:00,258.8279238684263,97.99999938884346,356.82792325726973
2018-01-02 19:00:00,214.53298537221906,0.0,214.53298537221906
2018-01-02 20:00:00,174.44421639203233,0.0,174.44421639203233
2018-01-02 21:00:00,137.43668904202798,8914.999976482368,9052.436665524396
2018-01-02 22:00:00,92.49676200413317,11371.317698278392,11463.814460282527
2018-01-02 23:00:00,60.9331820008839,2427.682263191836,2488.61544519272
2018-01-03 00:00:00,34.37934556037615,0.0,34.37934556037615
2018-01-03 01:00:00,20.42024627740569,0.0,20.42024627740569
2018-01-03 02:00:00,18.228457216627156,1469.9999955181763,1488.2284527348038
2018-01-03 03:00:00,26.248234999599887,1665.999994548042,1692.2482295476416
2018-01-03 04:00:00,46.60088556613456,0.0,46.60088556613456
2018-01-03 05:00:00,78.79502796196665,0.0,78.79502796196665
2018-01-03 06:00:00,112.9479877151238,592.9999983787916,705.9479860939153
2018-01-03 07:00:00,154.54881121368874,18618.999949201152,18773.54876041484
2018-01-03 08:00:00,200.85259100430136,6929.999978327211,7130.852569331513
2018-01-03 09:00:00,232.92993919691654,10065.460179393227,10298.390118590143
2018-01-03 10:00:00,266.38777855509545,11400.239460840112,11666.62723939521
2018-01-03 11:00:00,316.1390158080077,1799.5033636212154,2115.642379429223
2018-01-03 12:00:00,343.8822750867608,4676.796914344848,5020.679189431608
2018-01-03 13:00:00,348.4004311281601,4488.865977319091,4837.266408447252
2018-01-03 14:00:00,359.95720808582007,3202.1340007771823,3562.0912088630025
2018-01-03 15:00:00,341.47889009692165,5393.287332291198,5734.76622238812
2018-01-03 16:00:00,314.10896933770005,15403.712605488965,15717.821574826663
2018-01-03 17:00:00,308.30781703462014,0.0,308.30781703462014
2018-01-03 18:00:00,269.49386191491817,0.0,269.49386191491817
2018-01-03 19:00:00,219.7827760891336,1175.9999971136583,1395.7827732027922
2018-01-03 20:00:00,171.0790908907528,0.0,171.0790908907528
2018-01-03 21:00:00,133.0383597330414,12936.999963207913,13070.038322940956
2018-01-03 22:00:00,91.69482049670276,24430.5967847015,24522.291605198207
2018-01-03 23:00:00,59.93203059947035,3553.403137433906,3613.3351680333762
2018-01-04 00:00:00,34.38847674219002,0.0,34.38847674219002
2018-01-04 01:00:00,19.96603071479246,0.0,19.96603071479246
2018-01-04 02:00:00,17.893868086921458,1371.9999977478983,1389.8938658348197
2018-01-04 03:00:00,26.482038119861386,2057.999993747482,2084.4820318673437
2018-01-04 04:00:00,44.512504148156246,0.0,44.512504148156246
2018-01-04 05:00:00,76.55516506919497,882.9999972381572,959.5551623073522
2018-01-04 06:00:00,109.36422021375569,1885.2542363606776,1994.6184565744334
2018-01-04 07:00:00,150.20139385328315,18712.09398319697,18862.295377050257
2018-01-04 08:00:00,195.31228922766874,6906.767141202244,7102.0794304299125
2018-01-04 09:00:00,253.70434167978317,11339.578119251943,11593.282460931725
2018-01-04 10:00:00,283.65721899127425,9218.884887361066,9502.542106352339
2018-01-04 11:00:00,317.0925641319159,6286.7687002737275,6603.861264405643
2018-01-04 12:00:00,332.9193135877861,7596.652760926113,7929.572074513899
2018-01-04 13:00:00,361.2302695830482,11675.686285462945,12036.916555045993
2018-01-04 14:00:00,358.05663603714123,10257.438547215697,10615.495183252839
2018-01-04 15:00:00,352.8237186580868,8873.875082104156,9226.698800762242
2018-01-04 16:00:00,315.6430681014455,5478.9999873190145,5794.64305542046
2018-01-04 17:00:00,297.8929801646914,2155.9999943599423,2453.8929745246337
2018-01-04 18:00:00,257.99942866985145,0.0,257.99942866985145
2018-01-04 19:00:00,225.2305764919373,0.0,225.2305764919373
2018-01-04 20:00:00,172.85427689934704,1371.9999952275816,1544.8542721269287
2018-01-04 21:00:00,135.3268151777674,12630.99996565034,12766.326780828109
2018-01-04 22:00:00,93.17225391769011,26709.862417396234,26803.034671313922
2018-01-04 23:00:00,59.22889012347778,6644.137488295805,6703.366378419284
2018-01-05 00:00:00,33.95713829392877,0.0,33.95713829392877
2018-01-05 01:00:00,21.248418784719366,19310.99994784395,19332.24836662867
2018-01-05 02:00:00,18.053434416463666,935.7415671895034,953.795001605967
2018-01-05 03:00:00,26.82760341765924,1024.2584262825214,1051.0860297001807
2018-01-05 04:00:00,43.753812991884544,0.0,43.753812991884544
2018-01-05 05:00:00,72.75326381444955,0.0,72.75326381444955
2018-01-05 06:00:00,111.66831501543615,6370.999985371512,6482.668300386948
2018-01-05 07:00:00,152.4268155441539,7510.224950621808,7662.651766165962
2018-01-05 08:00:00,197.94479136198996,11795.774994167936,11993.719785529927
2018-01-05 09:00:00,244.58859133230362,9031.522240192899,9276.110831525202
2018-01-05 10:00:00,269.1331750602984,6071.477716079371,6340.61089113967
2018-01-05 11:00:00,317.9263221659021,3638.9999910446627,3956.926313210565
2018-01-05 12:00:00,330.1786901533278,14920.999953784827,15251.178643938154
2018-01-05 13:00:00,357.3172482871083,5767.232674988485,6124.549923275593
2018-01-05 14:00:00,363.1702318920946,5960.063459443348,6323.233691335443
2018-01-05 15:00:00,339.4986545196232,13619.703797133885,13959.20245165351
2018-01-05 16:00:00,328.2632661450871,2091.270138330329,2419.533404475416
2018-01-05 17:00:00,281.92217614916115,1314.7298523733466,1596.6520285225079
2018-01-05 18:00:00,266.101522439802,97.99999974513904,364.101522184941
2018-01-05 19:00:00,219.4291822535465,197.99999938253586,417.4291816360824
2018-01-05 20:00:00,173.73395746137015,98.99999994439806,272.73395740576825
2018-01-05 21:00:00,133.82296492548747,9195.999974450033,9329.822939375521
2018-01-05 22:00:00,92.82401539222934,25997.822248787073,26090.646264179308
2018-01-05 23:00:00,57.3826967746341,8767.177650130994,8824.560346905628
2018-01-06 00:00:00,36.284856879977,0.0,36.284856879977
2018-01-06 01:00:00,20.633673704701017,17911.99995036118,17932.633624065882
2018-01-06 02:00:00,17.728073255729754,0.0,17.728073255729754
2018-01-06 03:00:00,26.135927150125873,0.0,26.135927150125873
2018-01-06 04:00:00,45.65871954931069,0.0,45.65871954931069
2018-01-06 05:00:00,75.89817827868276,0.0,75.89817827868276
2018-01-06 06:00:00,112.67741226353877,0.0,112.67741226353877
2018-01-06 07:00:00,151.72105821640795,0.0,151.72105821640795
2018-01-06 08:00:00,198.59066596675032,0.0,198.59066596675032
2018-01-06 09:00:00,239.1147757405182,0.0,239.1147757405182
2018-01-06 10:00:00,278.26460146003086,0.0,278.26460146003086
2018-01-06 11:00:00,317.7106471317919,0.0,317.7106471317919
2018-01-06 12:00:00,344.7750240671887,0.0,344.7750240671887
2018-01-06 13:00:00,356.6389174345806,0.0,356.6389174345806
2018-01-06 14:00:00,370.116885566442,0.0,370.116885566442
2018-01-06 15:00:00,343.38144155611394,0.0,343.38144155611394
2018-01-06 16:00:00,324.84717130786277,0.0,324.84717130786277
2018-01-06 17:00:00,299.1304742882999,0.0,299.1304742882999
2018-01-06 18:00:00,275.8353243182954,0.0,275.8353243182954
2018-01-06 19:00:00,208.03701403858935,0.0,208.03701403858935
2018-01-06 20:00:00,168.78133900532652,0.0,168.78133900532652
2018-01-06 21:00:00,135.89752318501644,0.0,135.89752318501644
2018-01-06 22:00:00,93.61396544959698,35.65136287002517,129.26532831962214
2018-01-06 23:00:00,57.882139929639784,94.34863655170273,152.23077648134247
2018-01-07 00:00:00,35.400003539672774,0.0,35.400003539672774
2018-01-07 01:00:00,20.29735597028811,0.0,20.29735597028811
2018-01-07 02:00:00,17.690702052495467,0.0,17.690702052495467
2018-01-07 03:00:00,26.042115607460584,0.0,26.042115607460584
2018-01-07 04:00:00,46.55408068420028,0.0,46.55408068420028
2018-01-07 05:00:00,75.41775386286142,0.0,75.41775386286142
2018-01-07 06:00:00,109.67723840909817,0.0,109.67723840909817
2018-01-07 07:00:00,148.17521393727148,0.0,148.17521393727148
2018-01-07 08:00:00,200.3341023455876,12258.999965943227,12459.334068288816
2018-01-07 09:00:00,247.78151319223429,0.0,247.78151319223429
2018-01-07 10:00:00,274.6334992703671,0.0,274.6334992703671
2018-01-07 11:00:00,327.3167749855428,0.0,327.3167749855428
2018-01-07 12:00:00,332.6801302824167,0.0,332.6801302824167
2018-01-07 13:00:00,363.86050987000647,0.0,363.86050987000647
2018-01-07 14:00:00,360.0929597176368,0.0,360.0929597176368
2018-01-07 15:00:00,362.0043511160839,0.0,362.0043511160839
2018-01-07 16:00:00,326.52734242357917,0.0,326.52734242357917
2018-01-07 17:00:00,299.35698344719736,0.0,299.35698344719736
2018-01-07 18:00:00,264.82280607812345,0.0,264.82280607812345
2018-01-07 19:00:00,219.47375533011086,0.0,219.47375533011086
2018-01-07 20:00:00,178.14812122872212,0.0,178.14812122872212
2018-01-07 21:00:00,133.52725083064234,0.0,133.52725083064234
2018-01-07 22:00:00,92.00004662520979,59.19847820045054,151.19852482566034
2018-01-07 23:00:00,59.357049828204204,157.8015211303569,217.15857095856103
2018-01-08 00:00:00,34.96323089407234,0.0,34.96323089407234
2018-01-08 01:00:00,20.915445394360404,0.0,20.915445394360404
2018-01-08 02:00:00,17.92873429346173,139.07676109421496,157.0054953876767
2018-01-08 03:00:00,26.275662959887626,1036.9232351513178,1063.1988981112054
2018-01-08 04:00:00,44.21478724331426,0.0,44.21478724331426
2018-01-08 05:00:00,74.889375050232,0.0,74.889375050232
2018-01-08 06:00:00,112.54584609792323,7939.4235726515835,8051.969418749506
2018-01-08 07:00:00,152.9459048398747,14370.322676750775,14523.268581590652
2018-01-08 08:00:00,205.78063708776403,16156.253641612115,16362.034278699877
2018-01-08 09:00:00,231.596615384477,15502.146778673765,15733.743394058241
2018-01-08 10:00:00,282.0444600747451,11505.853144947943,11787.897605022688
2018-01-08 11:00:00,314.52188339748153,7603.4505587087515,7917.972442106233
2018-01-08 12:00:00,345.81185662841096,18448.54937154418,18794.361228172595
2018-01-08 13:00:00,366.96893869134095,3992.789776775012,4359.758715466352
2018-01-08 14:00:00,364.5476586339102,3435.441720138357,3799.989378772268
2018-01-08 15:00:00,343.31110373513957,9486.527444615393,9829.838548350532
2018-01-08 16:00:00,328.9547768725722,16694.955732273556,17023.910509146124
2018-01-08 17:00:00,291.8117357908725,3167.2852207298006,3459.096956520673
2018-01-08 18:00:00,273.4651241184394,305.999999061985,579.4651231804244
2018-01-08 19:00:00,218.88785289037963,68.31830976304654,287.2061626534262
2018-01-08 20:00:00,174.0732203978249,30.68168972014767,204.7549101179726
2018-01-08 21:00:00,135.00946040740305,11530.999968406037,11666.009428813439
2018-01-08 22:00:00,95.98442379778086,20557.377322153567,20653.36174595135
2018-01-08 23:00:00,61.27640518323115,10371.622592799997,10432.898997983226
2018-01-09 00:00:00,33.77223181306728,0.0,33.77223181306728
2018-01-09 01:00:00,21.18825229081346,13072.999962318743,13094.18821460956
2018-01-09 02:00:00,17.42551191693137,0.0,17.42551191693137
2018-01-09 03:00:00,26.795370567138256,979.9999973148084,1006.7953678819466
2018-01-09 04:00:00,45.386959293644374,881.9999983541259,927.3869576477703
2018-01-09 05:00:00,75.83902736979013,0.0,75.83902736979013
2018-01-09 06:00:00,114.18537006670195,16718.999952724662,16833.185322791363
2018-01-09 07:00:00,157.35130626280468,14395.999961149822,14553.351267412623
2018-01-09 08:00:00,193.85732334082104,9332.593487490954,9526.450810831775
2018-01-09 09:00:00,246.29050377651888,13376.1008243156,13622.391328092119
2018-01-09 10:00:00,269.9439429296087,11733.27706918928,12003.22101211889
2018-01-09 11:00:00,306.7169115883625,6756.860311283006,7063.577222871369
2018-01-09 12:00:00,347.7081201010885,14734.691925675903,15082.40004577699
2018-01-09 13:00:00,352.31778623652934,21216.88807216849,21569.20585840502
2018-01-09 14:00:00,342.42863400196273,11567.179543567103,11909.608177569065
2018-01-09 15:00:00,343.85376747492217,14584.589865120251,14928.443632595172
2018-01-09 16:00:00,330.86701014043086,18391.818561563523,18722.68557170395
2018-01-09 17:00:00,304.36960524156314,98.99999970346008,403.36960494502324
2018-01-09 18:00:00,263.0176921639966,99.99999975727427,363.01769192127085
2018-01-09 19:00:00,222.8599724689878,395.9999991427504,618.8599716117382
2018-01-09 20:00:00,170.2544648892582,0.0,170.2544648892582
2018-01-09 21:00:00,130.53926436499205,18863.999949655576,18994.539214020566
2018-01-09 22:00:00,90.68511725344126,32548.686256952868,32639.371374206305
2018-01-09 23:00:00,59.56866461032743,16222.313607114102,16281.882271724427
2018-01-10 00:00:00,34.649281173876,0.0,34.649281173876
2018-01-10 01:00:00,20.708158506268806,17187.999948991594,17208.708107497863
2018-01-10 02:00:00,17.94352431871262,0.0,17.94352431871262
2018-01-10 03:00:00,26.027791313885018,5585.999986294902,5612.027777608786
2018-01-10 04:00:00,45.0109519054347,2351.999992259361,2397.010944164796
2018-01-10 05:00:00,76.16962964532928,783.9999979057061,860.1696275510353
2018-01-10 06:00:00,112.168446712201,18739.99994779393,18852.16839450613
2018-01-10 07:00:00,160.90926951173273,19645.203040831315,19806.11231034305
2018-01-10 08:00:00,200.53945654317906,14820.458856181911,15020.99831272509
2018-01-10 09:00:00,241.7587899703094,24276.99596132574,24518.754751296052
2018-01-10 10:00:00,282.35134240773493,17367.870027133504,17650.221369541236
2018-01-10 11:00:00,309.4525471275084,6398.2451976036145,6707.697744731122
2018-01-10 12:00:00,329.5580672048415,6646.278491984711,6975.836559189553
2018-01-10 13:00:00,362.4783808666144,10347.722419254089,10710.200800120703
2018-01-10 14:00:00,362.5420947496706,27590.592889930795,27953.134984680466
2018-01-10 15:00:00,332.3701936012095,8725.172123474144,9057.542317075353
2018-01-10 16:00:00,335.699017615555,6370.19454957217,6705.893567187726
2018-01-10 17:00:00,316.00055628814306,3889.266031931821,4205.2665882199635
2018-01-10 18:00:00,262.04869746337977,587.9999986638411,850.0486961272209
2018-01-10 19:00:00,217.27896253420164,0.0,217.27896253420164
2018-01-10 20:00:00,175.60147582050956,98.99999973460933,274.6014755551189
2018-01-10 21:00:00,132.37530147485518,14150.999960198222,14283.375261673076
2018-01-10 22:00:00,88.06304013444338,35027.89429763158,35115.95733776603
2018-01-10 23:00:00,60.03204925167951,18771.10555198338,18831.13760123506
2018-01-11 00:00:00,34.01444517944685,0.0,34.01444517944685
2018-01-11 01:00:00,21.716387286969514,14194.99995983586,14216.716347122829
2018-01-11 02:00:00,16.736777004043905,1951.9911657940104,1968.7279427980538
2018-01-11 03:00:00,26.68228463263653,7064.008810262827,7090.691094895463
2018-01-11 04:00:00,43.66813295169659,0.0,43.66813295169659
2018-01-11 05:00:00,75.5684235636169,0.0,75.5684235636169
2018-01-11 06:00:00,114.69802316867361,13191.005187834373,13305.703211003045
2018-01-11 07:00:00,155.75115824729545,19873.875803775212,20029.626962022507
2018-01-11 08:00:00,194.7922417594571,14693.927689246979,14888.719931006432
2018-01-11 09:00:00,245.18254896855672,19990.95534835974,20236.1378973283
2018-01-11 10:00:00,282.70898030600847,10767.202332423087,11049.911312729095
2018-01-11 11:00:00,312.99552833267387,12990.278884677622,13303.274413010298
2018-01-11 12:00:00,330.20949299667586,18266.766733520628,18596.976226517305
2018-01-11 13:00:00,359.58034351296203,22877.089566430448,23236.669909943408
2018-01-11 14:00:00,361.09806615609796,17652.732225395317,18013.830291551414
2018-01-11 15:00:00,358.95395598746745,10780.165767769806,11139.119723757274
2018-01-11 16:00:00,339.42859448720094,3279.241517568569,3618.67011205577
2018-01-11 17:00:00,304.6349145324439,1247.7584707539725,1552.3933852864163
2018-01-11 18:00:00,271.90595113291226,98.99999960052308,370.9059507334353
2018-01-11 19:00:00,210.59121204576724,0.0,210.59121204576724
2018-01-11 20:00:00,177.09916180871446,0.0,177.09916180871446
2018-01-11 21:00:00,124.75946651338221,12771.999963001632,12896.759429515016
2018-01-11 22:00:00,91.6770974024014,30232.724877026834,30324.40197442923
2018-01-11 23:00:00,60.1928185054263,12103.274997690178,12163.467816195604
2018-01-12 00:00:00,35.23312447627495,0.0,35.23312447627495
2018-01-12 01:00:00,20.234032312015817,12610.999965175237,12631.23399748725
2018-01-12 02:00:00,18.128252267171554,0.0,18.128252267171554
2018-01-12 03:00:00,26.760752338506286,0.0,26.760752338506286
2018-01-12 04:00:00,45.52797437158285,0.0,45.52797437158285
2018-01-12 05:00:00,75.73453668418173,1860.9999940318069,1936.7345307159887
2018-01-12 06:00:00,117.67734351062659,15810.999955194025,15928.677298704652
2018-01-12 07:00:00,151.1717064603913,16280.205465472165,16431.377171932556
2018-01-12 08:00:00,188.28117453379588,10847.516294088004,11035.797468621799
2018-01-12 09:00:00,236.86064318534824,39982.028310955124,40218.88895414048
2018-01-12 10:00:00,279.31023987039435,29800.677856601767,30079.988096472163
2018-01-12 11:00:00,328.212507690172,5504.833322368855,5833.045830059027
2018-01-12 12:00:00,326.22446517451647,27797.471063181096,28123.695528355616
2018-01-12 13:00:00,358.3020272238391,15282.501655611464,15640.803682835305
2018-01-12 14:00:00,348.8321890534463,8932.146685431147,9280.978874484594
2018-01-12 15:00:00,347.7375705459532,7053.618889027308,7401.3564595732605
2018-01-12 16:00:00,323.42139962042876,15733.22929710521,16056.65069672564
2018-01-12 17:00:00,284.3453497590632,79.77065683262819,364.1160065916914
2018-01-12 18:00:00,260.4549142978128,0.0,260.4549142978128
2018-01-12 19:00:00,213.0746647751611,0.0,213.0746647751611
2018-01-12 20:00:00,176.96130914591382,103.99999972586775,280.96130887178157
2018-01-12 21:00:00,134.86940967617787,13989.99996348989,14124.86937316607
2018-01-12 22:00:00,93.6213548138926,27704.492043130027,27798.11339794392
2018-01-12 23:00:00,58.69539195854591,18529.507827088997,18588.20321904754
2018-01-13 00:00:00,32.91910356932976,0.0,32.91910356932976
2018-01-13 01:00:00,20.23677023573503,17531.999952745293,17552.236722981026
2018-01-13 02:00:00,17.87479468512071,0.0,17.87479468512071
2018-01-13 03:00:00,26.384188840583,0.0,26.384188840583
2018-01-13 04:00:00,45.66138505293753,0.0,45.66138505293753
2018-01-13 05:00:00,75.43434134186612,0.0,75.43434134186612
2018-01-13 06:00:00,111.95048546725454,0.0,111.95048546725454
2018-01-13 07:00:00,159.84137273903195,0.0,159.84137273903195
2018-01-13 08:00:00,198.43516176309743,0.0,198.43516176309743
2018-01-13 09:00:00,242.28304438483096,0.0,242.28304438483096
2018-01-13 10:00:00,278.2514226260014,0.0,278.2514226260014
2018-01-13 11:00:00,321.0484451894914,0.0,321.0484451894914
2018-01-13 12:00:00,344.19208374354565,61.12316552988347,405.3152492734291
2018-01-13 13:00:00,360.1533067489368,824.8768317624265,1185.0301385113632
2018-01-13 14:00:00,354.776632723784,0.0,354.776632723784
2018-01-13 15:00:00,362.67664952983273,0.0,362.67664952983273
2018-01-13 16:00:00,344.1243718819827,0.0,344.1243718819827
2018-01-13 17:00:00,308.04517917386613,0.0,308.04517917386613
2018-01-13 18:00:00,260.73833944307586,0.0,260.73833944307586
2018-01-13 19:00:00,222.38900546472263,0.0,222.38900546472263
2018-01-13 20:00:00,174.37133798070118,0.0,174.37133798070118
2018-01-13 21:00:00,130.58235777696973,0.0,130.58235777696973
2018-01-13 22:00:00,93.68141278631099,60.28828833454952,153.96970112086052
2018-01-13 23:00:00,58.84896319106764,112.71171114958388,171.56067434065153
2018-01-14 00:00:00,36.04504928716897,0.0,36.04504928716897
2018-01-14 01:00:00,20.104759973444104,0.0,20.104759973444104
2018-01-14 02:00:00,18.0390117257946,0.0,18.0390117257946
2018-01-14 03:00:00,25.79005749573603,0.0,25.79005749573603
2018-01-14 04:00:00,43.79541285254341,0.0,43.79541285254341
2018-01-14 05:00:00,73.61743263594299,0.0,73.61743263594299
2018-01-14 06:00:00,107.48925705527564,0.0,107.48925705527564
2018-01-14 07:00:00,154.99861422692183,0.0,154.99861422692183
2018-01-14 08:00:00,196.70359301062064,0.0,196.70359301062064
2018-01-14 09:00:00,250.56933577275055,0.0,250.56933577275055
2018-01-14 10:00:00,274.00479155113794,0.0,274.00479155113794
2018-01-14 11:00:00,312.66852525666854,0.0,312.66852525666854
2018-01-14 12:00:00,328.8033844936497,0.0,328.8033844936497
2018-01-14 13:00:00,354.2653217168868,0.0,354.2653217168868
2018-01-14 14:00:00,354.900618577011,0.0,354.900618577011
2018-01-14 15:00:00,343.04640231524763,0.0,343.04640231524763
2018-01-14 16:00:00,345.69277223105394,0.0,345.69277223105394
2018-01-14 17:00:00,296.74207330387316,0.0,296.74207330387316
2018-01-14 18:00:00,252.27803947173402,0.0,252.27803947173402
2018-01-14 19:00:00,215.4634274427183,0.0,215.4634274427183
2018-01-14 20:00:00,170.7695148295855,0.0,170.7695148295855
2018-01-14 21:00:00,133.56064231913425,0.0,133.56064231913425
2018-01-14 22:00:00,92.8164358737599,17.939667293049304,110.7561031668092
2018-01-14 23:00:00,62.18756457831532,157.06033231346444,219.24789689177976
2018-01-15 00:00:00,33.57712310551459,296.99999960239546,330.57712270791006
2018-01-15 01:00:00,20.76765141130705,0.0,20.76765141130705
2018-01-15 02:00:00,18.167565492999103,0.0,18.167565492999103
2018-01-15 03:00:00,25.876120834975758,1567.9999948907807,1593.8761157257563
2018-01-15 04:00:00,45.068127836484535,0.9999999982398516,46.068127834724386
2018-01-15 05:00:00,77.25438317549919,199.99999961687516,277.2543827923744
2018-01-15 06:00:00,117.70671326537592,15442.126599936324,15559.8333132017
2018-01-15 07:00:00,146.65662926074702,8763.781883242902,8910.43851250365
2018-01-15 08:00:00,196.8048087629057,11734.687094665751,11931.491903428658
2018-01-15 09:00:00,242.54420773961607,17207.10685971667,17449.65106745629
2018-01-15 10:00:00,291.2206253216626,26137.072945844135,26428.2935711658
2018-01-15 11:00:00,324.01431436526855,10306.862141039754,10630.876455405023
2018-01-15 12:00:00,337.54954844935435,17491.612240617418,17829.16178906677
2018-01-15 13:00:00,357.94533226863916,28123.715400196317,28481.66073246496
2018-01-15 14:00:00,362.48158220967287,12317.100121794389,12679.581704004062
2018-01-15 15:00:00,334.22050238215775,8075.323776055381,8409.54427843754
2018-01-15 16:00:00,332.7315233540616,19367.96741317019,19700.69893652425
2018-01-15 17:00:00,299.56753009425813,3010.6430282382885,3310.2105583325465
2018-01-15 18:00:00,255.5885312545069,0.0,255.5885312545069
2018-01-15 19:00:00,223.22926398261626,176.99999959273092,400.2292635753471
2018-01-15 20:00:00,181.6944838893259,467.99999907263674,649.6944829619626
2018-01-15 21:00:00,132.90955345199902,10812.99996934533,10945.909522797328
2018-01-15 22:00:00,95.23035994958889,38585.07384077317,38680.304200722756
2018-01-15 23:00:00,59.04786683891794,20668.92598457668,20727.973851415598
2018-01-16 00:00:00,33.38697734026046,0.0,33.38697734026046
2018-01-16 01:00:00,20.580284231160558,14981.999957513584,15002.580241744743
2018-01-16 02:00:00,17.834917885840625,0.0,17.834917885840625
2018-01-16 03:00:00,26.82526687873515,2449.9999929726705,2476.825259851406
2018-01-16 04:00:00,45.47377736859572,881.9999978153435,927.4737751839392
2018-01-16 05:00:00,74.83901076022153,0.0,74.83901076022153
2018-01-16 06:00:00,113.20478806553221,24442.999926391683,24556.204714457213
2018-01-16 07:00:00,153.00862573935376,14266.999963866729,14420.008589606085
2018-01-16 08:00:00,199.45873227156972,14612.526459368511,14811.98519164008
2018-01-16 09:00:00,248.25018828138144,24328.751565839877,24577.00175412126
2018-01-16 10:00:00,271.926148799152,14807.280238487228,15079.20638728638
2018-01-16 11:00:00,310.64368498801053,17161.525166728596,17472.168851716604
2018-01-16 12:00:00,345.3770758731971,17864.20471210044,18209.581787973635
2018-01-16 13:00:00,353.82261263654186,11613.711582033939,11967.53419467048
2018-01-16 14:00:00,342.31166524737426,10371.383115547145,10713.69478079452
2018-01-16 15:00:00,329.52361739033717,11528.751530551739,11858.275147942079
2018-01-16 16:00:00,334.5019675863193,16516.865242853935,16851.367210440258
2018-01-16 17:00:00,291.40351490556225,3981.999988028797,4273.4035029343595
2018-01-16 18:00:00,259.5418771976573,195.9999993767144,455.5418765743717
2018-01-16 19:00:00,216.3958875574529,203.99999923986508,420.395886797318
2018-01-16 20:00:00,170.34313000469623,8.999999973245894,179.3431299779421
2018-01-16 21:00:00,133.5935428699308,20651.99994945928,20785.593492329208
2018-01-16 22:00:00,88.75673029015697,34126.74231290769,34215.49904319785
2018-01-16 23:00:00,59.34154339861589,25280.25751951737,25339.599062915986
2018-01-17 00:00:00,35.188574882521245,0.0,35.188574882521245
2018-01-17 01:00:00,20.665377584401426,13716.999961682764,13737.665339267163
2018-01-17 02:00:00,16.93152190348011,0.0,16.93152190348011
2018-01-17 03:00:00,25.201813282528953,4997.999984832837,5023.201798115366
2018-01-17 04:00:00,45.123107552854876,0.0,45.123107552854876
2018-01-17 05:00:00,73.92316577999563,6371.999983824127,6445.923149604122
2018-01-17 06:00:00,112.24808495365711,10450.647839651449,10562.895924605105
2018-01-17 07:00:00,158.81146342074965,11991.884074761998,12150.695538182747
2018-01-17 08:00:00,193.20071391951444,20356.111774779354,20549.312488698866
2018-01-17 09:00:00,234.40965719880836,21488.5065269126,21722.91618411141
2018-01-17 10:00:00,283.99511532385446,28908.127146337974,29192.122261661832
2018-01-17 11:00:00,314.46790176144975,10697.515341374641,11011.983243136092
2018-01-17 12:00:00,333.93671148357885,23730.392892738793,24064.329604222374
2018-01-17 13:00:00,351.65234418808063,19464.123813302307,19815.77615749039
2018-01-17 14:00:00,363.5119382073525,20615.72414338393,20979.236081591283
2018-01-17 15:00:00,344.6329933986532,16081.965924443237,16426.59891784189
2018-01-17 16:00:00,321.5039529631439,11417.999971818854,11739.503924781997
2018-01-17 17:00:00,304.46663356415786,2177.9999934746625,2482.46662703882
2018-01-17 18:00:00,262.6887553894054,0.0,262.6887553894054
2018-01-17 19:00:00,218.44426766735785,197.9999994179929,416.44426708535076
2018-01-17 20:00:00,181.305393990388,0.0,181.305393990388
2018-01-17 21:00:00,130.87353196629317,19730.99994368821,19861.873475654498
2018-01-17 22:00:00,93.00798510402139,39331.36846473927,39424.37644984329
2018-01-17 23:00:00,59.981694132021374,20790.631365869427,20850.613060001448
2018-01-18 00:00:00,34.95646731542752,0.0,34.95646731542752
2018-01-18 01:00:00,20.430006480542858,14068.999962239252,14089.429968719796
2018-01-18 02:00:00,17.347691813160868,0.0,17.347691813160868
2018-01-18 03:00:00,25.66496700919881,4115.999990065318,4141.664957074518
2018-01-18 04:00:00,46.40772291840372,0.0,46.40772291840372
2018-01-18 05:00:00,71.68176168157459,98.99999963891064,170.68176132048524
2018-01-18 06:00:00,115.85671583465336,11938.338873626471,12054.195589461126
2018-01-18 07:00:00,150.52387715761066,14919.27633369733,15069.800210854939
2018-01-18 08:00:00,200.37762823608506,20886.737716372365,21087.11534460845
2018-01-18 09:00:00,236.8609911031724,21397.40792843703,21634.268919540205
2018-01-18 10:00:00,281.5808512418451,21068.485594926686,21350.066446168526
2018-01-18 11:00:00,308.5501205607774,8781.00890906501,9089.559029625789
2018-01-18 12:00:00,339.52531787282635,12382.40519723831,12721.930515111135
2018-01-18 13:00:00,353.95857548205015,15835.083890012986,16189.04246549504
2018-01-18 14:00:00,346.9372764726786,13598.8020356618,13945.73931213448
2018-01-18 15:00:00,348.345040548269,10187.934516162157,10536.279556710426
2018-01-18 16:00:00,312.15682223410136,16453.67911008915,16765.83593232325
2018-01-18 17:00:00,312.75034237119155,957.8394248126732,1270.5897671838652
2018-01-18 18:00:00,257.78151913296756,0.0,257.78151913296756
2018-01-18 19:00:00,229.71767861381704,0.0,229.71767861381704
2018-01-18 20:00:00,177.82047088472223,171.66562359122176,349.48609447594396
2018-01-18 21:00:00,138.04400869755642,18628.334324638166,18766.37833333572
2018-01-18 22:00:00,92.49481681020654,32644.849212615132,32737.344029425334
2018-01-18 23:00:00,58.85690597793497,19852.150641311724,19911.00754728966
2018-01-19 00:00:00,34.023334317504506,0.0,34.023334317504506
2018-01-19 01:00:00,20.270253878022366,13291.999961940874,13312.2702158189
2018-01-19 02:00:00,17.254490820880257,0.0,17.254490820880257
2018-01-19 03:00:00,25.207344383347404,2456.955279716175,2482.162624099523
2018-01-19 04:00:00,43.74415527549462,679.0447100913555,722.7888653668501
2018-01-19 05:00:00,74.27462771180075,2655.999993590497,2730.2746213022983
2018-01-19 06:00:00,109.47122095616118,13153.596079630486,13263.06730058665
2018-01-19 07:00:00,153.36478237518173,15130.440417495705,15283.805199870887
2018-01-19 08:00:00,192.90933214559254,31411.530374711314,31604.43970685691
2018-01-19 09:00:00,241.0915324227791,13101.986274203218,13343.077806625997
2018-01-19 10:00:00,286.48891819533856,15354.818630763211,15641.30754895855
2018-01-19 11:00:00,316.6022345350832,17620.863675571774,17937.465910106857
2018-01-19 12:00:00,349.318409589745,17065.191721822255,17414.510131411997
2018-01-19 13:00:00,355.92481683431106,12851.909634979653,13207.834451813964
2018-01-19 14:00:00,363.6604826063222,24081.07837776817,24444.738860374495
2018-01-19 15:00:00,350.5680725010145,15030.793600693449,15381.361673194462
2018-01-19 16:00:00,329.12665880145414,20650.48611186661,20979.612770668064
2018-01-19 17:00:00,291.7513036581815,877.3045669788813,1169.0558706370628
2018-01-19 18:00:00,261.34857293411585,1247.999996223807,1509.3485691579233
2018-01-19 19:00:00,217.80290084304443,5903.999984155691,6121.802884998736
2018-01-19 20:00:00,181.91738137792908,0.0,181.91738137792908
2018-01-19 21:00:00,128.55803560374054,10721.999970799934,10850.558006403677
2018-01-19 22:00:00,89.68361317338625,36431.4168838815,36521.10049705489
2018-01-19 23:00:00,58.87806012659985,28867.58293458085,28926.460994707457
2018-01-20 00:00:00,35.1728841325693,0.0,35.1728841325693
2018-01-20 01:00:00,21.447621023208377,16350.999956120906,16372.447577144116
2018-01-20 02:00:00,17.238435426151298,0.0,17.238435426151298
2018-01-20 03:00:00,27.125877255636386,0.0,27.125877255636386
2018-01-20 04:00:00,45.230016276908664,0.0,45.230016276908664
2018-01-20 05:00:00,76.00778251303964,0.0,76.00778251303964
2018-01-20 06:00:00,114.98168283164657,0.0,114.98168283164657
2018-01-20 07:00:00,153.648204556107,9223.999972739857,9377.648177295965
2018-01-20 08:00:00,197.6494227485981,19295.99994385379,19493.649366602385
2018-01-20 09:00:00,235.13391613107922,179.9999994323931,415.1339155634724
2018-01-20 10:00:00,268.76311185450277,0.0,268.76311185450277
2018-01-20 11:00:00,302.59805177345004,0.0,302.59805177345004
2018-01-20 12:00:00,348.7365698673509,0.0,348.7365698673509
2018-01-20 13:00:00,350.4017513647784,0.0,350.4017513647784
2018-01-20 14:00:00,366.3805370107993,0.0,366.3805370107993
2018-01-20 15:00:00,342.9143650787131,0.0,342.9143650787131
2018-01-20 16:00:00,314.21583594943564,0.0,314.21583594943564
2018-01-20 17:00:00,291.25156127717,0.0,291.25156127717
2018-01-20 18:00:00,255.4828500028769,0.0,255.4828500028769
2018-01-20 19:00:00,211.7725910645778,0.0,211.7725910645778
2018-01-20 20:00:00,182.14528929986085,0.0,182.14528929986085
2018-01-20 21:00:00,131.4532509398558,0.0,131.4532509398558
2018-01-20 22:00:00,95.36491668304923,438.7910391552372,534.1559558382864
2018-01-20 23:00:00,56.49730174872332,896.2089570104529,952.7062587591762
2018-01-21 00:00:00,34.556420618622745,0.0,34.556420618622745
2018-01-21 01:00:00,20.02230848277299,0.0,20.02230848277299
2018-01-21 02:00:00,17.85883843963389,0.0,17.85883843963389
2018-01-21 03:00:00,25.835554624814336,0.0,25.835554624814336
2018-01-21 04:00:00,47.216836252826766,0.0,47.216836252826766
2018-01-21 05:00:00,76.97986789359203,0.0,76.97986789359203
2018-01-21 06:00:00,112.61311242481068,0.0,112.61311242481068
2018-01-21 07:00:00,162.5489876148632,0.0,162.5489876148632
2018-01-21 08:00:00,204.43354814640168,581.9997273879674,786.433275534369
2018-01-21 09:00:00,240.93746120649786,804.0002690118306,1044.9377302183284
2018-01-21 10:00:00,275.387225483301,0.0,275.387225483301
2018-01-21 11:00:00,314.6529140014829,0.0,314.6529140014829
2018-01-21 12:00:00,343.72325372041416,0.0,343.72325372041416
2018-01-21 13:00:00,362.77309176006924,0.0,362.77309176006924
2018-01-21 14:00:00,346.00547098354866,0.0,346.00547098354866
2018-01-21 15:00:00,352.7980128470183,0.0,352.7980128470183
2018-01-21 16:00:00,312.767936181261,0.0,312.767936181261
2018-01-21 17:00:00,294.9767402007958,0.0,294.9767402007958
2018-01-21 18:00:00,268.2247879397868,0.0,268.2247879397868
2018-01-21 19:00:00,213.4656019020457,0.0,213.4656019020457
2018-01-21 20:00:00,178.42279575610206,0.0,178.42279575610206
2018-01-21 21:00:00,127.19303235407173,0.0,127.19303235407173
2018-01-21 22:00:00,91.32151356069068,78.28738857436639,169.60890213505706
2018-01-21 23:00:00,57.43311354870005,159.71261069282136,217.1457242415214
2018-01-22 00:00:00,35.989659583637675,98.99999965965864,134.9896592432963
2018-01-22 01:00:00,20.487344604284417,0.0,20.487344604284417
2018-01-22 02:00:00,17.670060202839153,0.0,17.670060202839153
2018-01-22 03:00:00,25.283152451769766,0.0,25.283152451769766
2018-01-22 04:00:00,47.65232606910722,0.0,47.65232606910722
2018-01-22 05:00:00,74.15560579672562,2563.999994057005,2638.1555998537297
2018-01-22 06:00:00,112.91048893796165,8123.107506113132,8236.017995051094
2018-01-22 07:00:00,151.48109429886495,23664.479541627756,23815.960635926618
2018-01-22 08:00:00,204.42388974059125,22911.41280554179,23115.836695282385
2018-01-22 09:00:00,241.3197719963299,47900.393866153434,48141.71363814976
2018-01-22 10:00:00,281.9266173441712,24787.264377625273,25069.19099496944
2018-01-22 11:00:00,318.70712586238375,14776.85825756713,15095.565383429514
2018-01-22 12:00:00,342.7557247092541,27024.217491292235,27366.97321600149
2018-01-22 13:00:00,346.3327329337379,15383.017975693769,15729.350708627506
2018-01-22 14:00:00,349.66390173679423,19299.96685048964,19649.630752226436
2018-01-22 15:00:00,353.26027276753405,13510.280723924967,13863.5409966925
2018-01-22 16:00:00,343.07912921712165,11507.81763537586,11850.896764592982
2018-01-22 17:00:00,286.9112772626743,270.1823308054716,557.0936080681458
2018-01-22 18:00:00,254.9138670452937,98.99999997038049,353.9138670156742
2018-01-22 19:00:00,222.68032556682124,101.10706474390858,323.7873903107298
2018-01-22 20:00:00,172.22752644406378,987.8929317970208,1160.1204582410844
2018-01-22 21:00:00,133.55400919406492,16115.999954190595,16249.553963384658
2018-01-22 22:00:00,90.95949961695922,31116.20814596011,31207.16764557707
2018-01-22 23:00:00,59.17308547038262,21693.791701077786,21752.96478654816
2018-01-23 00:00:00,35.87373756988781,0.0,35.87373756988781
2018-01-23 01:00:00,19.68850808643813,15904.999956519756,15924.688464606195
2018-01-23 02:00:00,18.196008382143024,0.0,18.196008382143024
2018-01-23 03:00:00,26.59454001758071,0.0,26.59454001758071
2018-01-23 04:00:00,44.533316383566905,3431.9999897880516,3476.533306171619
2018-01-23 05:00:00,76.40876563092158,979.9999975735996,1056.4087632045212
2018-01-23 06:00:00,112.38866179276553,15586.509633949658,15698.898295742423
2018-01-23 07:00:00,146.36712417040297,23952.994027694574,24099.361151864974
2018-01-23 08:00:00,203.34103803405293,24324.725710742423,24528.066748776477
2018-01-23 09:00:00,247.2274741383312,47347.01400502569,47594.24147916402
2018-01-23 10:00:00,274.37828518096353,30313.587055470874,30587.965340651834
2018-01-23 11:00:00,322.15540114369014,19163.755163293274,19485.910564436963
2018-01-23 12:00:00,341.9586053371944,18997.45984032892,19339.41844566611
2018-01-23 13:00:00,365.65005807412444,15815.765349913263,16181.415407987388
2018-01-23 14:00:00,354.3708501264656,15871.479013899421,16225.849864025886
2018-01-23 15:00:00,356.56912248075014,26983.11635873197,27339.685481212724
2018-01-23 16:00:00,322.854665260669,22323.623672804017,22646.478338064684
2018-01-23 17:00:00,296.09856037033325,1801.847010560988,2097.9455709313215
2018-01-23 18:00:00,259.4302373720068,749.1224118577304,1008.5526492297372
2018-01-23 19:00:00,220.70896639256222,0.0,220.70896639256222
2018-01-23 20:00:00,182.88620948070994,395.9999986440132,578.8862081247231
2018-01-23 21:00:00,135.77291681667305,19911.999947171065,20047.77286398774
2018-01-23 22:00:00,93.32455505819031,36141.998704854945,36235.32325991314
2018-01-23 23:00:00,61.10010118644415,30659.00110838976,30720.101209576205
2018-01-24 00:00:00,35.51762395111295,0.0,35.51762395111295
2018-01-24 01:00:00,20.998425081916977,14014.999961647054,14035.998386728972
2018-01-24 02:00:00,17.798650491941693,0.0,17.798650491941693
2018-01-24 03:00:00,25.82427811860718,4409.999988656857,4435.824266775464
2018-01-24 04:00:00,46.40236681605994,1469.9999961531444,1516.4023629692042
2018-01-24 05:00:00,77.26407184287632,135.99999942598626,213.2640712688626
2018-01-24 06:00:00,113.29213357329215,13618.136131558203,13731.428265131495
2018-01-24 07:00:00,155.2366159064697,27411.079992054994,27566.31660796146
2018-01-24 08:00:00,204.81937186102405,19927.7548898549,20132.574261715923
2018-01-24 09:00:00,231.89250885420384,23949.644355624754,24181.536864478956
2018-01-24 10:00:00,281.28272215931986,19001.97462397037,19283.25734612969
2018-01-24 11:00:00,309.2489784001691,14441.422593983363,14750.671572383533
2018-01-24 12:00:00,357.4834357444627,27943.07982963198,28300.56326537644
2018-01-24 13:00:00,345.7515951656744,15510.230752742073,15855.982347907746
2018-01-24 14:00:00,356.24358478152044,7079.982073409486,7436.225658191006
2018-01-24 15:00:00,352.0105175883885,9734.582949701562,10086.59346728995
2018-01-24 16:00:00,327.0459174742881,15680.619102127317,16007.665019601605
2018-01-24 17:00:00,304.45265087058726,647.3916978615015,951.8443487320887
2018-01-24 18:00:00,264.38812383670256,1750.100463612768,2014.4885874494703
2018-01-24 19:00:00,221.91336219506167,196.99999930075268,418.9133614958143
2018-01-24 20:00:00,174.80134110506845,98.99999958778496,273.8013406928534
2018-01-24 21:00:00,132.74222541971162,15546.999955183328,15679.742180603038
2018-01-24 22:00:00,90.45337106570214,36869.35532847616,36959.80869954186
2018-01-24 23:00:00,59.86799470717892,24676.64450051135,24736.51249521853
2018-01-25 00:00:00,35.2282614061383,539.9999982364216,575.2282596425598
2018-01-25 01:00:00,20.27291326852598,14601.999961587406,14622.272874855935
2018-01-25 02:00:00,17.798049990038123,0.0,17.798049990038123
2018-01-25 03:00:00,25.916306838949808,3429.9999899436334,3455.9162967825832
2018-01-25 04:00:00,44.45233501280519,2548.9999938431874,2593.452328855993
2018-01-25 05:00:00,73.60661497383147,0.9999999954212608,74.60661496925273
2018-01-25 06:00:00,112.5894469689075,7718.015760436441,7830.605207405349
2018-01-25 07:00:00,153.64245986563182,18893.784573957142,19047.427033822773
2018-01-25 08:00:00,195.1243528767087,34789.199489100356,34984.323841977064
2018-01-25 09:00:00,254.0269120369819,15956.490786889695,16210.517698926677
2018-01-25 10:00:00,273.7425622784982,24531.049351314083,24804.79191359258
2018-01-25 11:00:00,317.9352169508635,23565.14955051637,23883.084767467233
2018-01-25 12:00:00,338.913327711218,39278.655947012354,39617.56927472357
2018-01-25 13:00:00,333.7400821592712,17293.199819739493,17626.93990189876
2018-01-25 14:00:00,349.6470155828758,25838.669188332235,26188.31620391511
2018-01-25 15:00:00,344.432822331734,19860.10278998175,20204.535612313484
2018-01-25 16:00:00,333.1721208165685,22345.68204458322,22678.85416539979
2018-01-25 17:00:00,311.486844786812,502.99999885058344,814.4868436373955
2018-01-25 18:00:00,262.27891034762746,1084.983862098105,1347.2627724457325
2018-01-25 19:00:00,221.40293388509411,6103.871277399965,6325.274211285059
2018-01-25 20:00:00,178.89340378488396,3755.1448295869664,3934.0382333718503
2018-01-25 21:00:00,137.18670193841575,23295.99993521704,23433.18663715546
2018-01-25 22:00:00,90.68164095910956,37995.636317920034,38086.317958879146
2018-01-25 23:00:00,59.4794417218546,24102.363513521475,24161.84295524333
2018-01-26 00:00:00,34.6415746142291,0.0,34.6415746142291
2018-01-26 01:00:00,21.05978798737177,18805.99994973913,18827.0597377265
2018-01-26 02:00:00,17.802744459609613,96.99999961739351,114.80274407700313
2018-01-26 03:00:00,26.416791172999403,7729.908579965166,7756.325371138166
2018-01-26 04:00:00,45.78449968464629,160.09139763659968,205.875897321246
2018-01-26 05:00:00,73.0517067706125,0.0,73.0517067706125
2018-01-26 06:00:00,114.26024535685539,10741.76114317249,10856.021388529345
2018-01-26 07:00:00,160.34642946938482,27848.3383683661,28008.684797835485
2018-01-26 08:00:00,197.22396015417053,34934.481554752354,35131.70551490653
2018-01-26 09:00:00,242.6604319750934,23249.729839125168,23492.390271100263
2018-01-26 10:00:00,280.0986975361973,25094.455450166155,25374.55414770235
2018-01-26 11:00:00,315.78692632257264,9164.669835300807,9480.456761623378
2018-01-26 12:00:00,350.4369732310528,12446.99381143579,12797.430784666845
2018-01-26 13:00:00,340.90877116016804,27156.636811512413,27497.545582672585
2018-01-26 14:00:00,353.5517805858502,13047.605280190033,13401.157060775884
2018-01-26 15:00:00,350.3359778868944,21455.367745056006,21805.7037229429
2018-01-26 16:00:00,337.5275804517961,23320.94316429078,23658.470744742575
2018-01-26 17:00:00,298.74843942159,239.0163691751054,537.7648085966954
2018-01-26 18:00:00,251.68290118816836,1160.9999960129887,1412.682897201157
2018-01-26 19:00:00,220.6021838440362,0.0,220.6021838440362
2018-01-26 20:00:00,172.00999724420257,1286.9999975164737,1459.0099947606761
2018-01-26 21:00:00,137.3457120442224,22350.99993592572,22488.34564796994
2018-01-26 22:00:00,95.24782916899696,34490.38768914873,34585.63551831774
2018-01-26 23:00:00,59.4133889177008,26488.61213699049,26548.025525908193
2018-01-27 00:00:00,34.96831014594308,707.9999983707382,742.9683085166813
2018-01-27 01:00:00,19.807457582330716,14036.999962827933,14056.807420410263
2018-01-27 02:00:00,18.224765164223502,0.0,18.224765164223502
2018-01-27 03:00:00,27.270478476593624,0.0,27.270478476593624
2018-01-27 04:00:00,46.69060360126024,0.0,46.69060360126024
2018-01-27 05:00:00,73.37722600969335,0.0,73.37722600969335
2018-01-27 06:00:00,106.5027548883149,0.0,106.5027548883149
2018-01-27 07:00:00,152.45477330809214,0.0,152.45477330809214
2018-01-27 08:00:00,199.39564507613036,0.0,199.39564507613036
2018-01-27 09:00:00,241.36020702929545,98.99999984400746,340.36020687330284
2018-01-27 10:00:00,293.35127578305827,0.0,293.35127578305827
2018-01-27 11:00:00,317.44396345936406,0.0,317.44396345936406
2018-01-27 12:00:00,336.2780738790415,0.0,336.2780738790415
2018-01-27 13:00:00,364.8564039607154,0.0,364.8564039607154
2018-01-27 14:00:00,355.32029899673404,2159.9999951884324,2515.320294185167
2018-01-27 15:00:00,357.7061600370373,539.999997731154,897.7061577681914
2018-01-27 16:00:00,326.13587908998943,0.0,326.13587908998943
2018-01-27 17:00:00,306.14806144139345,0.0,306.14806144139345
2018-01-27 18:00:00,256.71087212226246,0.0,256.71087212226246
2018-01-27 19:00:00,224.44481644312827,0.0,224.44481644312827
2018-01-27 20:00:00,171.4326512979493,0.0,171.4326512979493
2018-01-27 21:00:00,133.27530419357473,1024.9999974548225,1158.2753016483973
2018-01-27 22:00:00,87.60354890374853,854.1792114920211,941.7827603957696
2018-01-27 23:00:00,61.3068163729761,1629.820780701683,1691.1275970746588
2018-01-28 00:00:00,34.11662688594302,0.0,34.11662688594302
2018-01-28 01:00:00,21.527789632348153,0.0,21.527789632348153
2018-01-28 02:00:00,17.891140548540676,0.0,17.891140548540676
2018-01-28 03:00:00,25.667170044626857,0.0,25.667170044626857
2018-01-28 04:00:00,47.35929615818131,0.0,47.35929615818131
2018-01-28 05:00:00,74.40107547631821,0.0,74.40107547631821
2018-01-28 06:00:00,111.21033092602073,0.0,111.21033092602073
2018-01-28 07:00:00,156.66550385414558,0.0,156.66550385414558
2018-01-28 08:00:00,197.7703723591218,0.0,197.7703723591218
2018-01-28 09:00:00,229.57534568775156,0.0,229.57534568775156
2018-01-28 10:00:00,282.5912617480108,0.0,282.5912617480108
2018-01-28 11:00:00,314.0929659912895,0.0,314.0929659912895
2018-01-28 12:00:00,337.87304704511195,0.0,337.87304704511195
2018-01-28 13:00:00,337.95747797861816,0.0,337.95747797861816
2018-01-28 14:00:00,355.1762969651546,0.0,355.1762969651546
2018-01-28 15:00:00,340.59268491159,0.0,340.59268491159
2018-01-28 16:00:00,322.51274022190006,97.99999990853378,420.5127401304338
2018-01-28 17:00:00,311.03916500421974,0.0,311.03916500421974
2018-01-28 18:00:00,265.1035799642204,0.0,265.1035799642204
2018-01-28 19:00:00,214.64621452239248,0.0,214.64621452239248
2018-01-28 20:00:00,179.5771007310736,0.0,179.5771007310736
2018-01-28 21:00:00,134.51833954165858,0.0,134.51833954165858
2018-01-28 22:00:00,94.55556630213447,354.3352384428068,448.8908047449413
2018-01-28 23:00:00,59.975669938797374,328.6647595939176,388.640429532715
2018-01-29 00:00:00,35.786412427776945,0.0,35.786412427776945
2018-01-29 01:00:00,20.174394700455778,0.0,20.174394700455778
2018-01-29 02:00:00,18.114368176758965,0.0,18.114368176758965
2018-01-29 03:00:00,26.846054028142923,3135.999990920101,3162.8460449482445
2018-01-29 04:00:00,45.725526405977426,587.9999981899998,633.7255245959772
2018-01-29 05:00:00,72.7039961469712,98.99999969789688,171.70399584486807
2018-01-29 06:00:00,114.82777317906474,25358.901043987782,25473.728817166848
2018-01-29 07:00:00,149.4605627012687,15548.328069678983,15697.788632380249
2018-01-29 08:00:00,200.35552846835546,31040.654578019,31241.010106487345
2018-01-29 09:00:00,235.85415340435287,26815.807391053233,27051.661544457584
2018-01-29 10:00:00,281.93377522051804,21746.499537032854,22028.43331225338
2018-01-29 11:00:00,307.7535756463067,15156.03232435993,15463.785900006242
2018-01-29 12:00:00,336.7458594677529,23924.15758589439,24260.90344536214
2018-01-29 13:00:00,349.1399808898301,31689.569362026836,32038.70934291667
2018-01-29 14:00:00,362.31875700337827,7734.0495629830075,8096.368319986384
2018-01-29 15:00:00,350.3881618404098,14564.23026866784,14914.61843050825
2018-01-29 16:00:00,335.22723241180825,27037.61409255212,27372.841324963927
2018-01-29 17:00:00,294.072809276561,3665.155510000078,3959.228319276639
2018-01-29 18:00:00,254.94620641125073,158.99999957020043,413.94620598145116
2018-01-29 19:00:00,211.27515275942108,593.9999982906219,805.275151050043
2018-01-29 20:00:00,178.50787331772477,1484.9999957489115,1663.507869066636
2018-01-29 21:00:00,133.3155960525423,10753.999970587554,10887.315566640096
2018-01-29 22:00:00,96.23273576502692,34787.478464759806,34883.711200524835
2018-01-29 23:00:00,61.988085768409064,30303.52136058751,30365.509446355918
2018-01-30 00:00:00,34.822131571225086,102.4412930523472,137.2634246235723
2018-01-30 01:00:00,20.294401563189414,13392.558667045689,13412.853068608878
2018-01-30 02:00:00,17.421243164141952,0.0,17.421243164141952
2018-01-30 03:00:00,26.738762192646064,0.0,26.738762192646064
2018-01-30 04:00:00,46.77615298675583,0.0,46.77615298675583
2018-01-30 05:00:00,75.97048479510903,6058.375303476803,6134.345788271912
2018-01-30 06:00:00,111.61633626260809,10429.247861191183,10540.86419745379
2018-01-30 07:00:00,157.14868984446315,17649.115205556565,17806.263895401033
2018-01-30 08:00:00,196.85236229608847,43519.83707303651,43716.689435332606
2018-01-30 09:00:00,239.6774248235273,31249.564307249122,31489.24173207265
2018-01-30 10:00:00,277.82844198253207,34346.78604468277,34624.6144866653
2018-01-30 11:00:00,327.09969719519484,14757.364704955926,15084.46440215112
2018-01-30 12:00:00,335.6374662411811,23887.305490961757,24222.942957202937
2018-01-30 13:00:00,359.63216235379497,31329.55406745102,31689.18622980481
2018-01-30 14:00:00,360.7091756398337,18623.500497857425,18984.20967349726
2018-01-30 15:00:00,349.6467449074863,28355.94522684605,28705.59197175354
2018-01-30 16:00:00,338.46974334069193,19082.961865912974,19421.431609253665
2018-01-30 17:00:00,298.9678601582851,502.44156453628193,801.4094246945671
2018-01-30 18:00:00,261.6497946756029,2673.573717126369,2935.2235118019717
2018-01-30 19:00:00,226.19074275757768,2256.757717398443,2482.9484601560207
2018-01-30 20:00:00,170.39413734118165,71.66855259144747,242.06268993262913
2018-01-30 21:00:00,131.5123290326954,19110.9999482321,19242.512277264792
2018-01-30 22:00:00,92.75939590089618,33112.519502635274,33205.27889853617
2018-01-30 23:00:00,56.30677942028794,28734.4803171322,28790.78709655249
2018-01-31 00:00:00,35.807416656219914,0.0,35.807416656219914
2018-01-31 01:00:00,20.367518066918407,15660.99995369594,15681.367471762858
2018-01-31 02:00:00,17.61784609103066,0.0,17.61784609103066
2018-01-31 03:00:00,26.5953044655803,0.0,26.5953044655803
2018-01-31 04:00:00,44.18155147575699,5444.436308312796,5488.617859788554
2018-01-31 05:00:00,77.86884373995935,142.56367570659827,220.43251944655762
2018-01-31 06:00:00,109.18640733763175,15372.734674304114,15481.921081641744
2018-01-31 07:00:00,153.9784784392504,23044.929718125655,23198.908196564906
2018-01-31 08:00:00,204.8458013121476,25332.49852318533,25537.34432449748
2018-01-31 09:00:00,233.36885117164516,27732.8119259301,27966.180777101745
2018-01-31 10:00:00,280.79103818948806,23512.82438798043,23793.615426169912
2018-01-31 11:00:00,307.76662502938643,22427.281442193143,22735.04806722253
2018-01-31 12:00:00,334.25587776522696,17841.62770505663,18175.883582821858
2018-01-31 13:00:00,362.4456591344683,20024.907479575228,20387.353138709695
2018-01-31 14:00:00,350.78226140005484,23460.96818122456,23811.750442624616
2018-01-31 15:00:00,347.99069268830283,26822.269218771995,27170.259911460296
2018-01-31 16:00:00,328.8887276867172,17973.16452409007,18302.053251776786
2018-01-31 17:00:00,290.59735148877985,3290.9815403513176,3581.578891840097
2018-01-31 18:00:00,261.01908640497476,1871.9999947025194,2133.019081107494
2018-01-31 19:00:00,226.82918045879757,772.8546031472276,999.6837836060253
2018-01-31 20:00:00,173.1712728890114,694.3766020856444,867.5478749746559
2018-01-31 21:00:00,132.9339604708435,20218.768732263503,20351.702692734347
2018-01-31 22:00:00,92.10988457390829,63569.10627176429,63661.2161563382
2018-01-31 23:00:00,59.508634084505864,70967.89334839015,71027.40198247466
2018-02-01 00:00:00,35.32701580501708,0.0,35.32701580501708
2018-02-01 01:00:00,20.162186286912863,18787.999948313027,18808.16213459994
2018-02-01 02:00:00,17.381039916314418,0.0,17.381039916314418
2018-02-01 03:00:00,26.60714340491253,3331.9999917194136,3358.607135124326
2018-02-01 04:00:00,45.28914200111774,1567.9999965342513,1613.2891385353691
2018-02-01 05:00:00,77.09167398517428,1187.9999973472804,1265.0916713324546
2018-02-01 06:00:00,114.31506820118543,12394.882635361822,12509.197703563008
2018-02-01 07:00:00,155.4808317186753,24432.956887993503,24588.43771971218
2018-02-01 08:00:00,192.23337559754935,25036.705929373682,25228.93930497123
2018-02-01 09:00:00,246.85125598816023,39558.06464750813,39804.915903496294
2018-02-01 10:00:00,277.69558273234213,33769.81426233571,34047.50984506806
2018-02-01 11:00:00,301.3186396683722,16278.986293660088,16580.304933328458
2018-02-01 12:00:00,340.79509101465317,18016.462322402782,18357.257413417436
2018-02-01 13:00:00,343.35797005735026,21286.405644018912,21629.763614076262
2018-02-01 14:00:00,351.62540061751747,24672.17924142929,25023.80464204681
2018-02-01 15:00:00,351.3675292269612,22553.357660434882,22904.72518966184
2018-02-01 16:00:00,333.9008543887792,37510.671375819176,37844.57223020795
2018-02-01 17:00:00,293.15247003188335,1131.1036835673954,1424.2561535992786
2018-02-01 18:00:00,250.4404404544564,8571.785540422185,8822.225980876641
2018-02-01 19:00:00,215.3514432832489,407.62306558965076,622.9745088728996
2018-02-01 20:00:00,169.32281539577627,98.99999958690992,268.32281498268617
2018-02-01 21:00:00,133.00662984853378,21514.999936146352,21648.006565994885
2018-02-01 22:00:00,96.07558281442351,34156.750135120434,34252.825717934866
2018-02-01 23:00:00,60.920383174812486,20884.24971292481,20945.17009609963
2018-02-02 00:00:00,34.79629994787056,0.0,34.79629994787056
2018-02-02 01:00:00,21.330539578107754,16777.999949031997,16799.3304886101
2018-02-02 02:00:00,17.460578744244884,0.0,17.460578744244884
2018-02-02 03:00:00,26.16255549849089,6812.999980900573,6839.162536399064
2018-02-02 04:00:00,45.34942983993804,782.9999985414026,828.3494283813408
2018-02-02 05:00:00,77.54992206428949,3591.9999905885907,3669.5499126528803
2018-02-02 06:00:00,114.6251616003166,11117.320991044051,11231.94615264437
2018-02-02 07:00:00,152.1666429857535,32928.73108056339,33080.89772354914
2018-02-02 08:00:00,199.2976388352039,25585.0544139428,25784.352052778002
2018-02-02 09:00:00,237.37378540994428,21611.954141052705,21849.327926462647
2018-02-02 10:00:00,271.56170884036715,27024.02829529852,27295.59000413889
2018-02-02 11:00:00,313.17824778456793,15777.855663973489,16091.033911758059
2018-02-02 12:00:00,340.5720639147229,21300.999578307594,21641.57164222232
2018-02-02 13:00:00,367.24141478278733,13702.411188296239,14069.652603079026
2018-02-02 14:00:00,355.6072718931923,16231.244589554044,16586.851861447234
2018-02-02 15:00:00,353.06765704213046,6528.39953123963,6881.46718828176
2018-02-02 16:00:00,322.7531156323961,29713.999913643624,30036.75302927602
2018-02-02 17:00:00,283.6370821815458,292.99999960374976,576.6370817852955
2018-02-02 18:00:00,261.6504320558547,639.9999984335507,901.6504304894054
2018-02-02 19:00:00,223.36826771555522,0.0,223.36826771555522
2018-02-02 20:00:00,173.4979521042431,0.0,173.4979521042431
2018-02-02 21:00:00,129.8545732014017,15709.999957690678,15839.854530892082
2018-02-02 22:00:00,88.95084802601477,39025.388032916955,39114.33888094297
2018-02-02 23:00:00,61.43606544728569,30392.61177386628,30454.047839313556
2018-02-03 00:00:00,33.10345703253714,98.9999995037432,132.10345653628036
2018-02-03 01:00:00,20.973671820623853,18048.999948418765,18069.973620239387
2018-02-03 02:00:00,18.150825789744474,0.0,18.150825789744474
2018-02-03 03:00:00,27.67584576764741,0.0,27.67584576764741
2018-02-03 04:00:00,45.73077123315191,0.0,45.73077123315191
2018-02-03 05:00:00,76.51689122430626,0.0,76.51689122430626
2018-02-03 06:00:00,114.06733780532187,0.0,114.06733780532187
2018-02-03 07:00:00,154.3735682439236,0.0,154.3735682439236
2018-02-03 08:00:00,201.3228569520491,97.99999979240664,299.32285674445575
2018-02-03 09:00:00,248.37888752456877,1.9999999991008828,250.37888752366965
2018-02-03 10:00:00,279.8508303582745,0.0,279.8508303582745
2018-02-03 11:00:00,305.8900527138974,0.0,305.8900527138974
2018-02-03 12:00:00,329.94641587357444,0.0,329.94641587357444
2018-02-03 13:00:00,356.92618268255166,0.0,356.92618268255166
2018-02-03 14:00:00,352.92428260586894,0.0,352.92428260586894
2018-02-03 15:00:00,332.3437046780175,0.0,332.3437046780175
2018-02-03 16:00:00,322.19961025307884,0.0,322.19961025307884
2018-02-03 17:00:00,300.1422534238758,0.0,300.1422534238758
2018-02-03 18:00:00,271.9465178388625,0.0,271.9465178388625
2018-02-03 19:00:00,219.79337764263346,0.0,219.79337764263346
2018-02-03 20:00:00,176.86917833456414,0.0,176.86917833456414
2018-02-03 21:00:00,129.07826218586223,0.0,129.07826218586223
2018-02-03 22:00:00,93.82114358851175,162.12187827100183,255.94302185951358
2018-02-03 23:00:00,59.82461051427171,356.8781202589759,416.70273077324765
2018-02-04 00:00:00,36.06954359991372,0.0,36.06954359991372
2018-02-04 01:00:00,21.052818581498798,0.0,21.052818581498798
2018-02-04 02:00:00,17.62232899394818,0.0,17.62232899394818
2018-02-04 03:00:00,26.093678338437606,0.0,26.093678338437606
2018-02-04 04:00:00,46.00479876593962,0.0,46.00479876593962
2018-02-04 05:00:00,78.69271243349213,0.0,78.69271243349213
2018-02-04 06:00:00,117.45616016774662,0.0,117.45616016774662
2018-02-04 07:00:00,156.36071618108198,0.0,156.36071618108198
2018-02-04 08:00:00,207.0595116987804,0.0,207.0595116987804
2018-02-04 09:00:00,249.40176117986312,52.0,301.4017611798631
2018-02-04 10:00:00,284.63113315805674,0.0,284.63113315805674
2018-02-04 11:00:00,309.846032228721,179.99999953283856,489.8460317615595
2018-02-04 12:00:00,340.03205636323423,0.0,340.03205636323423
2018-02-04 13:00:00,347.58713469068726,0.0,347.58713469068726
2018-02-04 14:00:00,372.2361585816918,0.0,372.2361585816918
2018-02-04 15:00:00,347.56587598677754,0.0,347.56587598677754
2018-02-04 16:00:00,339.04905970732204,0.0,339.04905970732204
2018-02-04 17:00:00,298.85170986300966,0.0,298.85170986300966
2018-02-04 18:00:00,266.62743297528397,0.0,266.62743297528397
2018-02-04 19:00:00,220.45939504328504,1665.9999950836182,1886.4593901269031
2018-02-04 20:00:00,173.51950533353687,7251.99998016228,7425.519485495817
2018-02-04 21:00:00,131.657917924557,2787.2494189505555,2918.907336875113
2018-02-04 22:00:00,94.54705317403568,273.0340667361262,367.5811199101619
2018-02-04 23:00:00,61.40295895958813,506.7165046512797,568.1194636108679
2018-02-05 00:00:00,34.55771301582281,0.0,34.55771301582281
2018-02-05 01:00:00,21.021804175164647,0.0,21.021804175164647
2018-02-05 02:00:00,17.87659941606163,0.0,17.87659941606163
2018-02-05 03:00:00,26.274666838561707,1861.9999942766865,1888.2746611152484
2018-02-05 04:00:00,44.903833165456774,685.9999985575541,730.903831723011
2018-02-05 05:00:00,74.61154561679223,899.999998163783,974.6115437805752
2018-02-05 06:00:00,110.24952798457605,11700.15073324196,11810.400261226536
2018-02-05 07:00:00,156.6623013457832,25168.357281982808,25325.01958332859
2018-02-05 08:00:00,194.98523877694493,20381.570276625185,20576.555515402128
2018-02-05 09:00:00,232.48758449505166,30243.430141164707,30475.917725659754
2018-02-05 10:00:00,285.77534254755557,33544.91976149984,33830.695104047394
2018-02-05 11:00:00,300.84584070558947,18924.880199702973,19225.72604040856
2018-02-05 12:00:00,337.58424283735087,27053.405263333905,27390.989506171256
2018-02-05 13:00:00,358.264918208524,18278.698995273036,18636.96391348156
2018-02-05 14:00:00,372.35206742194237,17003.797172287843,17376.149239709783
2018-02-05 15:00:00,346.7459220190641,15665.473247575284,16012.219169594347
2018-02-05 16:00:00,344.471095378913,20609.162092420775,20953.633187799685
2018-02-05 17:00:00,305.32793063189433,5678.154147063065,5983.482077694959
2018-02-05 18:00:00,274.43553408432143,1187.9999953584652,1462.435529442787
2018-02-05 19:00:00,224.03065088460198,626.4535748860612,850.4842257706632
2018-02-05 20:00:00,176.2339738121674,3321.546414544273,3497.78038835644
2018-02-05 21:00:00,130.1371296083795,14511.9999607106,14642.13709031898
2018-02-05 22:00:00,90.83002816614959,35928.04170346063,36018.87173162678
2018-02-05 23:00:00,60.0706773543307,29273.95811673832,29334.02879409265
2018-02-06 00:00:00,36.48429061949446,1179.9999963026364,1216.4842869221309
2018-02-06 01:00:00,21.128690720745638,14954.999956542806,14976.128647263551
2018-02-06 02:00:00,17.347202723358826,0.0,17.347202723358826
2018-02-06 03:00:00,26.535412132333754,0.0,26.535412132333754
2018-02-06 04:00:00,46.07751460194348,0.0,46.07751460194348
2018-02-06 05:00:00,74.42916831931555,4181.042497777276,4255.471666096591
2018-02-06 06:00:00,112.12993701438086,4075.2077354252283,4187.337672439609
2018-02-06 07:00:00,157.3561426430147,35524.70387760445,35682.06002024746
2018-02-06 08:00:00,189.25752664233215,20515.421809250834,20704.679335893168
2018-02-06 09:00:00,240.0482193816071,30214.921977635167,30454.97019701678
2018-02-06 10:00:00,281.2014746656206,38207.50625500095,38488.70772966657
2018-02-06 11:00:00,321.78490563297134,25373.722962472715,25695.507868105688
2018-02-06 12:00:00,347.7138586098283,13006.950584825834,13354.664443435664
2018-02-06 13:00:00,369.6651072899916,29033.988017859396,29403.653125149387
2018-02-06 14:00:00,369.8357719594404,15155.256373539502,15525.092145498944
2018-02-06 15:00:00,347.3541230922707,15945.270555432819,16292.624678525091
2018-02-06 16:00:00,321.85440030184606,22798.241990103877,23120.09639040572
2018-02-06 17:00:00,301.9859678014934,3067.7646397738827,3369.7506075753763
2018-02-06 18:00:00,259.14854714629763,300.9999990762974,560.148546222595
2018-02-06 19:00:00,216.07526802682355,0.0,216.07526802682355
2018-02-06 20:00:00,184.00765945670332,0.0,184.00765945670332
2018-02-06 21:00:00,131.31656233172652,16591.99995366806,16723.316515999784
2018-02-06 22:00:00,91.05112341115256,34107.51587257076,34198.566995981906
2018-02-06 23:00:00,61.1549265927403,30928.483950870068,30989.63887746281
2018-02-07 00:00:00,33.31753089509712,0.0,33.31753089509712
2018-02-07 01:00:00,20.350031334446516,13699.99996018338,13720.349991517825
2018-02-07 02:00:00,17.709408356520903,0.0,17.709408356520903
2018-02-07 03:00:00,26.608231879553216,0.0,26.608231879553216
2018-02-07 04:00:00,44.19936732444939,0.0,44.19936732444939
2018-02-07 05:00:00,75.45260236303548,0.0,75.45260236303548
2018-02-07 06:00:00,111.1361798451515,19810.04754862279,19921.18372846794
2018-02-07 07:00:00,156.39808573017757,15007.952354901818,15164.350440631997
2018-02-07 08:00:00,190.82322282887696,11522.730785772615,11713.554008601492
2018-02-07 09:00:00,240.55693700691128,15495.839161064496,15736.396098071407
2018-02-07 10:00:00,272.1698217190311,24349.333881839924,24621.503703558956
2018-02-07 11:00:00,318.3601845133156,33891.13906692639,34209.49925143971
2018-02-07 12:00:00,330.30448010523526,30770.1550875244,31100.45956762963
2018-02-07 13:00:00,363.2632638965589,24725.451920178293,25088.71518407485
2018-02-07 14:00:00,350.5111619318142,17924.85302044641,18275.364182378224
2018-02-07 15:00:00,364.67300337597766,23821.492917308795,24186.16592068477
2018-02-07 16:00:00,337.73055375903436,24145.252045651858,24482.98259941089
2018-02-07 17:00:00,284.8327801847771,6257.530522220885,6542.363302405662
2018-02-07 18:00:00,266.63597266103454,3850.959778409798,4117.595751070833
2018-02-07 19:00:00,229.30176674018514,828.2611993729329,1057.562966113118
2018-02-07 20:00:00,177.99246662072474,207.99999978053737,385.99246640126205
2018-02-07 21:00:00,129.842470434657,18650.99994655849,18780.84241699315
2018-02-07 22:00:00,91.00014358657276,39263.70898073158,39354.70912431815
2018-02-07 23:00:00,61.06245722976139,33593.29081953337,33654.35327676313
2018-02-08 00:00:00,35.007790561310465,0.0,35.007790561310465
2018-02-08 01:00:00,19.98864851894107,15759.999953545845,15779.988602064783
2018-02-08 02:00:00,18.652994939582243,0.0,18.652994939582243
2018-02-08 03:00:00,25.139913471394863,0.0,25.139913471394863
2018-02-08 04:00:00,45.67971234253975,0.0,45.67971234253975
2018-02-08 05:00:00,71.3965833975992,3919.9999892451087,3991.396572642708
2018-02-08 06:00:00,111.1561242847267,12051.443588058166,12162.599712342892
2018-02-08 07:00:00,147.90498643116194,7811.651713425569,7959.556699856731
2018-02-08 08:00:00,194.2004446871058,22489.40876527576,22683.609209962862
2018-02-08 09:00:00,242.78084852480112,24654.048260808137,24896.82910933294
2018-02-08 10:00:00,278.09463145506896,27059.675965735354,27337.770597190425
2018-02-08 11:00:00,316.6265152428481,28824.217132281898,29140.843647524747
2018-02-08 12:00:00,348.5528236483162,22273.85311983481,22622.40594348313
2018-02-08 13:00:00,350.9902898408992,18973.50379600114,19324.49408584204
2018-02-08 14:00:00,342.9566825243968,26527.11638860579,26870.073071130188
2018-02-08 15:00:00,337.8191994672005,21334.080668178176,21671.899867645374
2018-02-08 16:00:00,332.9016557839246,25891.999924281903,26224.90158006583
2018-02-08 17:00:00,289.5162583548537,3508.503883293651,3798.0201416485043
2018-02-08 18:00:00,256.56956052905826,986.4961046328988,1243.0656651619572
2018-02-08 19:00:00,216.42243484693378,197.99999907893016,414.42243392586397
2018-02-08 20:00:00,176.16143854555767,292.67384210706945,468.8352806526271
2018-02-08 21:00:00,133.25653818368994,19852.32610228061,19985.582640464298
2018-02-08 22:00:00,91.95239308618568,39765.92923887557,39857.881631961754
2018-02-08 23:00:00,58.74639597044455,29750.070570678887,29808.81696664933
2018-02-09 00:00:00,34.23026489308491,0.0,34.23026489308491
2018-02-09 01:00:00,20.04875999342305,11985.999966815878,12006.0487268093
2018-02-09 02:00:00,18.49550437476522,0.0,18.49550437476522
2018-02-09 03:00:00,27.110183735418353,0.0,27.110183735418353
2018-02-09 04:00:00,45.512681546663146,0.0,45.512681546663146
2018-02-09 05:00:00,74.5154330926741,0.0,74.5154330926741
2018-02-09 06:00:00,108.33205539813814,24752.99993098763,24861.331986385765
2018-02-09 07:00:00,150.50087705737846,12789.27973517016,12939.780612227536
2018-02-09 08:00:00,200.40077074239906,18948.86713057325,19149.267901315652
2018-02-09 09:00:00,243.98503440852124,44357.784141610624,44601.769176019145
2018-02-09 10:00:00,283.0242016867051,38748.37554481411,39031.399746500814
2018-02-09 11:00:00,311.80828114856297,31744.33985466837,32056.148135816937
2018-02-09 12:00:00,326.3970538355301,28979.056414221635,29305.453468057167
2018-02-09 13:00:00,362.0646678815563,29557.515725961035,29919.58039384259
2018-02-09 14:00:00,357.56510470450655,28685.93401393407,29043.499118638574
2018-02-09 15:00:00,350.9516024240365,16352.412219964208,16703.363822388244
2018-02-09 16:00:00,328.11199243885176,28935.87048883579,29263.98248127464
2018-02-09 17:00:00,291.3311271866637,1956.5639399406127,2247.8950671272764
2018-02-09 18:00:00,265.2988522381743,883.9999974164966,1149.298849654671
2018-02-09 19:00:00,217.97660115641867,391.9999994604095,609.9766006168281
2018-02-09 20:00:00,179.04960587040154,0.0,179.04960587040154
2018-02-09 21:00:00,127.15479307115984,13612.99996005618,13740.154753127339
2018-02-09 22:00:00,88.17579400690681,41469.7047129372,41557.88050694411
2018-02-09 23:00:00,60.76319563533701,38780.29505749026,38841.05825312559
2018-02-10 00:00:00,35.50292079352389,0.0,35.50292079352389
2018-02-10 01:00:00,20.33560826085914,16898.999952343635,16919.335560604493
2018-02-10 02:00:00,17.332267284026365,98.99999954700318,116.33226683102954
2018-02-10 03:00:00,26.17153597834004,11936.917522011056,11963.089057989397
2018-02-10 04:00:00,47.1480148750908,11866.924910463618,11914.07292533871
2018-02-10 05:00:00,76.84396617337694,17631.004541354705,17707.84850752808
2018-02-10 06:00:00,111.56684535310714,40016.807241653696,40128.3740870068
2018-02-10 07:00:00,156.38877475272466,27636.42248855226,27792.811263304982
2018-02-10 08:00:00,197.47505423565204,9649.509087745355,9846.984141981007
2018-02-10 09:00:00,233.88635870070388,5092.413862620817,5326.30022132152
2018-02-10 10:00:00,267.33982043444615,3721.129477286555,3988.4692977210016
2018-02-10 11:00:00,314.8155049133886,10867.870477407669,11182.685982321054
2018-02-10 12:00:00,333.4514657993436,0.0,333.4514657993436
2018-02-10 13:00:00,361.11125903282493,1574.0512419403801,1935.162500973205
2018-02-10 14:00:00,339.5268940780535,4697.948739811572,5037.475633889626
2018-02-10 15:00:00,340.45578135592325,0.0,340.45578135592325
2018-02-10 16:00:00,340.76297431843045,0.0,340.76297431843045
2018-02-10 17:00:00,293.941632631959,0.0,293.941632631959
2018-02-10 18:00:00,269.31259739011904,1969.99999473602,2239.312592126139
2018-02-10 19:00:00,219.43753956394738,0.0,219.43753956394738
2018-02-10 20:00:00,184.99651617861474,0.0,184.99651617861474
2018-02-10 21:00:00,135.3060315577428,0.0,135.3060315577428
2018-02-10 22:00:00,87.72613853836194,443.55815728105966,531.2842958194216
2018-02-10 23:00:00,59.024456641185246,852.4418397373415,911.4662963785267
2018-02-11 00:00:00,33.97435408595182,0.0,33.97435408595182
2018-02-11 01:00:00,19.988782666361857,0.0,19.988782666361857
2018-02-11 02:00:00,17.710308954254785,0.0,17.710308954254785
2018-02-11 03:00:00,25.99115496362753,0.0,25.99115496362753
2018-02-11 04:00:00,46.16626753999243,0.0,46.16626753999243
2018-02-11 05:00:00,76.46626341812234,0.0,76.46626341812234
2018-02-11 06:00:00,111.40155204427543,0.0,111.40155204427543
2018-02-11 07:00:00,153.20539450751437,0.0,153.20539450751437
2018-02-11 08:00:00,199.38424456472916,179.99999930431915,379.3842438690483
2018-02-11 09:00:00,238.0822413116056,0.0,238.0822413116056
2018-02-11 10:00:00,292.0076365843149,0.0,292.0076365843149
2018-02-11 11:00:00,314.70043422238507,0.0,314.70043422238507
2018-02-11 12:00:00,335.1872925001985,0.0,335.1872925001985
2018-02-11 13:00:00,348.53611361269407,0.0,348.53611361269407
2018-02-11 14:00:00,353.6172250625176,1959.9999935754536,2313.6172186379713
2018-02-11 15:00:00,355.94074292027585,0.0,355.94074292027585
2018-02-11 16:00:00,322.8456664237517,0.0,322.8456664237517
2018-02-11 17:00:00,292.2779921539583,0.0,292.2779921539583
2018-02-11 18:00:00,249.69234740566446,0.0,249.69234740566446
2018-02-11 19:00:00,210.92636459118592,0.0,210.92636459118592
2018-02-11 20:00:00,168.9679787170564,2681.999991998178,2850.9679707152345
2018-02-11 21:00:00,127.48472023923597,0.0,127.48472023923597
2018-02-11 22:00:00,94.62540855245457,97.73239313268203,192.35780168513662
2018-02-11 23:00:00,56.50815564929035,14879.267564657985,14935.775720307274
2018-02-12 00:00:00,35.0623070863092,494.9999990676845,530.0623061539936
2018-02-12 01:00:00,21.08821459778639,0.0,21.08821459778639
2018-02-12 02:00:00,17.78859392671733,0.0,17.78859392671733
2018-02-12 03:00:00,26.401534715639215,2351.999992950265,2378.4015276659043
2018-02-12 04:00:00,46.67757317431364,293.9999993122172,340.67757248653083
2018-02-12 05:00:00,77.2574319211243,294.9999993063659,372.2574312274902
2018-02-12 06:00:00,115.52577173125718,11346.330869136005,11461.856640867263
2018-02-12 07:00:00,153.75207848456634,14995.854345667214,15149.60642415178
2018-02-12 08:00:00,198.63099103191348,22997.738440632525,23196.36943166444
2018-02-12 09:00:00,236.89250653587425,32659.002047188067,32895.89455372395
2018-02-12 10:00:00,291.6457984763957,38739.38003875976,39031.02583723616
2018-02-12 11:00:00,314.0270742047891,19476.105971520145,19790.13304572493
2018-02-12 12:00:00,347.3294613853185,27620.46328258934,27967.792743974656
2018-02-12 13:00:00,341.2461383678108,38549.248954095965,38890.49509246377
2018-02-12 14:00:00,352.90366595148447,31518.772467355393,31871.676133306883
2018-02-12 15:00:00,342.48007816162175,27676.930051007897,28019.41012916952
2018-02-12 16:00:00,326.967005063613,10584.715707446741,10911.682712510354
2018-02-12 17:00:00,302.9050181164279,11988.362188116482,12291.26720623291
2018-02-12 18:00:00,262.19127164282065,650.0948328892989,912.2861045321196
2018-02-12 19:00:00,224.64452924038346,98.99999955298613,323.6445287933696
2018-02-12 20:00:00,180.69925607426293,102.9999997780292,283.69925585229214
2018-02-12 21:00:00,127.95818193553393,16052.999955435942,16180.958137371475
2018-02-12 22:00:00,92.55002889681128,34996.442639709014,35088.99266860582
2018-02-12 23:00:00,62.33871501423469,27905.55718978804,27967.895904802277
2018-02-13 00:00:00,34.22729618255955,0.0,34.22729618255955
2018-02-13 01:00:00,20.579849964229737,17386.999951896993,17407.579801861222
2018-02-13 02:00:00,17.85391976974375,0.0,17.85391976974375
2018-02-13 03:00:00,26.294174135441153,0.0,26.294174135441153
2018-02-13 04:00:00,45.566099259228295,0.0,45.566099259228295
2018-02-13 05:00:00,74.15746872813844,2357.9999923836585,2432.1574611117967
2018-02-13 06:00:00,109.12388428162762,13073.97860696488,13183.102491246507
2018-02-13 07:00:00,159.98723128055008,27062.058806437046,27222.0460377176
2018-02-13 08:00:00,194.48177317694478,28822.75171630647,29017.23348948342
2018-02-13 09:00:00,243.8965953239066,17408.970926013928,17652.867521337837
2018-02-13 10:00:00,290.6512010092407,26179.76449545772,26470.41569646696
2018-02-13 11:00:00,312.61393417104046,26010.733603404984,26323.347537576024
2018-02-13 12:00:00,339.5044686945058,22672.61652721672,23012.120995911224
2018-02-13 13:00:00,361.8386471787318,14148.302395055138,14510.14104223387
2018-02-13 14:00:00,353.90851239236997,21723.892495203567,22077.80100759594
2018-02-13 15:00:00,351.7760067241928,19614.686996512195,19966.463003236386
2018-02-13 16:00:00,339.3182748597486,21467.64638321754,21806.96465807729
2018-02-13 17:00:00,301.01843709475054,7515.596355412254,7816.614792507003
2018-02-13 18:00:00,259.6548411347918,1813.6651751780869,2073.3200163128786
2018-02-13 19:00:00,214.5231996723282,1067.2493248836092,1281.7725245559375
2018-02-13 20:00:00,174.7088175783733,202.0854904041022,376.7943079824755
2018-02-13 21:00:00,133.41694707270506,19408.999942801616,19542.416889874323
2018-02-13 22:00:00,96.09551305744186,46527.84546974068,46623.94098279813
2018-02-13 23:00:00,58.05038733667929,39906.1542867053,39964.20467404198
2018-02-14 00:00:00,34.05098828761502,0.0,34.05098828761502
2018-02-14 01:00:00,19.954352809505703,20485.9999396922,20505.9542925017
2018-02-14 02:00:00,17.455061110268574,0.0,17.455061110268574
2018-02-14 03:00:00,26.31476101567537,5095.999985685668,5122.314746701343
2018-02-14 04:00:00,45.54317536192535,1372.9999960320436,1418.5431713939688
2018-02-14 05:00:00,73.89468558099136,1682.9999941683136,1756.894679749305
2018-02-14 06:00:00,115.83578900693388,12478.102297045174,12593.938086052109
2018-02-14 07:00:00,156.20113815026463,27725.284458411672,27881.485596561935
2018-02-14 08:00:00,197.8543650051056,16247.515968768257,16445.370333773364
2018-02-14 09:00:00,234.2618343911265,32157.60115593012,32391.862990321242
2018-02-14 10:00:00,293.5039687406845,47090.47965271845,47383.983621459134
2018-02-14 11:00:00,320.9868707237763,16857.081780868437,17178.068651592213
2018-02-14 12:00:00,331.66438891509745,21394.67443711909,21726.33882603419
2018-02-14 13:00:00,372.19433956016866,40392.471934734,40764.66627429417
2018-02-14 14:00:00,371.99359954844635,24652.670411698662,25024.66401124711
2018-02-14 15:00:00,345.91765537095733,30126.515085510022,30472.432740880984
2018-02-14 16:00:00,341.9976439521502,22959.016488024732,23301.01413197688
2018-02-14 17:00:00,295.3202207110978,18777.58545011382,19072.90567082492
2018-02-14 18:00:00,261.5364768140195,1688.2087035929276,1949.7451804069472
2018-02-14 19:00:00,226.19987311321964,1341.6182726744084,1567.818145787628
2018-02-14 20:00:00,172.23358175561316,4967.172999839123,5139.406581594735
2018-02-14 21:00:00,131.09315852675837,19371.99994206908,19503.09310059584
2018-02-14 22:00:00,89.14879529306242,41590.54078275937,41679.689578052436
2018-02-14 23:00:00,61.83804405189524,34351.459000904266,34413.29704495616
2018-02-15 00:00:00,35.32078181017207,0.0,35.32078181017207
2018-02-15 01:00:00,20.734834847958837,13947.999959703937,13968.734794551896
2018-02-15 02:00:00,17.551556752553005,395.9999988392856,413.5515555918387
2018-02-15 03:00:00,26.675512861089132,3919.999988620823,3946.6755014819123
2018-02-15 04:00:00,47.25350489217064,2337.999993253422,2385.2534981455924
2018-02-15 05:00:00,74.77632869525826,197.9999994686853,272.7763281639436
2018-02-15 06:00:00,112.92470311938551,6867.263224602693,6980.18792772208
2018-02-15 07:00:00,153.0503226083701,25110.041632913988,25263.091955522363
2018-02-15 08:00:00,197.4257292412319,15864.443917928073,16061.869647169304
2018-02-15 09:00:00,236.76072733715358,28462.25187253289,28699.012599870042
2018-02-15 10:00:00,294.52071520839525,32654.269034306817,32948.789749515214
2018-02-15 11:00:00,313.60588367637666,18713.624817622018,19027.230701298395
2018-02-15 12:00:00,334.511685433543,23799.430631826624,24133.942317260167
2018-02-15 13:00:00,336.7054017906618,17054.020551857073,17390.725953647736
2018-02-15 14:00:00,373.2408176482813,24199.651935346243,24572.89275299453
2018-02-15 15:00:00,360.44689242899886,24390.38522203359,24750.832114462588
2018-02-15 16:00:00,325.92994128474186,24766.036467205777,25091.966408490516
2018-02-15 17:00:00,297.28681618284855,3050.5800207518514,3347.866836934701
2018-02-15 18:00:00,265.1705036349699,989.9999972232156,1255.1705008581855
2018-02-15 19:00:00,214.38472257458898,395.999998575336,610.3847211499249
2018-02-15 20:00:00,178.1785363755884,0.0,178.1785363755884
2018-02-15 21:00:00,125.36111906219045,17931.999952570397,18057.36107163259
2018-02-15 22:00:00,94.02955043188106,40646.069094055645,40740.098644487516
2018-02-15 23:00:00,60.78346933266954,27555.93072249612,27616.71419182879
2018-02-16 00:00:00,34.91406256824904,0.0,34.91406256824904
2018-02-16 01:00:00,21.033140492090908,13329.999962295273,13351.033102787364
2018-02-16 02:00:00,17.185783029926043,197.9999996556008,215.18578268552685
2018-02-16 03:00:00,26.207947297614993,4801.999987792533,4828.207935090148
2018-02-16 04:00:00,43.736387054974145,1454.9999965434135,1498.7363835983876
2018-02-16 05:00:00,76.16305932994001,7767.842886019256,7844.005945349196
2018-02-16 06:00:00,113.11296160920878,25553.854724096665,25666.967685705877
2018-02-16 07:00:00,150.27614523922955,36293.236556546886,36443.51270178612
2018-02-16 08:00:00,198.90195501863514,25114.94845510371,25313.850410122344
2018-02-16 09:00:00,242.36430653581473,18767.471796051104,19009.836102586916
2018-02-16 10:00:00,279.98191436101183,34150.0787294198,34430.06064378082
2018-02-16 11:00:00,316.56692524224434,19280.174057368233,19596.74098261047
2018-02-16 12:00:00,326.6972709063393,18215.384551333053,18542.081822239394
2018-02-16 13:00:00,346.06310576163065,18608.10480451212,18954.167910273754
2018-02-16 14:00:00,363.49741886616744,11822.13292507613,12185.630343942299
2018-02-16 15:00:00,358.9816664242754,17054.977985776237,17413.959652200512
2018-02-16 16:00:00,336.05702352657,20122.071451410655,20458.128474937228
2018-02-16 17:00:00,293.49732632640644,8907.65043085768,9201.147757184086
2018-02-16 18:00:00,267.59966122635166,25.0699263103865,292.66958753673816
2018-02-16 19:00:00,222.1614796129101,197.9999990486778,420.1614786615879
2018-02-16 20:00:00,168.5595706453137,0.0,168.5595706453137
2018-02-16 21:00:00,134.1189619334152,13729.999962852684,13864.118924786098
2018-02-16 22:00:00,95.50598356566553,42079.302112051155,42174.80809561681
2018-02-16 23:00:00,60.18882189521153,36310.697667012246,36370.886488907454
2018-02-17 00:00:00,33.506661741245196,1508.1646085726334,1541.6712703138787
2018-02-17 01:00:00,20.746485993676252,20155.086009394232,20175.832495387902
2018-02-17 02:00:00,17.78811523141018,313.74931976901826,331.53743500042845
2018-02-17 03:00:00,27.01262260941659,1187.616505941395,1214.6291285508116
2018-02-17 04:00:00,43.61660381871255,21993.924012345757,22037.540616164468
2018-02-17 05:00:00,75.22958552823405,12026.658162134778,12101.887747663011
2018-02-17 06:00:00,109.0928530926821,27993.177595991736,28102.270449084415
2018-02-17 07:00:00,155.14602735135418,14922.02366563951,15077.169692990861
2018-02-17 08:00:00,196.26225192738738,7425.599822628827,7621.862074556213
2018-02-17 09:00:00,248.29260065088488,9977.957788242955,10226.250388893839
2018-02-17 10:00:00,284.74599341106864,1306.042181855992,1590.7881752670605
2018-02-17 11:00:00,312.9449072043127,297.9999991245687,610.9449063288814
2018-02-17 12:00:00,327.16792666269885,0.0,327.16792666269885
2018-02-17 13:00:00,340.84837076465067,889.9999969407945,1230.8483677054453
2018-02-17 14:00:00,347.17892987804737,0.0,347.17892987804737
2018-02-17 15:00:00,331.7929745546713,0.0,331.7929745546713
2018-02-17 16:00:00,319.22862869912336,0.0,319.22862869912336
2018-02-17 17:00:00,287.7679569720989,0.0,287.7679569720989
2018-02-17 18:00:00,248.60976456045864,0.0,248.60976456045864
2018-02-17 19:00:00,220.31942821806442,0.0,220.31942821806442
2018-02-17 20:00:00,169.43494539580823,0.0,169.43494539580823
2018-02-17 21:00:00,132.1970681612835,0.0,132.1970681612835
2018-02-17 22:00:00,92.45590596729582,290.0048317555719,382.4607377228677
2018-02-17 23:00:00,57.68510659574525,617.9951650636507,675.680271659396
2018-02-18 00:00:00,35.78467292259839,0.0,35.78467292259839
2018-02-18 01:00:00,20.069928365170647,0.0,20.069928365170647
2018-02-18 02:00:00,17.530433834359748,0.0,17.530433834359748
2018-02-18 03:00:00,26.362387226912038,0.0,26.362387226912038
2018-02-18 04:00:00,46.226278407592304,0.0,46.226278407592304
2018-02-18 05:00:00,74.5077380087968,0.0,74.5077380087968
2018-02-18 06:00:00,115.72815051646944,0.0,115.72815051646944
2018-02-18 07:00:00,159.7071246132363,0.0,159.7071246132363
2018-02-18 08:00:00,205.63733660548348,0.0,205.63733660548348
2018-02-18 09:00:00,246.55551525234068,0.0,246.55551525234068
2018-02-18 10:00:00,280.80774155997096,0.0,280.80774155997096
2018-02-18 11:00:00,311.49953496081207,0.0,311.49953496081207
2018-02-18 12:00:00,339.12184240605995,0.0,339.12184240605995
2018-02-18 13:00:00,347.06801792451427,0.0,347.06801792451427
2018-02-18 14:00:00,353.9397842377734,11.999999957991902,365.9397841957653
2018-02-18 15:00:00,360.9898231017714,0.0,360.9898231017714
2018-02-18 16:00:00,328.5189799901632,589.9999984016064,918.5189783917695
2018-02-18 17:00:00,303.9224683339369,0.0,303.9224683339369
2018-02-18 18:00:00,262.32541031277196,98.99999968635062,361.32540999912254
2018-02-18 19:00:00,216.24641753569864,0.0,216.24641753569864
2018-02-18 20:00:00,181.07633089096623,0.0,181.07633089096623
2018-02-18 21:00:00,132.74988602643734,0.0,132.74988602643734
2018-02-18 22:00:00,94.32673059535202,56.63091039718731,150.95764099253932
2018-02-18 23:00:00,58.891146663952,380.3690882557898,439.2602349197418
2018-02-19 00:00:00,35.12872907088148,98.99999990412924,134.1287289750107
2018-02-19 01:00:00,20.547978349658898,216.9999995080271,237.54797785768602
2018-02-19 02:00:00,17.708357091773173,2155.9999936872773,2173.7083507790508
2018-02-19 03:00:00,26.132528345611433,979.490459848669,1005.6229881942805
2018-02-19 04:00:00,44.80060053759983,2615.5095310506285,2660.310131588229
2018-02-19 05:00:00,77.38453179726008,7319.418337880452,7396.802869677712
2018-02-19 06:00:00,111.78059673372225,19563.83649883899,19675.617095572714
2018-02-19 07:00:00,151.72053031738045,22086.689001756316,22238.409532073696
2018-02-19 08:00:00,194.3191291324116,22408.872012149623,22603.191141282034
2018-02-19 09:00:00,241.81756355154425,54036.118033661536,54277.93559721308
2018-02-19 10:00:00,275.05996037621725,23557.847556414534,23832.907516790743
2018-02-19 11:00:00,328.09102615088403,21030.499074046293,21358.59010019718
2018-02-19 12:00:00,331.26724981183605,31605.005321873206,31936.27257168504
2018-02-19 13:00:00,357.32246345832834,20372.97195218495,20730.29441564328
2018-02-19 14:00:00,340.373699330013,19453.582265672132,19793.955965002144
2018-02-19 15:00:00,338.80355240854755,17734.48735785074,18073.29091025929
2018-02-19 16:00:00,327.2661457420362,18162.68013101288,18489.94627675492
2018-02-19 17:00:00,293.2280251038035,17503.395658605863,17796.623683709666
2018-02-19 18:00:00,259.1901234680814,652.5959857178199,911.7861091859013
2018-02-19 19:00:00,215.89276524961318,495.99999845334185,711.892763702955
2018-02-19 20:00:00,172.04891471435798,916.343103391727,1088.392018106085
2018-02-19 21:00:00,136.35184066660662,16106.656850740635,16243.008691407244
2018-02-19 22:00:00,93.79514234883754,39379.27703592171,39473.07217827055
2018-02-19 23:00:00,60.16046370517434,32376.722761491543,32436.88322519672
2018-02-20 00:00:00,36.33827298703673,0.0,36.33827298703673
2018-02-20 01:00:00,20.44476480650224,18911.999945117706,18932.444709924213
2018-02-20 02:00:00,18.088746241238308,4712.999986778254,4731.088733019493
2018-02-20 03:00:00,26.523884637067432,2060.9999924641697,2087.5238771012373
2018-02-20 04:00:00,46.692934371912884,0.0,46.692934371912884
2018-02-20 05:00:00,74.98704043398081,1155.999995901725,1230.9870363357059
2018-02-20 06:00:00,116.69508238909981,8921.032707181252,9037.727789570352
2018-02-20 07:00:00,153.302717704091,33036.96717464809,33190.26989235218
2018-02-20 08:00:00,202.9380549812574,13586.681236050805,13789.619291032057
2018-02-20 09:00:00,242.6270924662962,24731.843099387923,24974.470191854216
2018-02-20 10:00:00,272.08113270252784,23646.04412246766,23918.12525517019
2018-02-20 11:00:00,310.31218090804975,20837.918055779206,21148.230236687254
2018-02-20 12:00:00,333.9439602738685,20994.522546208864,21328.46650648273
2018-02-20 13:00:00,358.9852673659308,36017.356986233484,36376.34225359942
2018-02-20 14:00:00,347.8891646876219,25646.92133795832,25994.810502645934
2018-02-20 15:00:00,342.727897191862,14133.966732439601,14476.694629631464
2018-02-20 16:00:00,316.6942767020637,25199.497435762656,25516.191712464723
2018-02-20 17:00:00,295.30982070988546,6302.247856863572,6597.557677573459
2018-02-20 18:00:00,260.93944610969373,989.9999967606648,1250.9394428703583
2018-02-20 19:00:00,229.18127697203562,890.9999976118663,1120.181274583902
2018-02-20 20:00:00,172.5988338825487,587.9999979999158,760.5988318824644
2018-02-20 21:00:00,135.6180072374334,17230.999950888032,17366.617958125466
2018-02-20 22:00:00,95.14253312678196,40843.86464479435,40939.00717792113
2018-02-20 23:00:00,61.08110886417954,40357.135126450674,40418.21623531486
2018-02-21 00:00:00,34.3723617980988,98.99999959999786,133.3723613980967
2018-02-21 01:00:00,21.069396034254076,16081.999953629807,16103.06934966406
2018-02-21 02:00:00,18.04758709811513,28.4795696570894,46.52715675520453
2018-02-21 03:00:00,25.556908031592783,6133.520411502795,6159.077319534387
2018-02-21 04:00:00,45.749058246725184,3837.2085125248386,3882.957570771564
2018-02-21 05:00:00,75.70161476644122,4126.997199843282,4202.698814609723
2018-02-21 06:00:00,109.24871403564019,15181.511958340254,15290.760672375895
2018-02-21 07:00:00,155.84060355500662,25460.28219496025,25616.122798515255
2018-02-21 08:00:00,205.79731348622778,16500.132411311217,16705.929724797446
2018-02-21 09:00:00,248.48553984788612,31639.903572898136,31888.389112746027
2018-02-21 10:00:00,271.00828443773116,21873.963816537558,22144.97210097529
2018-02-21 11:00:00,315.31791612228915,27256.061391524723,27571.379307647006
2018-02-21 12:00:00,336.6145444121606,15969.655271274201,16306.26981568636
2018-02-21 13:00:00,341.65956447111023,24900.134770223747,25241.79433469486
2018-02-21 14:00:00,345.2300097115666,13414.171650738666,13759.401660450234
2018-02-21 15:00:00,331.1538792035076,24671.201779938165,25002.355659141675
2018-02-21 16:00:00,333.98356306054575,27594.03749629833,27928.021059358878
2018-02-21 17:00:00,291.38987823655566,3355.7372566556937,3647.127134892249
2018-02-21 18:00:00,261.68002037994427,4453.999986132539,4715.680006512483
2018-02-21 19:00:00,221.37427022464897,3534.9999904109563,3756.374260635606
2018-02-21 20:00:00,168.32538810795688,1273.9999966344149,1442.3253847423719
2018-02-21 21:00:00,126.71818390268288,26425.999924098953,26552.718108001634
2018-02-21 22:00:00,90.17136540852562,42462.560220770116,42552.73158617864
2018-02-21 23:00:00,59.18145221194598,39970.439550515286,40029.62100272723
2018-02-22 00:00:00,35.25764693746568,197.999999409322,233.25764634678762
2018-02-22 01:00:00,20.21944654493555,18419.99994991396,18440.21939645889
2018-02-22 02:00:00,17.36862511782335,5096.999985334356,5114.368610452179
2018-02-22 03:00:00,26.197997814286786,2057.9999927641124,2084.197990578399
2018-02-22 04:00:00,47.110750807822455,0.0,47.110750807822455
2018-02-22 05:00:00,72.94010320192417,791.99999767602,864.9401008779441
2018-02-22 06:00:00,115.06973264085306,7283.473326827878,7398.543059468731
2018-02-22 07:00:00,159.61796646680534,22701.378571957714,22860.996538424522
2018-02-22 08:00:00,196.69737631895777,25504.543014296967,25701.240390615923
2018-02-22 09:00:00,245.7642782982262,30111.125618992126,30356.889897290355
2018-02-22 10:00:00,281.19846369629107,33784.73788509359,34065.936348789895
2018-02-22 11:00:00,305.9906249645678,31966.393773361742,32272.384398326314
2018-02-22 12:00:00,341.32828061258414,21868.965521213093,22210.293801825675
2018-02-22 13:00:00,354.8299724106072,24288.127695076597,24642.957667487208
2018-02-22 14:00:00,356.94395465659795,23376.28932395197,23733.233278608568
2018-02-22 15:00:00,340.6529086398533,47309.5575160607,47650.21042470056
2018-02-22 16:00:00,320.7295178834367,33442.406915319574,33763.13643320301
2018-02-22 17:00:00,291.3697127930804,1743.9999953200572,2035.3697081131377
2018-02-22 18:00:00,257.72976278622764,204.99999936753244,462.72976215376013
2018-02-22 19:00:00,229.83639336127573,197.99999947671665,427.83639283799243
2018-02-22 20:00:00,184.65758044172574,132.93017952000196,317.58775996172767
2018-02-22 21:00:00,131.1185455984043,24376.0697584169,24507.1883040153
2018-02-22 22:00:00,96.57076584812035,39842.084034153544,39938.65480000166
2018-02-22 23:00:00,61.02792142643186,32558.91576367121,32619.94368509764
2018-02-23 00:00:00,36.63956341266287,890.999998250025,927.6395616626879
2018-02-23 01:00:00,20.319709573446328,14362.001299964766,14382.321009538213
2018-02-23 02:00:00,17.161087249423716,5454.998646208646,5472.15973345807
2018-02-23 03:00:00,26.16485932219468,391.9999989165696,418.1648582387643
2018-02-23 04:00:00,44.202230984063945,96.99999996753016,141.20223095159412
2018-02-23 05:00:00,74.87920380409997,494.9999985728002,569.8792023769003
2018-02-23 06:00:00,110.00052539490738,11067.629793670107,11177.630319065016
2018-02-23 07:00:00,160.2992658722559,32838.537023192475,32998.836289064726
2018-02-23 08:00:00,193.14020462619158,16456.866147591143,16650.006352217337
2018-02-23 09:00:00,241.15219790258828,31935.739148911205,32176.89134681379
2018-02-23 10:00:00,275.98656476009046,17644.88902263632,17920.875587396407
2018-02-23 11:00:00,320.08232420690894,22765.00276578171,23085.08508998862
2018-02-23 12:00:00,328.1404784697886,29407.889159686907,29736.029638156695
2018-02-23 13:00:00,364.41122804088866,20010.960772362363,20375.37200040325
2018-02-23 14:00:00,343.2956982379595,23541.576954985103,23884.87265322306
2018-02-23 15:00:00,352.63409869012594,22465.878332248605,22818.51243093873
2018-02-23 16:00:00,323.34078172037107,19127.030174234802,19450.37095595517
2018-02-23 17:00:00,299.95429712819225,1709.999995048484,2009.954292176676
2018-02-23 18:00:00,264.38081608722814,1187.999997120806,1452.380813208034
2018-02-23 19:00:00,225.5450231320642,0.0,225.5450231320642
2018-02-23 20:00:00,178.70711521239173,0.0,178.70711521239173
2018-02-23 21:00:00,137.62940367866807,15834.999955377009,15972.629359055676
2018-02-23 22:00:00,91.01582131693621,40469.517552885285,40560.53337420223
2018-02-23 23:00:00,60.57969732302118,36069.482227509194,36130.06192483222
2018-02-24 00:00:00,33.57819555350638,0.0,33.57819555350638
2018-02-24 01:00:00,20.85618818790188,18497.99994879981,18518.85613698771
2018-02-24 02:00:00,18.288419171477855,171.1746881951188,189.4631073665966
2018-02-24 03:00:00,26.499162347288404,9166.454543290256,9192.953705637545
2018-02-24 04:00:00,46.42911862230589,17782.12277556081,17828.551894183114
2018-02-24 05:00:00,74.97738186814232,19193.041315455925,19268.01869732407
2018-02-24 06:00:00,109.83339434352497,22241.608028758368,22351.441423101893
2018-02-24 07:00:00,159.17232658279462,25282.239528165548,25441.411854748338
2018-02-24 08:00:00,189.51886350051234,8083.006877910014,8272.525741410527
2018-02-24 09:00:00,240.9534971872426,13224.282749044867,13465.23624623211
2018-02-24 10:00:00,281.20625526069836,7903.069155858406,8184.275411119105
2018-02-24 11:00:00,299.04262360303835,2618.9999940700573,2918.0426176730953
2018-02-24 12:00:00,332.1348321427672,0.0,332.1348321427672
2018-02-24 13:00:00,354.3006428778008,0.0,354.3006428778008
2018-02-24 14:00:00,353.69643497396225,0.0,353.69643497396225
2018-02-24 15:00:00,337.96403128297686,0.0,337.96403128297686
2018-02-24 16:00:00,342.49069694561297,0.0,342.49069694561297
2018-02-24 17:00:00,311.04920869875724,0.0,311.04920869875724
2018-02-24 18:00:00,263.7500206299376,0.0,263.7500206299376
2018-02-24 19:00:00,225.82463783582003,0.0,225.82463783582003
2018-02-24 20:00:00,181.86666635271303,0.0,181.86666635271303
2018-02-24 21:00:00,129.41278526528686,0.0,129.41278526528686
2018-02-24 22:00:00,90.78946842533392,1058.8357458348876,1149.6252142602216
2018-02-24 23:00:00,59.77613188956762,2082.164246047271,2141.940377936838
2018-02-25 00:00:00,35.0099027390104,0.0,35.0099027390104
2018-02-25 01:00:00,19.93224491659805,0.0,19.93224491659805
2018-02-25 02:00:00,17.287158440402326,0.0,17.287158440402326
2018-02-25 03:00:00,26.63687468421307,0.0,26.63687468421307
2018-02-25 04:00:00,46.28491546092714,0.0,46.28491546092714
2018-02-25 05:00:00,75.89138964405433,0.0,75.89138964405433
2018-02-25 06:00:00,108.52660283151752,0.0,108.52660283151752
2018-02-25 07:00:00,159.77935091909262,0.0,159.77935091909262
2018-02-25 08:00:00,205.26841211425733,0.0,205.26841211425733
2018-02-25 09:00:00,233.19166628627613,0.0,233.19166628627613
2018-02-25 10:00:00,266.28563910758396,0.0,266.28563910758396
2018-02-25 11:00:00,313.47516662947965,0.0,313.47516662947965
2018-02-25 12:00:00,334.00483326330345,0.0,334.00483326330345
2018-02-25 13:00:00,347.15129425664304,0.0,347.15129425664304
2018-02-25 14:00:00,363.80302501936865,0.0,363.80302501936865
2018-02-25 15:00:00,345.4465485574277,0.0,345.4465485574277
2018-02-25 16:00:00,332.31384870967713,0.0,332.31384870967713
2018-02-25 17:00:00,289.8389175899689,0.0,289.8389175899689
2018-02-25 18:00:00,264.32521529263875,0.0,264.32521529263875
2018-02-25 19:00:00,224.20820898115738,0.0,224.20820898115738
2018-02-25 20:00:00,181.77818649264236,0.0,181.77818649264236
2018-02-25 21:00:00,136.08546502651183,0.0,136.08546502651183
2018-02-25 22:00:00,95.52933073022903,199.04716612753572,294.57649685776477
2018-02-25 23:00:00,60.8302447018273,724.9528309683199,785.7830756701472
2018-02-26 00:00:00,33.797607181664,0.0,33.797607181664
2018-02-26 01:00:00,19.7757317565866,2654.999992641494,2674.77572439808
2018-02-26 02:00:00,18.272566051855677,0.0,18.272566051855677
2018-02-26 03:00:00,26.00114014031204,3724.999989822079,3751.0011299623907
2018-02-26 04:00:00,44.871616018614944,1273.9999968967104,1318.8716129153252
2018-02-26 05:00:00,77.27374054762548,1880.9999948055904,1958.2737353532161
2018-02-26 06:00:00,111.30323688772339,15781.273426600443,15892.576663488166
2018-02-26 07:00:00,155.51815863885602,16317.649158023349,16473.167316662206
2018-02-26 08:00:00,194.4733937719275,20297.885704398315,20492.359098170244
2018-02-26 09:00:00,236.4934463989835,28836.577172154517,29073.070618553502
2018-02-26 10:00:00,281.69780068133014,32548.19270609269,32829.89050677402
2018-02-26 11:00:00,313.5907231148729,29592.91278537387,29906.503508488742
2018-02-26 12:00:00,346.7707779846078,24880.990148290097,25227.760926274706
2018-02-26 13:00:00,354.8473478564582,18587.73381760019,18942.58116545665
2018-02-26 14:00:00,371.9954392396057,18265.148302957292,18637.1437421969
2018-02-26 15:00:00,335.52598285314184,19540.636149817285,19876.162132670423
2018-02-26 16:00:00,327.6366095578472,25752.666694456864,26080.30330401471
2018-02-26 17:00:00,291.327560006889,11808.809488679311,12100.1370486862
2018-02-26 18:00:00,259.43363267933523,1641.5237067769917,1900.9573394563272
2018-02-26 19:00:00,219.40954740855892,98.99999957955522,318.4095469881142
2018-02-26 20:00:00,169.40047207355127,1874.9999945415589,2044.40046661511
2018-02-26 21:00:00,131.38722355207082,21298.546294089218,21429.933517641286
2018-02-26 22:00:00,90.85672666025552,45049.95985328131,45140.816579941566
2018-02-26 23:00:00,58.96824402326362,41492.49355417972,41551.461798202974
2018-02-27 00:00:00,35.13028817189303,0.0,35.13028817189303
2018-02-27 01:00:00,21.197485348316096,21270.9999375048,21292.197422853114
2018-02-27 02:00:00,17.71180696804703,0.0,17.71180696804703
2018-02-27 03:00:00,25.021553275176107,3429.999988816478,3455.021542091654
2018-02-27 04:00:00,44.66782248381412,1861.999995116896,1906.6678176007104
2018-02-27 05:00:00,76.36912172460549,0.0,76.36912172460549
2018-02-27 06:00:00,111.45837505976854,33597.164010841865,33708.62238590163
2018-02-27 07:00:00,156.7123371846028,9492.844660194518,9649.55699737912
2018-02-27 08:00:00,191.42474175462172,13185.286974915904,13376.711716670525
2018-02-27 09:00:00,248.59833172501106,28195.818489782185,28444.416821507195
2018-02-27 10:00:00,273.5785240596522,62023.591321562344,62297.16984562199
2018-02-27 11:00:00,325.05245401617526,24114.346306714535,24439.398760730714
2018-02-27 12:00:00,333.3908877928643,28411.282842324516,28744.67373011738
2018-02-27 13:00:00,343.1578515236937,43140.46532842796,43483.62317995167
2018-02-27 14:00:00,343.8911588813618,26809.341545189083,27153.232704070448
2018-02-27 15:00:00,333.716074605809,18509.138802989637,18842.854877595448
2018-02-27 16:00:00,322.6900263186541,30478.718841315113,30801.408867633763
2018-02-27 17:00:00,289.36914120207337,4170.99998616364,4460.369127365713
2018-02-27 18:00:00,250.69437671705236,396.99999909679286,647.6943758138452
2018-02-27 19:00:00,215.88958346184785,673.9999976918331,889.889581153681
2018-02-27 20:00:00,179.25363661440775,0.0,179.25363661440775
2018-02-27 21:00:00,136.82999369356375,29470.999918231377,29607.82991192494
2018-02-27 22:00:00,93.96150820036479,42904.68536515927,42998.64687335963
2018-02-27 23:00:00,60.24887695149957,44635.31438761304,44695.56326456454
2018-02-28 00:00:00,35.214656289690645,0.0,35.214656289690645
2018-02-28 01:00:00,20.614641831696943,22518.999937875717,22539.614579707413
2018-02-28 02:00:00,17.458782531515812,98.999999965482,116.45878249699781
2018-02-28 03:00:00,26.084756892885842,3331.999990247235,3358.0847471401216
2018-02-28 04:00:00,46.55725504543875,2948.9999918939952,2995.5572469394338
2018-02-28 05:00:00,78.44746969547947,1583.9999949133341,1662.4474646088138
2018-02-28 06:00:00,109.00779924425943,10113.651218840612,10222.65901808487
2018-02-28 07:00:00,153.84332295602184,39165.84994635606,39319.693269312076
2018-02-28 08:00:00,204.56912438289424,18637.886734530126,18842.455858913017
2018-02-28 09:00:00,243.3650024735537,20502.66734147459,20746.032343948144
2018-02-28 10:00:00,275.8863204780449,33476.77390255896,33752.660223037004
2018-02-28 11:00:00,305.92143656896985,24835.80303034263,25141.724466911604
2018-02-28 12:00:00,342.8008378373145,29199.67070428608,29542.471542123396
2018-02-28 13:00:00,355.6442971858353,24018.013374232534,24373.65767141837
2018-02-28 14:00:00,347.4795144825239,16664.57766653542,17012.057181017943
2018-02-28 15:00:00,347.203487842431,18321.97522470419,18669.17871254662
2018-02-28 16:00:00,337.6862563737805,29465.525083243425,29803.211339617203
2018-02-28 17:00:00,306.23843266812065,4929.605023135636,5235.843455803757
2018-02-28 18:00:00,251.78488800104316,1178.9999967828016,1430.784884783845
2018-02-28 19:00:00,219.02536678655542,0.0,219.02536678655542
2018-02-28 20:00:00,169.21710143169372,255.99999874206085,425.2171001737546
2018-02-28 21:00:00,129.0969710589016,0.0,129.0969710589016
2018-02-28 22:00:00,92.60286242109214,39162.3885933552,39254.9914557763
2018-02-28 23:00:00,59.474207960235944,76698.61107798539,76758.08528594562
2018-03-01 00:00:00,35.369349083793395,1665.9999953798847,1701.369344463678
2018-03-01 01:00:00,19.892311944523932,17253.999949053985,17273.89226099851
2018-03-01 02:00:00,17.653968311784553,0.0,17.653968311784553
2018-03-01 03:00:00,26.922653959510292,0.0,26.922653959510292
2018-03-01 04:00:00,47.33972696918006,2743.999992719374,2791.339719688554
2018-03-01 05:00:00,75.26818643304875,1079.9999974554903,1155.2681838885392
2018-03-01 06:00:00,112.60114138798835,13705.12497472315,13817.726116111138
2018-03-01 07:00:00,150.32394597793635,11706.146985194502,11856.470931172438
2018-03-01 08:00:00,197.64198202425666,30916.663458529718,31114.305440553977
2018-03-01 09:00:00,241.26103093591968,40855.07695683501,41096.33798777092
2018-03-01 10:00:00,292.1845142853414,39353.63740032568,39645.82191461102
2018-03-01 11:00:00,305.1400711584171,20307.148812244766,20612.288883403184
2018-03-01 12:00:00,339.6581767953014,21670.034017115097,22009.6921939104
2018-03-01 13:00:00,357.29620288901833,26377.24000604094,26734.536208929967
2018-03-01 14:00:00,344.5015397021897,26286.016404115406,26630.51794381759
2018-03-01 15:00:00,349.52546744917584,37693.75524837327,38043.280715822446
2018-03-01 16:00:00,313.8085502848761,23635.1846648699,23948.993215154773
2018-03-01 17:00:00,290.3199683447217,1380.6766521257118,1670.9966204704333
2018-03-01 18:00:00,270.28225339694995,1148.7546532776078,1419.0369066745575
2018-03-01 19:00:00,225.60864140758196,1999.5389455391708,2225.147586946752
2018-03-01 20:00:00,178.80087642356315,0.9999999954149674,179.8008764189781
2018-03-01 21:00:00,136.74893622893316,24673.729322196028,24810.478258424966
2018-03-01 22:00:00,90.39309213631657,63578.01092404158,63668.40401617788
2018-03-01 23:00:00,57.89132088916004,20377.25945081555,20435.15077170471
2018-03-02 00:00:00,36.18806470474206,0.0,36.18806470474206
2018-03-02 01:00:00,20.580994981966022,1946.9999940651408,1967.5809890471064
2018-03-02 02:00:00,17.357639817275192,0.0,17.357639817275192
2018-03-02 03:00:00,26.21667175373335,1175.9999952275673,1202.2166669813007
2018-03-02 04:00:00,47.44683712284383,195.99999918810389,243.44683631094773
2018-03-02 05:00:00,76.3651469786185,1484.99999684095,1561.3651438195686
2018-03-02 06:00:00,114.70224528192799,35052.770367648154,35167.47261293008
2018-03-02 07:00:00,158.5161901161319,9337.352390820488,9495.868580936622
2018-03-02 08:00:00,203.413833699565,15393.115382843807,15596.529216543371
2018-03-02 09:00:00,242.51422146935948,13861.017524000134,14103.531745469492
2018-03-02 10:00:00,278.01138424727276,21812.256402293504,22090.267786540775
2018-03-02 11:00:00,309.06630959169775,8942.937911753375,9252.004221345072
2018-03-02 12:00:00,344.31113500303593,7774.0325596513385,8118.343694654375
2018-03-02 13:00:00,347.73046614260693,13740.231410993903,14087.96187713651
2018-03-02 14:00:00,357.16076982300456,13818.850284216387,14176.01105403939
2018-03-02 15:00:00,351.5520440602461,8529.43534972396,8880.987393784206
2018-03-02 16:00:00,334.0595112909301,11735.91355368996,12069.973064980892
2018-03-02 17:00:00,286.05147579741583,104.08641421589029,390.1378900133061
2018-03-02 18:00:00,266.30234641370146,790.9999980237803,1057.3023444374817
2018-03-02 19:00:00,218.21445562968756,0.0,218.21445562968756
2018-03-02 20:00:00,172.04082190714274,3959.999988799912,4132.040810707055
2018-03-02 21:00:00,132.37197803680613,27202.999923822546,27335.371901859355
2018-03-02 22:00:00,97.41551122917826,33055.196777475634,33152.61228870481
2018-03-02 23:00:00,60.35423931627379,45125.25686867299,45185.61110798926
2018-03-03 00:00:00,34.6837302931854,1371.5461314447189,1406.2298617379042
2018-03-03 01:00:00,20.67675763055975,9650.999970793797,9671.676728424356
2018-03-03 02:00:00,17.217911405103045,1088.9999970118174,1106.2179084169204
2018-03-03 03:00:00,27.068754136825547,0.0,27.068754136825547
2018-03-03 04:00:00,43.781963099889346,0.0,43.781963099889346
2018-03-03 05:00:00,71.29550696699685,0.0,71.29550696699685
2018-03-03 06:00:00,111.49534077876865,0.0,111.49534077876865
2018-03-03 07:00:00,146.4303518131726,0.0,146.4303518131726
2018-03-03 08:00:00,201.03164080336956,0.0,201.03164080336956
2018-03-03 09:00:00,228.78428120609226,0.0,228.78428120609226
2018-03-03 10:00:00,277.0902895033034,0.0,277.0902895033034
2018-03-03 11:00:00,312.8599809172822,0.0,312.8599809172822
2018-03-03 12:00:00,346.92007074255,0.0,346.92007074255
2018-03-03 13:00:00,355.41452445399364,0.0,355.41452445399364
2018-03-03 14:00:00,357.600071866943,0.0,357.600071866943
2018-03-03 15:00:00,350.40733606434446,0.0,350.40733606434446
2018-03-03 16:00:00,322.4111401561494,979.9999977332697,1302.4111378894188
2018-03-03 17:00:00,290.97475966170475,0.0,290.97475966170475
2018-03-03 18:00:00,270.73232074918826,0.0,270.73232074918826
2018-03-03 19:00:00,229.52414405684283,0.0,229.52414405684283
2018-03-03 20:00:00,169.5215842544418,0.0,169.5215842544418
2018-03-03 21:00:00,135.02826281056184,0.0,135.02826281056184
2018-03-03 22:00:00,98.00848305624947,289.7498473966544,387.7583304529038
2018-03-03 23:00:00,61.34411542075091,628.2501499946372,689.5942654153881
2018-03-04 00:00:00,33.686366736565056,0.0,33.686366736565056
2018-03-04 01:00:00,20.585214176955247,0.0,20.585214176955247
2018-03-04 02:00:00,17.480189260470844,0.0,17.480189260470844
2018-03-04 03:00:00,26.614848163145815,0.0,26.614848163145815
2018-03-04 04:00:00,45.43721544975073,0.0,45.43721544975073
2018-03-04 05:00:00,78.41330764179278,0.0,78.41330764179278
2018-03-04 06:00:00,113.73674767732706,0.0,113.73674767732706
2018-03-04 07:00:00,156.75141526885943,0.0,156.75141526885943
2018-03-04 08:00:00,191.8765728077306,0.0,191.8765728077306
2018-03-04 09:00:00,250.04383593932872,0.0,250.04383593932872
2018-03-04 10:00:00,276.236341968488,0.0,276.236341968488
2018-03-04 11:00:00,311.83446431138873,0.0,311.83446431138873
2018-03-04 12:00:00,351.27318272551156,0.0,351.27318272551156
2018-03-04 13:00:00,357.45029729766236,0.0,357.45029729766236
2018-03-04 14:00:00,353.0608401393739,0.0,353.0608401393739
2018-03-04 15:00:00,339.98307007504866,0.0,339.98307007504866
2018-03-04 16:00:00,315.4620018479142,0.0,315.4620018479142
2018-03-04 17:00:00,283.9546238973501,5.999999983617698,289.9546238809678
2018-03-04 18:00:00,255.28587558063379,296.99999892275605,552.2858745033898
2018-03-04 19:00:00,219.60852344492372,0.0,219.60852344492372
2018-03-04 20:00:00,175.44383619728484,0.0,175.44383619728484
2018-03-04 21:00:00,127.84907707239148,0.0,127.84907707239148
2018-03-04 22:00:00,94.06543711935997,180.3448435050016,274.4102806243616
2018-03-04 23:00:00,58.070252293290494,678.6551542585802,736.7254065518706
2018-03-05 00:00:00,33.60209609518823,2375.999992909643,2409.602089004831
2018-03-05 01:00:00,20.16202517251899,0.0,20.16202517251899
2018-03-05 02:00:00,17.64959441939745,0.0,17.64959441939745
2018-03-05 03:00:00,26.701027788646464,2449.999993139779,2476.7010209284254
2018-03-05 04:00:00,46.31728336922551,979.999996518929,1026.3172798881546
2018-03-05 05:00:00,75.9005898129933,981.9999974708355,1057.9005872838288
2018-03-05 06:00:00,116.76854176590766,18817.08697986485,18933.855521630758
2018-03-05 07:00:00,154.36519513908928,12046.220345116813,12200.585540255903
2018-03-05 08:00:00,186.94609111355703,23992.96242933521,24179.908520448764
2018-03-05 09:00:00,232.86167105504796,37671.256976199,37904.11864725405
2018-03-05 10:00:00,287.24951262322475,40643.49323327841,40930.74274590163
2018-03-05 11:00:00,308.83122597060446,23291.99647302542,23600.82769899603
2018-03-05 12:00:00,337.2107970231284,22118.98306594904,22456.19386297217
2018-03-05 13:00:00,353.51257839036623,21606.393904241504,21959.906482631868
2018-03-05 14:00:00,347.49726072730994,25748.83061122724,26096.32787195455
2018-03-05 15:00:00,335.735115819445,19190.73758585218,19526.472701671628
2018-03-05 16:00:00,330.5598544645559,20610.635032550912,20941.194887015467
2018-03-05 17:00:00,299.3348954795787,9445.402606883403,9744.737502362983
2018-03-05 18:00:00,256.7316538026305,98.9999999994762,355.7316538021067
2018-03-05 19:00:00,228.40339266814095,0.0,228.40339266814095
2018-03-05 20:00:00,176.18114787954175,296.9999990476075,473.18114692714926
2018-03-05 21:00:00,135.0290437912181,15077.999958100963,15213.02900189218
2018-03-05 22:00:00,91.61823925592977,33434.08211579318,33525.700355049106
2018-03-05 23:00:00,57.3275477202198,28440.91770843928,28498.245256159495
2018-03-06 00:00:00,34.599340352114965,0.0,34.599340352114965
2018-03-06 01:00:00,20.660987221251553,21910.284568973555,21930.9455561948
2018-03-06 02:00:00,18.005619171705405,333.71536881199904,351.72098798370445
2018-03-06 03:00:00,26.151322922947806,1544.9999964132999,1571.1513193362478
2018-03-06 04:00:00,47.11539776210536,1273.9999965349298,1321.115394297035
2018-03-06 05:00:00,71.70097724133899,1063.5278916821271,1135.2288689234658
2018-03-06 06:00:00,114.01676252634476,21324.688291208717,21438.70505373506
2018-03-06 07:00:00,154.34545457903755,22765.414693174193,22919.760147753233
2018-03-06 08:00:00,204.42210354875536,26002.054765156823,26206.476868705577
2018-03-06 09:00:00,247.64573093526667,44965.06674882581,45212.71247976108
2018-03-06 10:00:00,285.3894771934631,34296.46681320173,34581.85629039519
2018-03-06 11:00:00,312.04642406069763,17966.372090328336,18278.418514389035
2018-03-06 12:00:00,351.0853063310569,24450.347985058102,24801.433291389156
2018-03-06 13:00:00,346.9689013469422,37015.97532667369,37362.944228020635
2018-03-06 14:00:00,368.4321437768539,34454.76474475859,34823.19688853544
2018-03-06 15:00:00,354.9140891531732,28985.010064566122,29339.924153719294
2018-03-06 16:00:00,322.9806934348129,29531.238250276147,29854.21894371096
2018-03-06 17:00:00,313.3333001524501,6251.364226996712,6564.697527149162
2018-03-06 18:00:00,262.3897925946172,5724.6414637039925,5987.031256298609
2018-03-06 19:00:00,224.448623392115,1248.065694666237,1472.5143180583518
2018-03-06 20:00:00,181.93901623563482,98.99999991540912,280.9390161510439
2018-03-06 21:00:00,134.3353694012853,30477.99991178945,30612.335281190735
2018-03-06 22:00:00,93.18899877727839,44097.31797728995,44190.50697606724
2018-03-06 23:00:00,60.11713528077155,39200.681792375624,39260.7989276564
2018-03-07 00:00:00,34.92947687436462,197.99999948532712,232.92947635969176
2018-03-07 01:00:00,20.18294833545326,17114.99995440976,17135.18290274521
2018-03-07 02:00:00,18.57305235850739,0.0,18.57305235850739
2018-03-07 03:00:00,25.853244519600246,8246.999975827372,8272.853220346973
2018-03-07 04:00:00,47.62471282074743,3608.9999918152844,3656.6247046360313
2018-03-07 05:00:00,77.08341346328334,2099.9029468451276,2176.986360308411
2018-03-07 06:00:00,111.29868818623999,6498.865331867285,6610.164020053526
2018-03-07 07:00:00,153.18609307785215,26897.231628541085,27050.417721618942
2018-03-07 08:00:00,205.44167090966005,28542.32024113281,28747.761912042468
2018-03-07 09:00:00,242.70851960595155,29583.165349893323,29825.87386949927
2018-03-07 10:00:00,286.0159557192378,31910.54634968641,32196.562305405645
2018-03-07 11:00:00,313.6892834518272,22153.42997913645,22467.119262588276
2018-03-07 12:00:00,343.2280069681172,17707.606719004492,18050.834725972607
2018-03-07 13:00:00,354.4333669588991,21518.8202358574,21873.253602816305
2018-03-07 14:00:00,354.1248136307225,22454.47545062626,22808.600264256987
2018-03-07 15:00:00,353.9560328715588,12341.891853050472,12695.847885922032
2018-03-07 16:00:00,334.68153084749775,24219.95462073059,24554.636151578085
2018-03-07 17:00:00,289.4348685400727,3188.501205549099,3477.9360740891716
2018-03-07 18:00:00,264.8043546596375,2956.2873855998923,3221.09174025953
2018-03-07 19:00:00,222.97207502106573,298.9999996213092,521.9720746423749
2018-03-07 20:00:00,184.1057412787154,5389.999987610447,5574.1057288891625
2018-03-07 21:00:00,134.56879166022657,23492.99993454858,23627.56872620881
2018-03-07 22:00:00,92.3434450168701,40931.48127752817,41023.82472254504
2018-03-07 23:00:00,60.16638254818315,34566.51851392611,34626.68489647429
2018-03-08 00:00:00,35.433430279590446,0.0,35.433430279590446
2018-03-08 01:00:00,21.341836071661383,21299.999942803195,21321.34177887486
2018-03-08 02:00:00,17.259889560203156,0.0,17.259889560203156
2018-03-08 03:00:00,26.79591401274037,0.0,26.79591401274037
2018-03-08 04:00:00,43.67161368734194,1757.9999948800864,1801.6716085674286
2018-03-08 05:00:00,75.99401098437082,2147.9999933682707,2223.9940043526417
2018-03-08 06:00:00,107.00373749692085,13459.04860301821,13566.052340515129
2018-03-08 07:00:00,157.63949156573844,22519.72905879213,22677.36855035787
2018-03-08 08:00:00,196.6177668056626,31571.016556200215,31767.634323005877
2018-03-08 09:00:00,240.03398761674015,25822.38615981852,26062.420147435263
2018-03-08 10:00:00,277.5479226290928,30956.666960543098,31234.214883172193
2018-03-08 11:00:00,323.93701832564705,16844.63935731919,17168.57637564484
2018-03-08 12:00:00,334.8672442471448,20850.00563157817,21184.872875825313
2018-03-08 13:00:00,346.48267230661656,23871.254996809163,24217.737669115777
2018-03-08 14:00:00,360.35408643270375,41878.78662907667,42239.14071550938
2018-03-08 15:00:00,347.6567302510041,34398.53210738099,34746.188837632
2018-03-08 16:00:00,330.26097675599146,28797.06928777224,29127.33026452823
2018-03-08 17:00:00,308.3112848186016,2392.8638279820134,2701.175112800615
2018-03-08 18:00:00,275.44182737275355,608.5860887296484,884.0279161024018
2018-03-08 19:00:00,222.68915564666673,2725.0690519520685,2947.758207598735
2018-03-08 20:00:00,170.7275246173902,8805.344828732392,8976.072353349782
2018-03-08 21:00:00,134.28890023614804,22687.99993725304,22822.288837489188
2018-03-08 22:00:00,93.23508532871426,42182.52151944601,42275.756604774724
2018-03-08 23:00:00,58.48299393736305,44350.16703734017,44408.65003127753
2018-03-09 00:00:00,36.16836248612401,1067.3111908267545,1103.4795533128786
2018-03-09 01:00:00,20.76459417574177,16907.99995235529,16928.76454653103
2018-03-09 02:00:00,18.458071601063864,0.0,18.458071601063864
2018-03-09 03:00:00,27.341697664783556,0.0,27.341697664783556
2018-03-09 04:00:00,46.09118351444691,4017.999989042267,4064.0911725567134
2018-03-09 05:00:00,74.25008603836363,494.6409307030324,568.891016741396
2018-03-09 06:00:00,108.88294692194737,23883.38950391511,23992.272450837052
2018-03-09 07:00:00,152.78942921423277,19181.96944019194,19334.758869406174
2018-03-09 08:00:00,199.94853206081248,19504.33112394309,19704.279656003902
2018-03-09 09:00:00,244.52718496363272,39581.27153271543,39825.798717679056
2018-03-09 10:00:00,278.885879965569,28455.489107037793,28734.374987003357
2018-03-09 11:00:00,299.88717384728795,17777.215146005157,18077.10231985245
2018-03-09 12:00:00,332.1872969920846,9333.228481620401,9665.415778612487
2018-03-09 13:00:00,364.2829907004344,19376.652623442387,19740.93561414282
2018-03-09 14:00:00,351.229992579404,13560.435495627364,13911.665488206769
2018-03-09 15:00:00,330.9689034337349,19782.376014261226,20113.344917694965
2018-03-09 16:00:00,335.9620472424191,34572.442020615126,34908.404067857555
2018-03-09 17:00:00,302.5116060618959,2968.5578776883644,3271.06948375026
2018-03-09 18:00:00,271.8305768914943,0.0,271.8305768914943
2018-03-09 19:00:00,222.7662061342873,98.99999964726817,321.76620578155547
2018-03-09 20:00:00,176.08224513512994,99.99999992984552,276.08224506497544
2018-03-09 21:00:00,136.1424388400632,29496.99991757762,29633.142356417684
2018-03-09 22:00:00,90.38324842591425,45896.830537830116,45987.213786256034
2018-03-09 23:00:00,57.8557632697752,53820.467974066,53878.32373733577
2018-03-10 00:00:00,34.6817683544289,7678.835170126187,7713.516938480616
2018-03-10 01:00:00,19.777089227840072,21621.865955899597,21641.643045127432
2018-03-10 02:00:00,17.06845881823988,0.0,17.06845881823988
2018-03-10 03:00:00,27.3276213266637,10087.99997147268,10115.327592799344
2018-03-10 04:00:00,44.44305872073863,5610.370836578556,5654.813895299295
2018-03-10 05:00:00,78.58111011396855,19058.575246379674,19137.156356493644
2018-03-10 06:00:00,108.78000368081393,27543.4315759031,27652.21157958392
2018-03-10 07:00:00,148.7231822677471,34009.970916660764,34158.69409892851
2018-03-10 08:00:00,190.3025548546134,16186.2570406392,16376.55959549381
2018-03-10 09:00:00,231.74906515824387,22674.76733184256,22906.5163970008
2018-03-10 10:00:00,277.703014272687,27323.42706915637,27601.130083429056
2018-03-10 11:00:00,316.4276076936153,39258.168547064684,39574.5961547583
2018-03-10 12:00:00,353.57017434981117,4312.609738842173,4666.179913191984
2018-03-10 13:00:00,364.41315420100705,158.42114158859093,522.834295789598
2018-03-10 14:00:00,354.12226817756306,0.0,354.12226817756306
2018-03-10 15:00:00,357.06515570899467,0.0,357.06515570899467
2018-03-10 16:00:00,334.72622819373305,489.99999888864016,824.7262270823732
2018-03-10 17:00:00,294.28587828404113,0.0,294.28587828404113
2018-03-10 18:00:00,265.5721766025431,0.0,265.5721766025431
2018-03-10 19:00:00,221.1172347802279,685.9999976300986,907.1172324103266
2018-03-10 20:00:00,181.93541000953286,0.0,181.93541000953286
2018-03-10 21:00:00,137.83984555711913,0.0,137.83984555711913
2018-03-10 22:00:00,95.18412846492737,323.02978517139087,418.21391363631824
2018-03-10 23:00:00,59.433396151989214,681.970212459296,741.4036086112852
2018-03-11 00:00:00,34.43537379689533,0.0,34.43537379689533
2018-03-11 01:00:00,20.116587674571868,0.0,20.116587674571868
2018-03-11 02:00:00,17.24624716557637,0.0,17.24624716557637
2018-03-11 03:00:00,25.002518322509765,0.0,25.002518322509765
2018-03-11 04:00:00,45.92686282241142,0.0,45.92686282241142
2018-03-11 05:00:00,75.41775101615511,0.0,75.41775101615511
2018-03-11 06:00:00,111.83071647139741,0.0,111.83071647139741
2018-03-11 07:00:00,152.27697096317857,0.0,152.27697096317857
2018-03-11 08:00:00,200.62896119948502,685.9999974291115,886.6289586285966
2018-03-11 09:00:00,235.917751561032,77.99999981693934,313.91775137797134
2018-03-11 10:00:00,289.20135331817005,332.31857034263425,621.5199236608044
2018-03-11 11:00:00,328.58135673028613,36.68142896237876,365.2627856926649
2018-03-11 12:00:00,333.48708629701275,0.0,333.48708629701275
2018-03-11 13:00:00,334.98512924687236,0.0,334.98512924687236
2018-03-11 14:00:00,358.3972650162126,0.0,358.3972650162126
2018-03-11 15:00:00,340.2487681498246,0.0,340.2487681498246
2018-03-11 16:00:00,334.3408299556004,0.0,334.3408299556004
2018-03-11 17:00:00,292.17737052597556,1175.999997027163,1468.1773675531385
2018-03-11 18:00:00,256.9297928166966,0.0,256.9297928166966
2018-03-11 19:00:00,229.22587164653027,0.0,229.22587164653027
2018-03-11 20:00:00,173.4531524819221,0.0,173.4531524819221
2018-03-11 21:00:00,139.15387638491637,0.0,139.15387638491637
2018-03-11 22:00:00,91.55083213915384,7109.549547542471,7201.100379681625
2018-03-11 23:00:00,59.44906844790039,20449.450374397555,20508.899442845457
2018-03-12 00:00:00,35.70426344141527,0.0,35.70426344141527
2018-03-12 01:00:00,20.223643710371462,2434.9999937016196,2455.223637411992
2018-03-12 02:00:00,18.350446904037113,4090.3599894864783,4108.7104363905155
2018-03-12 03:00:00,26.593479941454444,6493.639977569043,6520.233457510498
2018-03-12 04:00:00,44.975364574525344,2645.999991332445,2690.9753559069704
2018-03-12 05:00:00,78.32997027782216,0.6435504445050826,78.97352072232724
2018-03-12 06:00:00,111.8545268164951,10928.233021521748,11040.087548338242
2018-03-12 07:00:00,153.77135250366618,23991.441678273455,24145.213030777122
2018-03-12 08:00:00,203.05253124492984,21916.8134229725,22119.86595421743
2018-03-12 09:00:00,246.91018853322015,37040.37591617807,37287.28610471129
2018-03-12 10:00:00,265.8174349418696,43795.81391222862,44061.63134717049
2018-03-12 11:00:00,306.1421827318198,10089.178082337785,10395.320265069604
2018-03-12 12:00:00,338.94551570654346,16220.823979078723,16559.769494785265
2018-03-12 13:00:00,361.4825523425858,27867.461226517,28228.943778859582
2018-03-12 14:00:00,374.34829589773176,22647.87333294848,23022.221628846208
2018-03-12 15:00:00,360.4542253106356,37993.60264308343,38354.056868394066
2018-03-12 16:00:00,334.1612805016116,36158.81509921924,36492.97637972085
2018-03-12 17:00:00,293.98825021445293,15127.093671532813,15421.081921747267
2018-03-12 18:00:00,261.6269677085133,2214.829596723267,2476.45656443178
2018-03-12 19:00:00,228.95415116139583,0.0,228.95415116139583
2018-03-12 20:00:00,179.1433503357451,489.9999985114589,669.143348847204
2018-03-12 21:00:00,128.84650709345573,24820.999927339384,24949.84643443284
2018-03-12 22:00:00,89.57477655920287,46352.90249051214,46442.47726707134
2018-03-12 23:00:00,59.66727491731332,45370.097251585095,45429.76452650241
2018-03-13 00:00:00,36.59060362552957,0.0,36.59060362552957
2018-03-13 01:00:00,21.41026234586525,20008.999947527187,20030.41020987305
2018-03-13 02:00:00,17.774880742727742,0.0,17.774880742727742
2018-03-13 03:00:00,26.9153123072092,98.99999958394928,125.91531189115848
2018-03-13 04:00:00,46.459164943328126,7420.184660965565,7466.643825908894
2018-03-13 05:00:00,76.24421148797654,4802.504458529818,4878.748670017794
2018-03-13 06:00:00,116.4271947488822,24009.969664485892,24126.396859234774
2018-03-13 07:00:00,153.06616494508626,21111.688972787153,21264.75513773224
2018-03-13 08:00:00,194.35130392117122,42539.24807821949,42733.59938214066
2018-03-13 09:00:00,238.8343936342498,34560.39725824498,34799.23165187923
2018-03-13 10:00:00,279.1997882393173,25158.197790649054,25437.397578888373
2018-03-13 11:00:00,304.0498028833679,21696.396297548097,22000.446100431465
2018-03-13 12:00:00,336.59690948148693,27691.06827381163,28027.665183293117
2018-03-13 13:00:00,347.1422064965808,36379.123290533746,36726.26549703033
2018-03-13 14:00:00,354.88908938298425,29658.535345612523,30013.424434995504
2018-03-13 15:00:00,358.0012504772933,21595.08679898575,21953.08804946304
2018-03-13 16:00:00,329.7340730602638,24788.977339444307,25118.71141250457
2018-03-13 17:00:00,294.19499297337995,35306.10886973039,35600.303862703775
2018-03-13 18:00:00,260.4515353292902,8762.934141666941,9023.385676996233
2018-03-13 19:00:00,212.86752468420005,1329.5777299022734,1542.4452545864735
2018-03-13 20:00:00,170.37232256674446,98.99999952291574,269.3723220896602
2018-03-13 21:00:00,133.36816435671074,26302.99992749558,26436.36809185229
2018-03-13 22:00:00,90.25113147993011,42406.35166635437,42496.602797834305
2018-03-13 23:00:00,60.573493037453446,47058.64807782842,47119.22157086586
2018-03-14 00:00:00,34.577147892718294,0.0,34.577147892718294
2018-03-14 01:00:00,20.817019635457903,18897.999946122323,18918.816965757782
2018-03-14 02:00:00,17.770634818817754,0.0,17.770634818817754
2018-03-14 03:00:00,26.763030029427963,2775.654198872944,2802.4172289023713
2018-03-14 04:00:00,46.97480846749106,1343.3457892701315,1390.3205977376224
2018-03-14 05:00:00,74.45287094396726,197.9999996009812,272.45287054494844
2018-03-14 06:00:00,113.20803720787951,32447.543150425765,32560.751187633643
2018-03-14 07:00:00,153.13906425950154,21620.117183166534,21773.256247426034
2018-03-14 08:00:00,200.2848979943159,26653.426954855713,26853.711852850032
2018-03-14 09:00:00,237.79968866326078,43387.83518753756,43625.63487620081
2018-03-14 10:00:00,275.4526334587058,40236.06809958407,40511.52073304277
2018-03-14 11:00:00,304.33949766146367,35002.45453978654,35306.794037447995
2018-03-14 12:00:00,335.6116818239465,36777.01142846324,37112.62311028718
2018-03-14 13:00:00,348.85397311815615,30266.26769506909,30615.121668187247
2018-03-14 14:00:00,351.5689956496288,31787.541181979323,32139.11017762895
2018-03-14 15:00:00,354.97325924132076,24011.16440251834,24366.13766175966
2018-03-14 16:00:00,329.88270178425785,38679.4539437019,39009.33664548615
2018-03-14 17:00:00,309.373726448309,18254.580770471995,18563.954496920305
2018-03-14 18:00:00,269.5338754610451,4624.534398253823,4894.068273714868
2018-03-14 19:00:00,219.03883170238547,989.9999973460964,1209.0388290484818
2018-03-14 20:00:00,170.32515103008348,197.99999973647272,368.3251507665562
2018-03-14 21:00:00,138.1430932254097,23438.999936077056,23577.14302930247
2018-03-14 22:00:00,93.0405570179849,39891.2675583767,39984.30811539468
2018-03-14 23:00:00,57.60835895457656,35783.7322275842,35841.340586538776
2018-03-15 00:00:00,36.178751126743705,296.9999988910639,333.1787500178076
2018-03-15 01:00:00,20.207797165952872,18017.99994647849,18038.20774364444
2018-03-15 02:00:00,17.590552720888397,0.0,17.590552720888397
2018-03-15 03:00:00,26.648562954292423,2351.999993991007,2378.6485569452993
2018-03-15 04:00:00,43.47167365539947,391.9999987078072,435.4716723632067
2018-03-15 05:00:00,73.29956767366525,989.9999967351469,1063.299564408812
2018-03-15 06:00:00,108.00715575847786,9491.982552096984,9599.989707855464
2018-03-15 07:00:00,147.5781512435204,29638.90763833734,29786.485789580856
2018-03-15 08:00:00,199.78200835450144,33528.74473311167,33728.526741466165
2018-03-15 09:00:00,243.10437383122613,30663.07919742719,30906.183571258418
2018-03-15 10:00:00,274.1237768500466,26243.498332749492,26517.622109599542
2018-03-15 11:00:00,304.12251231360267,24669.832008855676,24973.954521169275
2018-03-15 12:00:00,329.07197143407075,24517.985700043402,24847.057671477472
2018-03-15 13:00:00,362.5233084014844,35647.286059418984,36009.80936782046
2018-03-15 14:00:00,352.14182645487205,34693.1222925834,35045.26411903827
2018-03-15 15:00:00,349.7834422520734,30495.27222179025,30845.05566404232
2018-03-15 16:00:00,332.81731616911435,66805.55003174357,67138.36734791267
2018-03-15 17:00:00,306.7233096401362,6235.9450339980585,6542.668343638195
2018-03-15 18:00:00,258.9459792742316,2398.7931936272116,2657.7391729014435
2018-03-15 19:00:00,227.61205923691344,197.9999997140119,425.6120589509253
2018-03-15 20:00:00,173.06003383708347,579.9999983355203,753.0600321726038
2018-03-15 21:00:00,129.32758723818625,18511.999949135083,18641.327536373272
2018-03-15 22:00:00,90.94136288782656,39918.89718819675,40009.83855108458
2018-03-15 23:00:00,59.69640991124465,36019.102597507146,36078.79900741839
2018-03-16 00:00:00,34.67137444832155,0.0,34.67137444832155
2018-03-16 01:00:00,21.17539308167096,19506.999945223677,19528.175338305344
2018-03-16 02:00:00,17.352165958298038,0.0,17.352165958298038
2018-03-16 03:00:00,25.831579058969524,4507.999988044263,4533.831567103232
2018-03-16 04:00:00,46.88984958022725,1828.803613457037,1875.6934630372646
2018-03-16 05:00:00,76.15683520315443,844.1963789469481,920.3532141501025
2018-03-16 06:00:00,111.86490942642153,32970.91513293277,33082.78004235919
2018-03-16 07:00:00,151.95580064542537,41373.79050338617,41525.74630403159
2018-03-16 08:00:00,200.91433373280466,14735.218025085967,14936.13235881877
2018-03-16 09:00:00,232.15103436866065,43723.72240928323,43955.87344365189
2018-03-16 10:00:00,292.7048332028671,29730.937325458613,30023.64215866148
2018-03-16 11:00:00,314.8358371878386,22838.986808971564,23153.822646159402
2018-03-16 12:00:00,346.9555758204143,25443.81950705094,25790.775082871354
2018-03-16 13:00:00,337.39075245526743,21315.98350371213,21653.3742561674
2018-03-16 14:00:00,373.05005773284324,31127.916739067714,31500.96679680056
2018-03-16 15:00:00,356.79037429676004,36456.60916136198,36813.39953565874
2018-03-16 16:00:00,337.7037719753124,33308.222388036265,33645.92616001158
2018-03-16 17:00:00,295.6328707252801,768.2518307795776,1063.8847015048577
2018-03-16 18:00:00,260.1661470404682,1852.6257396994288,2112.791886739897
2018-03-16 19:00:00,218.11897898725007,6236.999982341222,6455.118961328471
2018-03-16 20:00:00,174.52555359894475,0.0,174.52555359894475
2018-03-16 21:00:00,132.75128922776042,21433.99994183621,21566.751231063965
2018-03-16 22:00:00,90.25460802672319,44375.119141732765,44465.373749759485
2018-03-16 23:00:00,58.60260365425548,36694.88063296308,36753.48323661734
2018-03-17 00:00:00,34.013681792406146,0.0,34.013681792406146
2018-03-17 01:00:00,20.530958943103006,16245.999956747592,16266.530915690695
2018-03-17 02:00:00,18.65858674293493,0.0,18.65858674293493
2018-03-17 03:00:00,27.45519160276527,0.0,27.45519160276527
2018-03-17 04:00:00,46.05274785343183,0.0,46.05274785343183
2018-03-17 05:00:00,74.80205698962112,8562.266874486353,8637.068931475975
2018-03-17 06:00:00,106.83018713964188,13513.604605461207,13620.434792600849
2018-03-17 07:00:00,151.81083241608957,11751.360774673374,11903.171607089464
2018-03-17 08:00:00,194.1696548460201,17140.391033824384,17334.560688670404
2018-03-17 09:00:00,230.26558385537703,21252.423794695183,21482.689378550556
2018-03-17 10:00:00,280.6507468641531,12863.202543906757,13143.853290770909
2018-03-17 11:00:00,317.93661409620574,13326.840843099031,13644.777457195236
2018-03-17 12:00:00,352.90286398074977,2136.909251375016,2489.8121153557663
2018-03-17 13:00:00,346.39876471773357,0.0,346.39876471773357
2018-03-17 14:00:00,371.25940046012346,0.0,371.25940046012346
2018-03-17 15:00:00,344.3363833780671,0.0,344.3363833780671
2018-03-17 16:00:00,330.1309882656846,0.0,330.1309882656846
2018-03-17 17:00:00,295.10821412659965,56.99999995881208,352.10821408541176
2018-03-17 18:00:00,261.8174154609503,0.0,261.8174154609503
2018-03-17 19:00:00,217.07917003347882,0.0,217.07917003347882
2018-03-17 20:00:00,178.36402335948284,0.0,178.36402335948284
2018-03-17 21:00:00,133.58294583368837,277.9999988885751,411.58294472226345
2018-03-17 22:00:00,95.18921105985066,327.26328034327554,422.4524914031262
2018-03-17 23:00:00,56.61760728372753,666.7367172167175,723.354324500445
2018-03-18 00:00:00,33.46347672570654,0.0,33.46347672570654
2018-03-18 01:00:00,20.624932379760352,0.0,20.624932379760352
2018-03-18 02:00:00,17.35904324914088,0.0,17.35904324914088
2018-03-18 03:00:00,26.33584460476836,0.0,26.33584460476836
2018-03-18 04:00:00,46.8545136885229,0.0,46.8545136885229
2018-03-18 05:00:00,77.33130451506187,0.0,77.33130451506187
2018-03-18 06:00:00,108.25003056049239,77.9999999161809,186.2500304766733
2018-03-18 07:00:00,152.6147510282109,1791.0422456102892,1943.6569966385
2018-03-18 08:00:00,196.44716894604306,1599.9577454060989,1796.404914352142
2018-03-18 09:00:00,249.19254611587036,1964.9999949057685,2214.192541021639
2018-03-18 10:00:00,278.5981150613177,1273.9999963950143,1552.5981114563317
2018-03-18 11:00:00,301.13712102509874,197.9999992254395,499.13712025053815
2018-03-18 12:00:00,352.57241564234664,0.0,352.57241564234664
2018-03-18 13:00:00,366.0804853280776,0.0,366.0804853280776
2018-03-18 14:00:00,352.4268267967792,0.0,352.4268267967792
2018-03-18 15:00:00,345.86640550216106,0.0,345.86640550216106
2018-03-18 16:00:00,321.3202805196508,0.0,321.3202805196508
2018-03-18 17:00:00,303.9932335119039,0.0,303.9932335119039
2018-03-18 18:00:00,256.060229846257,155.99999926579332,412.06022911205037
2018-03-18 19:00:00,225.99626907335724,13673.999963213451,13899.99623228681
2018-03-18 20:00:00,175.6007335275023,0.0,175.6007335275023
2018-03-18 21:00:00,132.55553557134783,56.99999962824472,189.55553519959255
2018-03-18 22:00:00,92.32601631559574,117.32804314810066,209.6540594636964
2018-03-18 23:00:00,59.394116467748646,391.6719552380623,451.06607170581094
2018-03-19 00:00:00,34.05539659186197,1187.9999971075122,1222.0553936993742
2018-03-19 01:00:00,19.785066880961754,294.9999996224872,314.78506650344895
2018-03-19 02:00:00,17.1280574161182,0.0,17.1280574161182
2018-03-19 03:00:00,26.35835706102849,3331.9999895502783,3358.3583466113073
2018-03-19 04:00:00,45.34201428850458,97.99999972377032,143.34201401227492
2018-03-19 05:00:00,78.37779626816663,3030.8708230163666,3109.2486192845327
2018-03-19 06:00:00,114.08118078996564,8962.51773695835,9076.598917748317
2018-03-19 07:00:00,150.80912674128098,27401.841722008365,27552.650848749647
2018-03-19 08:00:00,203.3790792699645,18616.473442596587,18819.852521866553
2018-03-19 09:00:00,239.61939664077883,27340.34914219554,27579.96853883632
2018-03-19 10:00:00,273.42267085440403,41884.08094755419,42157.50361840859
2018-03-19 11:00:00,317.4416278703093,31515.09783525254,31832.539463122856
2018-03-19 12:00:00,352.31313895439047,39284.03287312571,39636.3460120801
2018-03-19 13:00:00,347.49399407687383,33111.33403410112,33458.828028177995
2018-03-19 14:00:00,368.53903664075017,26915.659607768263,27284.198644409014
2018-03-19 15:00:00,355.54824230109386,23360.421319547604,23715.969561848702
2018-03-19 16:00:00,339.2887505259715,35666.389739715654,36005.678490241626
2018-03-19 17:00:00,297.8821102211924,14724.929822067657,15022.811932288849
2018-03-19 18:00:00,272.9047377383818,2952.9999923717282,3225.90473011011
2018-03-19 19:00:00,229.88225182861524,0.0,229.88225182861524
2018-03-19 20:00:00,183.9466514211241,548.9999987001813,732.9466501213055
2018-03-19 21:00:00,126.88275683242153,19067.999947242603,19194.882704075022
2018-03-19 22:00:00,91.52680479114368,42132.18390919034,42223.71071398149
2018-03-19 23:00:00,61.39095407389267,36094.81587344243,36156.20682751632
2018-03-20 00:00:00,35.7829360907781,0.0,35.7829360907781
2018-03-20 01:00:00,21.27676278698698,23457.99993379801,23479.276696585
2018-03-20 02:00:00,17.149474381120527,0.0,17.149474381120527
2018-03-20 03:00:00,27.230339960996826,1959.9999954174536,1987.2303353784507
2018-03-20 04:00:00,46.14519166585227,1247.9270685525355,1294.0722602183878
2018-03-20 05:00:00,75.30554149032852,7501.24302082498,7576.548562315307
2018-03-20 06:00:00,106.07643507075663,17335.672957529936,17441.749392600694
2018-03-20 07:00:00,160.95122730992466,32561.349642016896,32722.30086932682
2018-03-20 08:00:00,189.252956081678,38226.521808057165,38415.77476413884
2018-03-20 09:00:00,241.64161316093592,39851.24121527908,40092.882828440015
2018-03-20 10:00:00,270.03480200419244,33580.837604858665,33850.87240686286
2018-03-20 11:00:00,307.1465131263573,16367.21073724233,16674.35725036869
2018-03-20 12:00:00,342.66424329976803,30349.093493524473,30691.757736824242
2018-03-20 13:00:00,353.5633117973474,34511.60541516705,34865.16872696439
2018-03-20 14:00:00,357.5527220596954,50411.05625154343,50768.60897360312
2018-03-20 15:00:00,343.6640140720731,42455.80842683791,42799.47244090999
2018-03-20 16:00:00,333.2779591310333,38597.789284870654,38931.06724400168
2018-03-20 17:00:00,295.7607046220755,8564.641968050506,8860.40267267258
2018-03-20 18:00:00,260.8887197808461,0.0,260.8887197808461
2018-03-20 19:00:00,212.43672050615027,1484.999996084973,1697.4367165911233
2018-03-20 20:00:00,174.75100976277454,2195.999993119262,2370.751002882036
2018-03-20 21:00:00,130.03973704497804,22499.999936663196,22630.039673708172
2018-03-20 22:00:00,90.03791826048126,41212.15013016235,41302.18804842284
2018-03-20 23:00:00,58.94080067227115,49085.84961078785,49144.790411460126
2018-03-21 00:00:00,33.22389005658597,0.0,33.22389005658597
2018-03-21 01:00:00,20.55596971100985,18650.99994434205,18671.55591405306
2018-03-21 02:00:00,17.737910935469994,0.0,17.737910935469994
2018-03-21 03:00:00,25.371577661064308,3723.999988558389,3749.3715662194527
2018-03-21 04:00:00,46.44291958071756,1744.1682238975172,1790.6111434782347
2018-03-21 05:00:00,78.21596712430852,8992.524440753947,9070.740407878257
2018-03-21 06:00:00,112.974350866707,16303.35644207837,16416.330792945075
2018-03-21 07:00:00,153.89009337657245,18884.971975722827,19038.8620690994
2018-03-21 08:00:00,206.81928724405486,36544.373515147105,36751.19280239116
2018-03-21 09:00:00,238.08372832653149,40274.71193363729,40512.79566196383
2018-03-21 10:00:00,282.1685405952777,41490.46663477522,41772.63517537051
2018-03-21 11:00:00,313.4289937311645,21225.90576102906,21539.334754760224
2018-03-21 12:00:00,338.18685762949576,26180.062264295742,26518.24912192524
2018-03-21 13:00:00,346.9460567130012,22155.71649185237,22502.66254856537
2018-03-21 14:00:00,351.1944693571125,35261.727763179784,35612.9222325369
2018-03-21 15:00:00,359.692093226365,27702.14251860136,28061.834611827726
2018-03-21 16:00:00,333.93211057736664,52325.411114949165,52659.343225526536
2018-03-21 17:00:00,311.6286188919838,11187.459904501358,11499.088523393342
2018-03-21 18:00:00,266.9446581800732,10749.999970562878,11016.944628742951
2018-03-21 19:00:00,229.3882943836444,2157.99999324363,2387.388287627274
2018-03-21 20:00:00,174.59888385904645,237.0922181609402,411.6911020199867
2018-03-21 21:00:00,135.26726336104622,28386.064635694893,28521.331899055942
2018-03-21 22:00:00,92.78879767008799,53682.22361196024,53775.01240963033
2018-03-21 23:00:00,62.70389284069397,35360.619203213544,35423.32309605424
2018-03-22 00:00:00,34.525940151354035,0.0,34.525940151354035
2018-03-22 01:00:00,19.968380280434666,18047.999950319056,18067.968330599495
2018-03-22 02:00:00,17.522281472576427,0.0,17.522281472576427
2018-03-22 03:00:00,26.59835978380902,881.9999972949145,908.5983570787234
2018-03-22 04:00:00,47.61704794112687,7420.739947862656,7468.356995803783
2018-03-22 05:00:00,75.32518471037308,4758.260019820604,4833.585204530977
2018-03-22 06:00:00,116.83202168185066,14331.705787651625,14448.537809333477
2018-03-22 07:00:00,147.82923167581254,26630.24921778251,26778.078449458324
2018-03-22 08:00:00,199.66101726719813,27532.14445577179,27731.805473038985
2018-03-22 09:00:00,237.47527817386896,54689.93076659547,54927.40604476934
2018-03-22 10:00:00,270.0610977609248,39111.246917774595,39381.30801553552
2018-03-22 11:00:00,307.1604730145927,26908.906729020033,27216.06720203463
2018-03-22 12:00:00,339.47718461124555,35470.4622898723,35809.939474483544
2018-03-22 13:00:00,343.6579862276849,30392.80148674488,30736.45947297256
2018-03-22 14:00:00,369.3441636785342,34477.47350513436,34846.8176688129
2018-03-22 15:00:00,337.07236898006454,34287.42385689395,34624.49622587401
2018-03-22 16:00:00,342.90446728326947,35154.570475673136,35497.47494295641
2018-03-22 17:00:00,294.2881161172543,18842.472215364316,19136.76033148157
2018-03-22 18:00:00,263.827993935573,354.6112356695088,618.4392296050817
2018-03-22 19:00:00,227.2583893694828,197.99999950813893,425.25838887762177
2018-03-22 20:00:00,185.30265419321788,73.32913649757276,258.63179069079064
2018-03-22 21:00:00,134.81307379845805,30683.0380411195,30817.85111491796
2018-03-22 22:00:00,92.65259146571968,45487.30153465473,45579.95412612045
2018-03-22 23:00:00,60.652109601378655,33101.330981948195,33161.98309154957
2018-03-23 00:00:00,35.03577368894114,0.0,35.03577368894114
2018-03-23 01:00:00,20.631652827894023,29049.999916498135,29070.63156932603
2018-03-23 02:00:00,17.477263973181408,296.9999995348669,314.4772635080483
2018-03-23 03:00:00,26.18416900323004,3527.999989625753,3554.1841586289834
2018-03-23 04:00:00,46.62088193400422,685.9999990392342,732.6208809732385
2018-03-23 05:00:00,76.61238570683761,1086.9999967893527,1163.6123824961903
2018-03-23 06:00:00,112.48018416503082,25042.683492449258,25155.16367661429
2018-03-23 07:00:00,158.52730804507814,18898.267002497065,19056.794310542144
2018-03-23 08:00:00,200.76163633780249,26688.049303093798,26888.810939431598
2018-03-23 09:00:00,231.1050319628971,27904.20337029855,28135.30840226145
2018-03-23 10:00:00,283.3419561202451,26137.946437364393,26421.288393484636
2018-03-23 11:00:00,306.0534432314199,39614.13876834984,39920.19221158126
2018-03-23 12:00:00,331.83039608789426,26386.9616962418,26718.792092329695
2018-03-23 13:00:00,344.40995231088266,26626.66644125402,26971.0763935649
2018-03-23 14:00:00,359.97680358657595,22058.54548580187,22418.52228938845
2018-03-23 15:00:00,349.84894850118087,19181.353234035603,19531.20218253678
2018-03-23 16:00:00,335.14436185706546,10123.381038090505,10458.525399947572
2018-03-23 17:00:00,297.7369441208291,1294.3326696108456,1592.0696137316745
2018-03-23 18:00:00,270.19079702142915,137.47030469461924,407.6611017160484
2018-03-23 19:00:00,208.53433415504054,1979.999994338954,2188.5343284939945
2018-03-23 20:00:00,175.8999513413363,98.99999965493933,274.8999509962756
2018-03-23 21:00:00,137.2489920990776,22891.999938500987,23029.248930600064
2018-03-23 22:00:00,93.89494808081777,39041.383581410395,39135.27852949121
2018-03-23 23:00:00,58.21430607431043,36286.61620770336,36344.83051377767
2018-03-24 00:00:00,34.56130509874483,0.0,34.56130509874483
2018-03-24 01:00:00,20.79512784596568,21741.999940365826,21762.795068211788
2018-03-24 02:00:00,18.09374054259913,33.77882068846511,51.87256123106424
2018-03-24 03:00:00,26.36914376107289,4646.106979179349,4672.476122940422
2018-03-24 04:00:00,45.61794398173518,5793.3978892449595,5839.015833226696
2018-03-24 05:00:00,75.55011312032907,7583.269815167062,7658.819928287391
2018-03-24 06:00:00,109.13167684815738,6261.608466630999,6370.740143479156
2018-03-24 07:00:00,154.54970848607894,3054.3029576926847,3208.852666178763
2018-03-24 08:00:00,198.5205773860513,20702.72188259291,20901.24245997896
2018-03-24 09:00:00,236.54386307609556,5309.803853893459,5546.347716969554
2018-03-24 10:00:00,279.9896650318325,3475.9339834641123,3755.9236484959447
2018-03-24 11:00:00,316.6300187747285,4546.536024559321,4863.166043334049
2018-03-24 12:00:00,340.3177095868591,1831.5391484646334,2171.8568580514925
2018-03-24 13:00:00,349.48051842241335,0.0,349.48051842241335
2018-03-24 14:00:00,360.7736715167231,0.0,360.7736715167231
2018-03-24 15:00:00,349.5818814498633,0.0,349.5818814498633
2018-03-24 16:00:00,318.8530330967051,0.0,318.8530330967051
2018-03-24 17:00:00,308.37241727787364,0.0,308.37241727787364
2018-03-24 18:00:00,256.80893151311943,0.0,256.80893151311943
2018-03-24 19:00:00,215.53432637715883,0.0,215.53432637715883
2018-03-24 20:00:00,177.97836425482322,15.99999995504728,193.9783642098705
2018-03-24 21:00:00,137.30037242661862,0.0,137.30037242661862
2018-03-24 22:00:00,93.362404134674,6954.859932645248,7048.2223367799215
2018-03-24 23:00:00,57.3295023150863,22178.922221872468,22236.251724187554
2018-03-25 00:00:00,36.386129449849484,1332.217761445425,1368.6038908952744
2018-03-25 01:00:00,20.923806135582197,0.0,20.923806135582197
2018-03-25 02:00:00,16.868613847578963,0.0,16.868613847578963
2018-03-25 03:00:00,27.11895326694022,0.0,27.11895326694022
2018-03-25 04:00:00,45.56576632343661,0.0,45.56576632343661
2018-03-25 05:00:00,75.44378358556574,0.0,75.44378358556574
2018-03-25 06:00:00,110.64174455689661,0.0,110.64174455689661
2018-03-25 07:00:00,147.01759506521887,0.0,147.01759506521887
2018-03-25 08:00:00,204.59870832928718,359.99999922177983,564.598707551067
2018-03-25 09:00:00,236.04974102582673,0.0,236.04974102582673
2018-03-25 10:00:00,281.0673202694909,0.0,281.0673202694909
2018-03-25 11:00:00,310.11075204945985,0.0,310.11075204945985
2018-03-25 12:00:00,329.5548621396239,0.0,329.5548621396239
2018-03-25 13:00:00,364.07090320333515,0.0,364.07090320333515
2018-03-25 14:00:00,370.3498365670024,0.0,370.3498365670024
2018-03-25 15:00:00,357.5905434722948,20.99999987947219,378.59054335176705
2018-03-25 16:00:00,315.6732202243809,0.0,315.6732202243809
2018-03-25 17:00:00,290.7813726532632,3.999999991103345,294.78137264436657
2018-03-25 18:00:00,268.4673550678134,0.0,268.4673550678134
2018-03-25 19:00:00,225.2927976495127,0.0,225.2927976495127
2018-03-25 20:00:00,178.54074884611748,0.0,178.54074884611748
2018-03-25 21:00:00,134.84297616883552,90.55645721057805,225.39943337941355
2018-03-25 22:00:00,94.22911561382062,826.4435403125965,920.6726559264171
2018-03-25 23:00:00,61.52839384809223,1484.9999956120607,1546.528389460153
2018-03-26 00:00:00,34.80911658026985,0.0,34.80911658026985
2018-03-26 01:00:00,20.64613240091003,0.0,20.64613240091003
2018-03-26 02:00:00,18.0770311921166,2155.9999933711947,2174.077024563311
2018-03-26 03:00:00,27.287894432653587,489.999998821741,517.2878932543946
2018-03-26 04:00:00,43.95631756893557,0.0,43.95631756893557
2018-03-26 05:00:00,72.93220996371764,29195.48240373852,29268.41461370224
2018-03-26 06:00:00,110.38338100550183,16856.462368710185,16966.845749715685
2018-03-26 07:00:00,153.35250509348919,18466.13708566002,18619.489590753506
2018-03-26 08:00:00,206.72084499809299,37915.15731053668,38121.87815553477
2018-03-26 09:00:00,244.44187084865615,34700.61617922613,34945.05805007478
2018-03-26 10:00:00,278.63091083056287,33551.141197430254,33829.77210826082
2018-03-26 11:00:00,315.2591303167586,44996.314543486835,45311.57367380359
2018-03-26 12:00:00,334.53159696145275,60111.04800057245,60445.5795975339
2018-03-26 13:00:00,343.0829731144066,24076.85758208668,24419.940555201087
2018-03-26 14:00:00,352.54938451609297,32619.40932907627,32971.958713592365
2018-03-26 15:00:00,331.8111041460151,25989.012651736048,26320.823755882062
2018-03-26 16:00:00,335.3012564723915,9932.360340050582,10267.661596522974
2018-03-26 17:00:00,308.00682834051014,689.9999987111885,998.0068270516986
2018-03-26 18:00:00,253.13140059311303,2952.1548618219686,3205.286262415081
2018-03-26 19:00:00,216.30487100497714,606.8451291992608,823.1500002042378
2018-03-26 20:00:00,181.89474050961684,23115.52620148182,23297.42094199144
2018-03-26 21:00:00,137.59303456845487,52571.97001964641,52709.563054214865
2018-03-26 22:00:00,90.67851393762288,29501.503495818102,29592.182009755725
2018-03-26 23:00:00,59.967953546879485,0.0,59.967953546879485
2018-03-27 00:00:00,34.32556185071822,20382.9999435997,20417.32550545042
2018-03-27 01:00:00,20.737789162102224,0.0,20.737789162102224
2018-03-27 02:00:00,18.536029538093075,5585.999984939926,5604.53601447802
2018-03-27 03:00:00,26.21146490530382,1077.9999966241403,1104.2114615294443
2018-03-27 04:00:00,46.20426623082213,427.7784635693589,473.982729800181
2018-03-27 05:00:00,75.7591075177637,24830.613913982535,24906.373021500294
2018-03-27 06:00:00,112.67110481892854,29685.308787372614,29797.979892191543
2018-03-27 07:00:00,151.00179650429976,26756.258935148704,26907.260731653005
2018-03-27 08:00:00,199.2926829001251,34681.5368236223,34880.82950652243
2018-03-27 09:00:00,241.89928402610946,29471.366037051936,29713.26532107804
2018-03-27 10:00:00,267.0040026293397,34076.05377248881,34343.057775118155
2018-03-27 11:00:00,298.92448745872827,34235.339168224804,34534.263655683535
2018-03-27 12:00:00,358.07353849625986,24883.523879745248,25241.59741824151
2018-03-27 13:00:00,367.33887785402527,32501.47551211971,32868.81438997375
2018-03-27 14:00:00,368.30117421400473,31349.589313525386,31717.89048773939
2018-03-27 15:00:00,362.55964900387244,43167.12842793171,43529.68807693559
2018-03-27 16:00:00,326.87168668281356,11326.430321439166,11653.302008121978
2018-03-27 17:00:00,295.4135904543514,872.5956485122208,1168.009238966572
2018-03-27 18:00:00,270.51222950599106,0.0,270.51222950599106
2018-03-27 19:00:00,224.7246803180057,1667.9999959168297,1892.7246762348354
2018-03-27 20:00:00,173.77415665638324,31334.11690190072,31507.891058557107
2018-03-27 21:00:00,127.05900280515868,47381.505577593925,47508.564580399085
2018-03-27 22:00:00,94.17528523593964,49181.37715538443,49275.55244062037
2018-03-27 23:00:00,62.53278225475297,2285.999992816611,2348.532775071364
2018-03-28 00:00:00,34.959133563343826,18627.999949546494,18662.95908310984
2018-03-28 01:00:00,20.960548556650096,0.0,20.960548556650096
2018-03-28 02:00:00,17.703709477466074,0.0,17.703709477466074
2018-03-28 03:00:00,25.503066051369224,6366.999984166927,6392.503050218296
2018-03-28 04:00:00,46.88236886273787,991.1257943706569,1038.0081632333947
2018-03-28 05:00:00,72.33916090855845,21867.928005015412,21940.26716592397
2018-03-28 06:00:00,109.73558039979244,40564.34874723351,40674.0843276333
2018-03-28 07:00:00,151.62137800409894,24940.865556315955,25092.486934320055
2018-03-28 08:00:00,189.7619678144501,48509.82841644299,48699.59038425743
2018-03-28 09:00:00,239.13837974493472,39007.48191925857,39246.620299003494
2018-03-28 10:00:00,292.1034130240779,29986.62910283783,30278.732515861906
2018-03-28 11:00:00,315.1227580699867,25500.94148900124,25816.06424707123
2018-03-28 12:00:00,348.1020617956917,17021.014529606917,17369.116591402606
2018-03-28 13:00:00,333.6050399416117,16496.043922327663,16829.648962269275
2018-03-28 14:00:00,370.538997801925,17137.155906780637,17507.694904582568
2018-03-28 15:00:00,350.9429001262441,38268.83499219653,38619.77789232277
2018-03-28 16:00:00,325.2584146214691,16711.21187544434,17036.47029006581
2018-03-28 17:00:00,296.1984442240979,5949.588787403638,6245.787231627736
2018-03-28 18:00:00,261.924054622521,6729.999979889396,6991.924034511917
2018-03-28 19:00:00,217.6325711128933,3202.999990454408,3420.6325615673013
2018-03-28 20:00:00,175.72230758920017,24157.999931841692,24333.722239430896
2018-03-28 21:00:00,130.54759546787287,47831.18199729651,47961.729592764386
2018-03-28 22:00:00,91.58130093216366,43689.81774235988,43781.39904329205
2018-03-28 23:00:00,58.52054483957515,0.0,58.52054483957515
2018-03-29 00:00:00,35.69840916199119,9486.999976316496,9522.698385478488
2018-03-29 01:00:00,20.379030055440655,0.0,20.379030055440655
2018-03-29 02:00:00,17.56759551144552,4214.999988435308,4232.567583946754
2018-03-29 03:00:00,25.5821689810783,4266.615113829174,4292.197282810253
2018-03-29 04:00:00,45.34779039625745,305.38487279539146,350.7326631916489
2018-03-29 05:00:00,73.54235191623042,9543.349341949459,9616.891693865693
2018-03-29 06:00:00,110.53734227664785,28662.100725346812,28772.638067623462
2018-03-29 07:00:00,161.41608961447815,42766.52363553461,42927.93972514909
2018-03-29 08:00:00,200.02358780433892,34114.79778295769,34314.82137076203
2018-03-29 09:00:00,254.51140467182148,44275.912290847366,44530.42369551918
2018-03-29 10:00:00,277.1919497459936,33765.83483077209,34043.02678051808
2018-03-29 11:00:00,311.7009914222674,30464.073530603237,30775.774522025506
2018-03-29 12:00:00,333.5725607465529,20895.841089177055,21229.41364992361
2018-03-29 13:00:00,339.8470314760502,46418.44958196675,46758.2966134428
2018-03-29 14:00:00,349.0559845183346,20624.065163119947,20973.12114763828
2018-03-29 15:00:00,349.21838288327217,22462.14623534835,22811.364618231622
2018-03-29 16:00:00,319.7000769274234,23768.904786731902,24088.604863659333
2018-03-29 17:00:00,309.00613659084206,1055.9999982564511,1365.0061348472932
2018-03-29 18:00:00,252.34235692805973,1653.2437085545414,1905.586065482601
2018-03-29 19:00:00,215.48425208906514,4508.680355575079,4724.164607664145
2018-03-29 20:00:00,174.86073488573103,21195.0758623376,21369.936597223328
2018-03-29 21:00:00,133.6646153313356,53440.55743813457,53574.222053465906
2018-03-29 22:00:00,92.58837664970105,50184.442267678496,50277.0306443282
2018-03-29 23:00:00,58.07792701809106,0.0,58.07792701809106
2018-03-30 00:00:00,34.14095153203944,34636.999899405826,34671.14085093786
2018-03-30 01:00:00,20.670890376185067,0.0,20.670890376185067
2018-03-30 02:00:00,18.237233423327233,2483.999994128226,2502.2372275515536
2018-03-30 03:00:00,26.05676940719519,4000.999986597826,4027.0567560050213
2018-03-30 04:00:00,45.760719424663485,1147.1526194059759,1192.9133388306393
2018-03-30 05:00:00,76.8847098729776,21718.29260918918,21795.177319062157
2018-03-30 06:00:00,113.57001695053583,20159.554655505795,20273.12467245633
2018-03-30 07:00:00,153.54142740071524,14079.992552651584,14233.533980052298
2018-03-30 08:00:00,201.5592763897479,28620.737219721705,28822.29649611145
2018-03-30 09:00:00,235.22145649383697,27881.734534951705,28116.95599144554
2018-03-30 10:00:00,281.85588263572254,26490.413362754887,26772.269245390606
2018-03-30 11:00:00,301.1382841024281,13708.379108482615,14009.517392585043
2018-03-30 12:00:00,339.4463881319392,23021.864776283317,23361.311164415252
2018-03-30 13:00:00,347.1818637079691,10646.302150503763,10993.484014211732
2018-03-30 14:00:00,357.11482898992233,16164.09624411933,16521.21107310925
2018-03-30 15:00:00,356.6009248300919,24023.74246278359,24380.34338761368
2018-03-30 16:00:00,322.57075818154954,111.7370605133337,434.3078186948833
2018-03-30 17:00:00,294.8691923775351,394.9999986847349,689.86919106227
2018-03-30 18:00:00,253.73534324324987,5.9999999840688725,259.7353432273187
2018-03-30 19:00:00,224.02678710087443,602.2641549163856,826.2909420172599
2018-03-30 20:00:00,172.8634439957935,7133.735822291299,7306.599266287093
2018-03-30 21:00:00,134.99277648738394,36046.65082543354,36181.64360192093
2018-03-30 22:00:00,96.70988301971462,31814.34898204548,31911.05886506519
2018-03-30 23:00:00,61.39092713496651,2772.999992011732,2834.3909191466987
2018-03-31 00:00:00,34.13227189962187,0.0,34.13227189962187
2018-03-31 01:00:00,19.909360352154515,0.0,19.909360352154515
2018-03-31 02:00:00,17.967422852789653,0.0,17.967422852789653
2018-03-31 03:00:00,26.263019503831458,0.0,26.263019503831458
2018-03-31 04:00:00,45.83309468943476,0.0,45.83309468943476
2018-03-31 05:00:00,75.08066359723176,77.99999981967328,153.08066341690503
2018-03-31 06:00:00,111.57069716247521,0.0,111.57069716247521
2018-03-31 07:00:00,160.10882674813251,758.999997982793,919.1088247309256
2018-03-31 08:00:00,197.09687591981097,359.9999989641087,557.0968748839198
2018-03-31 09:00:00,243.46385786513991,2042.9999935193632,2286.4638513845034
2018-03-31 10:00:00,287.40242338878306,0.0,287.40242338878306
2018-03-31 11:00:00,321.58213671119756,0.0,321.58213671119756
2018-03-31 12:00:00,353.19955850984616,0.0,353.19955850984616
2018-03-31 13:00:00,353.4265433244959,1079.9999974189702,1433.4265407434661
2018-03-31 14:00:00,341.4092472161202,0.0,341.4092472161202
2018-03-31 15:00:00,335.20524806291576,0.0,335.20524806291576
2018-03-31 16:00:00,333.1077777201029,0.0,333.1077777201029
2018-03-31 17:00:00,299.3375910940869,0.0,299.3375910940869
2018-03-31 18:00:00,253.8995963751976,0.0,253.8995963751976
2018-03-31 19:00:00,219.23638834745026,0.0,219.23638834745026
2018-03-31 20:00:00,173.6157199754731,1079.9999975273545,1253.6157175028277
2018-03-31 21:00:00,127.8385512003822,8218.024400815864,8345.862952016247
2018-03-31 22:00:00,96.12570080302581,16112.975530402333,16209.101231205357
2018-03-31 23:00:00,57.59725495009237,0.0,57.59725495009237
2018-04-01 00:00:00,34.77000186988782,0.0,34.77000186988782
2018-04-01 01:00:00,20.835844665687148,0.0,20.835844665687148
2018-04-01 02:00:00,17.296442491023775,0.0,17.296442491023775
2018-04-01 03:00:00,26.047427646316997,0.0,26.047427646316997
2018-04-01 04:00:00,47.76386250425131,0.0,47.76386250425131
2018-04-01 05:00:00,77.80708276659342,0.0,77.80708276659342
2018-04-01 06:00:00,109.53767645510835,890.9999971533866,1000.537673608495
2018-04-01 07:00:00,155.40459824798373,0.0,155.40459824798373
2018-04-01 08:00:00,190.17464046801268,0.0,190.17464046801268
2018-04-01 09:00:00,241.85925192923173,0.0,241.85925192923173
2018-04-01 10:00:00,280.1634281790831,0.0,280.1634281790831
2018-04-01 11:00:00,316.3941273117928,0.0,316.3941273117928
2018-04-01 12:00:00,337.96555177729283,0.0,337.96555177729283
2018-04-01 13:00:00,351.59767614824426,0.0,351.59767614824426
2018-04-01 14:00:00,363.36128016009354,0.0,363.36128016009354
2018-04-01 15:00:00,348.4044937019846,295.99999899134707,644.4044926933318
2018-04-01 16:00:00,320.8860847916036,0.0,320.8860847916036
2018-04-01 17:00:00,293.8873363097235,0.0,293.8873363097235
2018-04-01 18:00:00,271.7155774545846,0.0,271.7155774545846
2018-04-01 19:00:00,223.5273763315176,0.0,223.5273763315176
2018-04-01 20:00:00,172.74080157326136,0.0,172.74080157326136
2018-04-01 21:00:00,127.5965834454338,523.6910995960573,651.287683041491
2018-04-01 22:00:00,94.3296811762454,999.3088955135196,1093.638576689765
2018-04-01 23:00:00,59.42225119163511,0.0,59.42225119163511
2018-04-02 00:00:00,34.479217633569824,176.99999944747913,211.479217081049
2018-04-02 01:00:00,21.15063198582945,0.0,21.15063198582945
2018-04-02 02:00:00,17.808353413830805,293.9999991996792,311.80835261351
2018-04-02 03:00:00,24.869422342781064,0.0,24.869422342781064
2018-04-02 04:00:00,46.971061495662795,97.99999990087191,144.97106139653474
2018-04-02 05:00:00,75.60530961893318,1088.9999966225146,1164.6053062414478
2018-04-02 06:00:00,111.52867876948517,1054.9999968971852,1166.5286756666706
2018-04-02 07:00:00,152.54036231280708,0.0,152.54036231280708
2018-04-02 08:00:00,205.537957352109,688.9999979358761,894.5379552879851
2018-04-02 09:00:00,235.90107555254716,1088.9999979217923,1324.9010734743397
2018-04-02 10:00:00,272.43316749853864,395.9999989980362,668.4331664965748
2018-04-02 11:00:00,328.0622792901396,0.999999995220483,329.0622792853601
2018-04-02 12:00:00,331.6535062803804,691.9999980994414,1023.6535043798217
2018-04-02 13:00:00,347.94727700750025,2078.9999936897134,2426.9472706972138
2018-04-02 14:00:00,353.6201772194731,277.9999986712565,631.6201758907296
2018-04-02 15:00:00,358.45589671825076,0.0,358.45589671825076
2018-04-02 16:00:00,313.09258937820096,783.9999986734027,1097.0925880516036
2018-04-02 17:00:00,300.8078459545004,0.0,300.8078459545004
2018-04-02 18:00:00,255.52664244301792,0.0,255.52664244301792
2018-04-02 19:00:00,212.52392987015264,0.0,212.52392987015264
2018-04-02 20:00:00,177.86769301255111,5981.9999840526925,6159.867677065244
2018-04-02 21:00:00,136.17988159394312,3405.091332499425,3541.271214093368
2018-04-02 22:00:00,92.50892490675191,3372.908648312018,3465.41757321877
2018-04-02 23:00:00,62.05657648153142,0.0,62.05657648153142
2018-04-03 00:00:00,34.79432319893884,58.99999988156045,93.7943230804993
2018-04-03 01:00:00,20.81822282998463,0.0,20.81822282998463
2018-04-03 02:00:00,17.443115773310954,1861.999994736476,1879.443110509787
2018-04-03 03:00:00,26.827944560472154,391.999999452318,418.82794401279017
2018-04-03 04:00:00,45.095223145128315,9053.99997320482,9099.095196349948
2018-04-03 05:00:00,71.2002871937167,9359.914771762378,9431.115058956095
2018-04-03 06:00:00,109.70880563889048,25155.796143192398,25265.504948831287
2018-04-03 07:00:00,155.3210155389117,36050.31870001695,36205.63971555586
2018-04-03 08:00:00,195.8403564794138,39267.761201418616,39463.60155789803
2018-04-03 09:00:00,238.71371035145427,50878.98693509637,51117.700645447825
2018-04-03 10:00:00,275.9380801158569,37755.413848482036,38031.3519285979
2018-04-03 11:00:00,330.05167037179814,24168.43699834938,24498.488668721184
2018-04-03 12:00:00,335.9923663770501,22413.27284186343,22749.265208240482
2018-04-03 13:00:00,362.6506017188392,19645.979471608713,20008.630073327553
2018-04-03 14:00:00,338.6356853063322,14701.854427612856,15040.49011291919
2018-04-03 15:00:00,348.0794082053336,33353.957538055496,33702.03694626083
2018-04-03 16:00:00,322.3344799860054,3312.306233380404,3634.6407133664097
2018-04-03 17:00:00,302.66961499375134,1322.3140628016545,1624.983677795406
2018-04-03 18:00:00,264.7363763392822,2371.037952315179,2635.7743286544614
2018-04-03 19:00:00,212.5229091821067,270.6479738193686,483.1708830014753
2018-04-03 20:00:00,166.56711929136662,11731.999965260042,11898.567084551405
2018-04-03 21:00:00,134.76486046226512,32865.098162702,32999.86302316427
2018-04-03 22:00:00,88.71417824094823,19988.901691145787,20077.615869386733
2018-04-03 23:00:00,58.96540534460743,0.0,58.96540534460743
2018-04-04 00:00:00,34.29123234989727,25607.9999343291,25642.291166679
2018-04-04 01:00:00,20.185423132479272,0.0,20.185423132479272
2018-04-04 02:00:00,18.015033489206672,2449.9999934139632,2468.01502690317
2018-04-04 03:00:00,26.232903782587563,1861.9999939946763,1888.2328977772643
2018-04-04 04:00:00,45.00179217393365,8148.837040617221,8193.838832791154
2018-04-04 05:00:00,73.46474972831047,8684.162914356963,8757.627664085272
2018-04-04 06:00:00,109.40152508277164,33545.23263408188,33654.63415916465
2018-04-04 07:00:00,154.99322609346996,16675.80144113594,16830.794667229413
2018-04-04 08:00:00,196.00161356378445,38434.513190574144,38630.51480413793
2018-04-04 09:00:00,233.0971524088087,29045.981704512727,29279.078856921526
2018-04-04 10:00:00,272.94839561367155,23129.757054130605,23402.705449744277
2018-04-04 11:00:00,312.60467807532484,33781.90241710829,34094.50709518362
2018-04-04 12:00:00,332.5964468683675,36977.92403911372,37310.52048598208
2018-04-04 13:00:00,356.40657855215204,28143.863070588246,28500.269649140395
2018-04-04 14:00:00,346.74592031793424,19357.676189778853,19704.42211009679
2018-04-04 15:00:00,343.35862047537495,25940.894992208814,26284.25361268419
2018-04-04 16:00:00,321.69071234035243,3948.452456753978,4270.14316909433
2018-04-04 17:00:00,295.48258614679,197.9999989963855,493.4825851431756
2018-04-04 18:00:00,267.4929654719317,514.9999990072654,782.4929644791971
2018-04-04 19:00:00,219.5480816071705,0.0,219.5480816071705
2018-04-04 20:00:00,174.76967734421214,25951.99992579907,26126.769603143282
2018-04-04 21:00:00,128.18728494292372,48104.018269771244,48232.20555471417
2018-04-04 22:00:00,93.39903694078023,48462.98145934072,48556.38049628151
2018-04-04 23:00:00,56.06398309773627,0.0,56.06398309773627
2018-04-05 00:00:00,34.49122114459439,19963.999945509917,19998.491166654505
2018-04-05 01:00:00,20.79622830750014,0.0,20.79622830750014
2018-04-05 02:00:00,17.120361323728662,1371.9999958828314,1389.1203572065601
2018-04-05 03:00:00,25.950607264922986,1155.9999961757346,1181.9506034406572
2018-04-05 04:00:00,47.710280317529836,7131.899204116595,7179.609484434125
2018-04-05 05:00:00,77.7872513170089,14020.954026801823,14098.741278118832
2018-04-05 06:00:00,108.50872348786586,33268.776860815546,33377.28558430342
2018-04-05 07:00:00,152.89972455338807,23454.347406679895,23607.247131233285
2018-04-05 08:00:00,203.83207214177577,24394.5507044424,24598.382776584174
2018-04-05 09:00:00,241.982253224128,35055.598241023894,35297.58049424802
2018-04-05 10:00:00,277.45619535148796,21653.684160689372,21931.14035604086
2018-04-05 11:00:00,313.45771160306816,23978.66034002813,24292.1180516312
2018-04-05 12:00:00,336.3379584783372,21260.696000043914,21597.03395852225
2018-04-05 13:00:00,353.8204615411314,20453.055369986294,20806.875831527424
2018-04-05 14:00:00,371.0861866174598,12223.754840668778,12594.841027286238
2018-04-05 15:00:00,357.0158580523189,40572.337129426625,40929.352987478946
2018-04-05 16:00:00,336.0461048347983,1939.7076202488624,2275.753725083661
2018-04-05 17:00:00,292.84657801218225,3874.9773086322616,4167.823886644444
2018-04-05 18:00:00,263.0071447656343,296.9999989296793,560.0071436953135
2018-04-05 19:00:00,223.17605693455783,0.0,223.17605693455783
2018-04-05 20:00:00,171.881322497805,17814.99995150144,17986.881273999243
2018-04-05 21:00:00,132.86938434940703,41378.2093571126,41511.07874146201
2018-04-05 22:00:00,91.9743292647297,36788.7904297722,36880.76475903692
2018-04-05 23:00:00,56.23164532272987,0.0,56.23164532272987
2018-04-06 00:00:00,33.83617170736798,18342.999949446457,18376.836121153825
2018-04-06 01:00:00,19.950800472541978,0.0,19.950800472541978
2018-04-06 02:00:00,17.978827999177135,1273.999995869255,1291.978823868432
2018-04-06 03:00:00,26.81238715323163,979.9999965121852,1006.8123836654166
2018-04-06 04:00:00,46.013164155615826,268.69308977847265,314.70625393408847
2018-04-06 05:00:00,76.34658496799696,20118.72512885544,20195.07171382344
2018-04-06 06:00:00,110.89152100477378,20559.042373369997,20669.93389437477
2018-04-06 07:00:00,156.53220534564474,25841.173828194973,25997.706033540613
2018-04-06 08:00:00,192.6466142920377,56227.87360114681,56420.520215438846
2018-04-06 09:00:00,248.35193635248845,35432.52025717562,35680.87219352812
2018-04-06 10:00:00,281.77351212874225,15002.38447967282,15284.157991801563
2018-04-06 11:00:00,315.2859288725881,30395.518213753112,30710.8041426257
2018-04-06 12:00:00,328.6580482721555,22855.056546301726,23183.71459457388
2018-04-06 13:00:00,356.5530026145657,25877.584007741512,26234.137010356077
2018-04-06 14:00:00,362.34917448039744,28605.971390067236,28968.32056454763
2018-04-06 15:00:00,350.0791013630215,30270.560535564775,30620.639636927794
2018-04-06 16:00:00,329.7729287411017,5526.895660509734,5856.668589250836
2018-04-06 17:00:00,296.7499288620088,1801.9999951538116,2098.7499240158204
2018-04-06 18:00:00,256.54101086901437,197.99999948942744,454.5410103584418
2018-04-06 19:00:00,222.91948724952948,0.0,222.91948724952948
2018-04-06 20:00:00,176.23010858746287,21811.999941246115,21988.23004983358
2018-04-06 21:00:00,133.58979689796692,36603.35079106784,36736.9405879658
2018-04-06 22:00:00,93.55775582124238,44215.40008929048,44308.95784511173
2018-04-06 23:00:00,59.390686416943666,235.24889201418705,294.63957843113064
2018-04-07 00:00:00,35.353342324605485,22357.99993709636,22393.353279420964
2018-04-07 01:00:00,20.860134006540413,0.0,20.860134006540413
2018-04-07 02:00:00,17.94385805218718,395.9999993596532,413.9438574118404
2018-04-07 03:00:00,26.351781678344366,0.0,26.351781678344366
2018-04-07 04:00:00,46.28544316058918,0.0,46.28544316058918
2018-04-07 05:00:00,76.86224067157984,0.0,76.86224067157984
2018-04-07 06:00:00,111.5979673404741,0.0,111.5979673404741
2018-04-07 07:00:00,158.68172202255647,0.0,158.68172202255647
2018-04-07 08:00:00,194.26829926677595,0.0,194.26829926677595
2018-04-07 09:00:00,245.40283879442458,0.0,245.40283879442458
2018-04-07 10:00:00,291.3177548917147,0.0,291.3177548917147
2018-04-07 11:00:00,303.335713106213,0.0,303.335713106213
2018-04-07 12:00:00,340.7545491977624,0.0,340.7545491977624
2018-04-07 13:00:00,357.0550551268074,0.0,357.0550551268074
2018-04-07 14:00:00,349.6794764106265,0.0,349.6794764106265
2018-04-07 15:00:00,351.8721994418894,0.0,351.8721994418894
2018-04-07 16:00:00,327.4206537582198,0.0,327.4206537582198
2018-04-07 17:00:00,285.1744448527072,0.0,285.1744448527072
2018-04-07 18:00:00,255.38122683706314,0.0,255.38122683706314
2018-04-07 19:00:00,218.15774924510833,0.0,218.15774924510833
2018-04-07 20:00:00,181.6166920677522,0.0,181.6166920677522
2018-04-07 21:00:00,126.46707050778883,2415.6196075592507,2542.08667806704
2018-04-07 22:00:00,88.18344022244418,4502.380373037978,4590.563813260422
2018-04-07 23:00:00,60.89617444504657,0.0,60.89617444504657
2018-04-08 00:00:00,33.9384132267925,0.0,33.9384132267925
2018-04-08 01:00:00,20.333793769392578,0.0,20.333793769392578
2018-04-08 02:00:00,16.852279931860558,0.0,16.852279931860558
2018-04-08 03:00:00,26.93286940306638,0.0,26.93286940306638
2018-04-08 04:00:00,45.20984552742314,0.0,45.20984552742314
2018-04-08 05:00:00,77.3682329445659,0.0,77.3682329445659
2018-04-08 06:00:00,116.6396990670141,0.0,116.6396990670141
2018-04-08 07:00:00,153.506665661454,0.0,153.506665661454
2018-04-08 08:00:00,190.64860352334026,0.0,190.64860352334026
2018-04-08 09:00:00,245.00533880514,0.0,245.00533880514
2018-04-08 10:00:00,283.1768211569934,0.0,283.1768211569934
2018-04-08 11:00:00,320.46064215205934,0.0,320.46064215205934
2018-04-08 12:00:00,338.99026378439066,0.0,338.99026378439066
2018-04-08 13:00:00,335.3166747697934,0.0,335.3166747697934
2018-04-08 14:00:00,346.30133552939196,1681.5681154264985,2027.8694509558904
2018-04-08 15:00:00,351.32306134285494,14361.658328500173,14712.981389843028
2018-04-08 16:00:00,342.9026275063482,5710.773491994383,6053.676119500731
2018-04-08 17:00:00,298.83159082017164,98.99999984177876,397.8315906619504
2018-04-08 18:00:00,259.6742488060412,0.0,259.6742488060412
2018-04-08 19:00:00,216.2838158426872,0.0,216.2838158426872
2018-04-08 20:00:00,172.6874812228252,0.0,172.6874812228252
2018-04-08 21:00:00,128.84163957490424,183.18425607033697,312.0258956452412
2018-04-08 22:00:00,91.47503642305654,532.8157418290396,624.2907782520962
2018-04-08 23:00:00,57.77409447595706,0.0,57.77409447595706
2018-04-09 00:00:00,34.53406939559181,1189.9999971131792,1224.5340665087708
2018-04-09 01:00:00,20.559750013123168,2841.9999913480024,2862.5597413611254
2018-04-09 02:00:00,17.393007968419912,1175.999996008488,1193.393003976908
2018-04-09 03:00:00,25.67714751278076,0.0,25.67714751278076
2018-04-09 04:00:00,46.0748275619561,0.0,46.0748275619561
2018-04-09 05:00:00,75.11638735656882,22402.877074276614,22477.99346163318
2018-04-09 06:00:00,112.48574731550084,31102.073297225026,31214.559044540525
2018-04-09 07:00:00,153.26274830571126,40155.9245296019,40309.187277907615
2018-04-09 08:00:00,204.37666929616594,29933.000556423467,30137.377225719632
2018-04-09 09:00:00,244.46686011662769,31050.429337031208,31294.896197147842
2018-04-09 10:00:00,276.0642386471296,31438.872764950385,31714.937003597515
2018-04-09 11:00:00,310.87655616462337,40840.212848391406,41151.08940455603
2018-04-09 12:00:00,322.0532451111609,19616.31894445362,19938.372189564776
2018-04-09 13:00:00,355.33788776773076,24857.927308304777,25213.265196072505
2018-04-09 14:00:00,360.506311162576,12247.346583530847,12607.852894693424
2018-04-09 15:00:00,339.0861953158333,21322.158461202103,21661.244656517934
2018-04-09 16:00:00,319.01329593354717,11116.857397378004,11435.87069331155
2018-04-09 17:00:00,308.47522881437646,1371.7446613499685,1680.219890164345
2018-04-09 18:00:00,259.9142696649283,503.25533344107833,763.1696031060068
2018-04-09 19:00:00,218.66315158895677,1142.9999974338955,1361.663149022852
2018-04-09 20:00:00,177.6507017611525,16180.99995258407,16358.650654345223
2018-04-09 21:00:00,132.53192774258258,49079.25226749078,49211.784195233355
2018-04-09 22:00:00,89.98332236608233,40720.74747669619,40810.73079906227
2018-04-09 23:00:00,58.69546963039082,0.0,58.69546963039082
2018-04-10 00:00:00,34.502760355184435,19545.999944282765,19580.502704637955
2018-04-10 01:00:00,20.493447576751258,0.0,20.493447576751258
2018-04-10 02:00:00,17.950507615013166,0.0,17.950507615013166
2018-04-10 03:00:00,27.148706774891288,3037.999993231801,3065.1487000066923
2018-04-10 04:00:00,44.86100578977439,3411.99999031912,3456.8609961088946
2018-04-10 05:00:00,74.93636751598143,9466.165414005744,9541.101781521724
2018-04-10 06:00:00,115.82747687135387,25159.01367057291,25274.841147444266
2018-04-10 07:00:00,153.69467628455112,38569.9592574875,38723.653933772046
2018-04-10 08:00:00,196.27315041981532,43093.87195150682,43290.14510192664
2018-04-10 09:00:00,241.92564920120353,27075.370894506734,27317.29654370794
2018-04-10 10:00:00,284.32217453372976,30158.646604027468,30442.9687785612
2018-04-10 11:00:00,323.0183216299514,33351.62563140832,33674.64395303827
2018-04-10 12:00:00,321.5298798150816,18422.18509119559,18743.71497101067
2018-04-10 13:00:00,343.20344023625967,34351.25761639114,34694.4610566274
2018-04-10 14:00:00,357.77739688190536,52648.50316478154,53006.28056166345
2018-04-10 15:00:00,348.35330310293284,37193.05753575829,37541.41083886122
2018-04-10 16:00:00,343.3217575772013,7632.342164549733,7975.663922126934
2018-04-10 17:00:00,296.34748041264186,98.99999980141023,395.34748021405204
2018-04-10 18:00:00,271.0374464375328,561.9999984277891,833.037444865322
2018-04-10 19:00:00,221.16467775271795,186.99999961107795,408.1646773637959
2018-04-10 20:00:00,180.5412690642141,29138.49479992117,29319.036068985384
2018-04-10 21:00:00,128.76857424685156,49032.42097971708,49161.18955396393
2018-04-10 22:00:00,90.65121050592481,52681.083856131016,52771.73506663694
2018-04-10 23:00:00,60.5494587167239,1313.999996281438,1374.5494549981618
2018-04-11 00:00:00,36.23054411648922,22384.999935926608,22421.230480043094
2018-04-11 01:00:00,19.512948453017252,197.9999990396175,217.51294749263477
2018-04-11 02:00:00,17.690176199350056,1861.9999949345904,1879.6901711339403
2018-04-11 03:00:00,26.197324159227207,1665.9999950149866,1692.1973191742134
2018-04-11 04:00:00,45.719744868687656,98.999999891893,144.71974476058065
2018-04-11 05:00:00,76.9592602132947,12561.836037613384,12638.795297826679
2018-04-11 06:00:00,113.64466719737517,28071.023193294553,28184.667860491925
2018-04-11 07:00:00,155.09004935793942,28634.267830583478,28789.357879941417
2018-04-11 08:00:00,202.0034454733323,40641.87880348594,40843.88224895928
2018-04-11 09:00:00,239.01181104310047,53399.89324997111,53638.905061014215
2018-04-11 10:00:00,281.39082308584364,27420.351837601458,27701.742660687305
2018-04-11 11:00:00,298.97537519044977,26791.92300660676,27090.89838179721
2018-04-11 12:00:00,340.5362910000956,23108.977808118867,23449.514099118966
2018-04-11 13:00:00,354.3709916679914,20154.69070067958,20509.061692347575
2018-04-11 14:00:00,348.30863308124515,26702.713852052362,27051.02248513361
2018-04-11 15:00:00,365.527526922721,35962.41496780255,36327.94249472527
2018-04-11 16:00:00,318.20470599945054,11042.027783207785,11360.232489207236
2018-04-11 17:00:00,294.7270060387841,508.4650640031931,803.1920700419773
2018-04-11 18:00:00,270.2959010635852,2023.5349297728872,2293.830830836472
2018-04-11 19:00:00,224.29800038921013,1011.999997211465,1236.297997600675
2018-04-11 20:00:00,176.27284962073693,21270.99993969341,21447.27278931415
2018-04-11 21:00:00,131.96119044098265,42261.50854250911,42393.469732950085
2018-04-11 22:00:00,90.38356045804736,39966.49122011513,40056.87478057318
2018-04-11 23:00:00,57.59139421867681,0.0,57.59139421867681
2018-04-12 00:00:00,34.98994418307793,25650.999926656685,25685.989870839763
2018-04-12 01:00:00,20.95847235258296,0.0,20.95847235258296
2018-04-12 02:00:00,17.847143827327386,0.0,17.847143827327386
2018-04-12 03:00:00,25.86351845966103,0.0,25.86351845966103
2018-04-12 04:00:00,48.28530299451487,787.101645739934,835.3869487344489
2018-04-12 05:00:00,72.57759544707184,14482.461833138499,14555.039428585571
2018-04-12 06:00:00,111.00371010869301,20797.260023760733,20908.263733869426
2018-04-12 07:00:00,161.79195583235222,50769.271806374236,50931.06376220659
2018-04-12 08:00:00,204.78256841172004,32526.343058410792,32731.125626822508
2018-04-12 09:00:00,246.99995864959453,34890.52804585322,35137.52800450282
2018-04-12 10:00:00,280.6821325397329,21722.002447227704,22002.684579767436
2018-04-12 11:00:00,305.137167296445,44812.17693350585,45117.314100802294
2018-04-12 12:00:00,334.7394639701589,21386.39140733162,21721.13087130178
2018-04-12 13:00:00,358.8704538594431,37073.81471176245,37432.68516562189
2018-04-12 14:00:00,363.96369235475976,23934.689279626353,24298.652971981115
2018-04-12 15:00:00,341.00312314107657,25476.538717824467,25817.541840965543
2018-04-12 16:00:00,325.090313052375,7210.419153118282,7535.509466170657
2018-04-12 17:00:00,293.3102343110951,395.9999986344046,689.3102329454997
2018-04-12 18:00:00,250.6774255396993,2937.663751724417,3188.341177264116
2018-04-12 19:00:00,218.26355614633962,4091.336229446587,4309.599785592926
2018-04-12 20:00:00,177.53839669828463,21234.999941967057,21412.53833866535
2018-04-12 21:00:00,137.72216175038682,43438.831131273786,43576.55329302418
2018-04-12 22:00:00,96.15394028197223,46449.16861753071,46545.32255781269
2018-04-12 23:00:00,59.3594589799634,0.0,59.3594589799634
2018-04-13 00:00:00,34.746661077251346,30454.999912223655,30489.74657330091
2018-04-13 01:00:00,20.795558214764238,0.0,20.795558214764238
2018-04-13 02:00:00,17.7272871198659,783.9999980694897,801.7272851893556
2018-04-13 03:00:00,27.348193139133436,1469.9999964048593,1497.3481895439927
2018-04-13 04:00:00,45.38699370158234,10236.079319174085,10281.46631287567
2018-04-13 05:00:00,74.75178994402214,15095.925195226595,15170.676985170616
2018-04-13 06:00:00,108.62520671478045,26122.995345584244,26231.620552299024
2018-04-13 07:00:00,155.40183877146387,16341.326317254194,16496.728156025656
2018-04-13 08:00:00,200.42377725635316,54725.94066759362,54926.36444484998
2018-04-13 09:00:00,237.81438911363023,37555.885793636146,37793.70018274977
2018-04-13 10:00:00,274.9227842387385,39354.592948339756,39629.5157325785
2018-04-13 11:00:00,321.2639205014968,33629.15815940007,33950.42207990157
2018-04-13 12:00:00,334.1270339219385,27986.806500169776,28320.93353409171
2018-04-13 13:00:00,354.8934572235287,15166.654582178327,15521.548039401856
2018-04-13 14:00:00,339.4391521092414,19526.634366858052,19866.073518967292
2018-04-13 15:00:00,343.2047657649452,47849.06044526282,48192.26521102776
2018-04-13 16:00:00,337.21617267862075,2056.5637312340605,2393.7799039126817
2018-04-13 17:00:00,295.3174159771245,1553.3756756160894,1848.693091593214
2018-04-13 18:00:00,265.1172179968735,692.9999982618059,958.1172162586794
2018-04-13 19:00:00,216.24691736404878,0.0,216.24691736404878
2018-04-13 20:00:00,170.69914193468495,19795.999944810308,19966.699086744993
2018-04-13 21:00:00,134.67504206057205,49848.37084953551,49983.045891596084
2018-04-13 22:00:00,93.55731337837679,52898.62886253312,52992.18617591149
2018-04-13 23:00:00,60.070825457851285,0.0,60.070825457851285
2018-04-14 00:00:00,34.552713763860616,26809.999924715692,26844.552638479556
2018-04-14 01:00:00,20.62770436327176,0.0,20.62770436327176
2018-04-14 02:00:00,17.553817069905392,0.0,17.553817069905392
2018-04-14 03:00:00,26.942670417678954,0.0,26.942670417678954
2018-04-14 04:00:00,45.782520975397816,0.0,45.782520975397816
2018-04-14 05:00:00,74.71777296463645,3.999999984945,78.71777294958144
2018-04-14 06:00:00,112.38664930452637,296.9999991464939,409.3866484510203
2018-04-14 07:00:00,148.48407410021542,98.99999992264478,247.48407402286023
2018-04-14 08:00:00,199.25568755292073,98.99999985703944,298.25568740996016
2018-04-14 09:00:00,227.6631599826396,0.0,227.6631599826396
2018-04-14 10:00:00,279.689618174109,0.0,279.689618174109
2018-04-14 11:00:00,301.26997745890935,0.0,301.26997745890935
2018-04-14 12:00:00,340.7666170976193,0.0,340.7666170976193
2018-04-14 13:00:00,353.24039707281645,0.0,353.24039707281645
2018-04-14 14:00:00,357.76985426734404,0.0,357.76985426734404
2018-04-14 15:00:00,356.3066590364879,0.0,356.3066590364879
2018-04-14 16:00:00,317.72737268807896,0.0,317.72737268807896
2018-04-14 17:00:00,303.49036306056456,0.0,303.49036306056456
2018-04-14 18:00:00,256.17416130422293,0.0,256.17416130422293
2018-04-14 19:00:00,213.28607841271932,2743.9999928274638,2957.2860712401825
2018-04-14 20:00:00,175.50388206990556,277.9999990997348,453.5038811696403
2018-04-14 21:00:00,127.15605560170826,336.5619726819823,463.71802828369056
2018-04-14 22:00:00,90.59435267684432,711.438024489908,802.0323771667523
2018-04-14 23:00:00,56.85579428042017,0.0,56.85579428042017
2018-04-15 00:00:00,35.587922280136006,0.0,35.587922280136006
2018-04-15 01:00:00,21.030262902902507,0.0,21.030262902902507
2018-04-15 02:00:00,16.986921137535525,0.0,16.986921137535525
2018-04-15 03:00:00,25.6436719466561,0.0,25.6436719466561
2018-04-15 04:00:00,45.29164041434123,0.0,45.29164041434123
2018-04-15 05:00:00,73.71084360783684,0.0,73.71084360783684
2018-04-15 06:00:00,113.48350595411733,0.0,113.48350595411733
2018-04-15 07:00:00,152.8073790988326,0.0,152.8073790988326
2018-04-15 08:00:00,194.20280762021974,97.99999965483109,292.2028072750509
2018-04-15 09:00:00,232.3654953890757,0.0,232.3654953890757
2018-04-15 10:00:00,278.35480112060463,0.0,278.35480112060463
2018-04-15 11:00:00,313.95960978965684,0.0,313.95960978965684
2018-04-15 12:00:00,350.41327827965654,0.0,350.41327827965654
2018-04-15 13:00:00,352.1196708980125,0.0,352.1196708980125
2018-04-15 14:00:00,360.7230168610556,0.0,360.7230168610556
2018-04-15 15:00:00,345.676730421186,0.0,345.676730421186
2018-04-15 16:00:00,335.5271070564753,0.0,335.5271070564753
2018-04-15 17:00:00,305.5536576110046,0.0,305.5536576110046
2018-04-15 18:00:00,263.86606669722823,0.0,263.86606669722823
2018-04-15 19:00:00,218.82573487772277,0.0,218.82573487772277
2018-04-15 20:00:00,180.79606378681473,0.0,180.79606378681473
2018-04-15 21:00:00,136.96972192495588,108.39709211821273,245.36681404316857
2018-04-15 22:00:00,97.5427157382359,369.60290674640686,467.14562248464273
2018-04-15 23:00:00,60.498191692042866,1385.999995079295,1446.4981867713382
2018-04-16 00:00:00,35.133992898519594,0.0,35.133992898519594
2018-04-16 01:00:00,20.2998812047688,0.0,20.2998812047688
2018-04-16 02:00:00,17.789711087395602,3160.813947579236,3178.6036586666314
2018-04-16 03:00:00,25.004094005240972,946.1860400500292,971.1901340552702
2018-04-16 04:00:00,46.48754947360946,2096.447547846929,2142.9350973205383
2018-04-16 05:00:00,77.12618310054597,30714.65139317425,30791.777576274795
2018-04-16 06:00:00,109.7888647866736,26690.313265622422,26800.102130409094
2018-04-16 07:00:00,156.06432181940332,18813.81821880555,18969.882540624953
2018-04-16 08:00:00,200.8200538031692,28312.973584829186,28513.793638632356
2018-04-16 09:00:00,250.44291278091748,56785.73837537356,57036.181288154476
2018-04-16 10:00:00,283.4443526311667,31285.96607112878,31569.410423759946
2018-04-16 11:00:00,321.3233401001064,46689.96690358281,47011.29024368292
2018-04-16 12:00:00,338.343596517562,28074.79379463083,28413.13739114839
2018-04-16 13:00:00,359.1704028891512,29931.969839742633,30291.140242631784
2018-04-16 14:00:00,353.41501475375674,27374.02822897865,27727.443243732407
2018-04-16 15:00:00,354.60125386805635,29070.587854693113,29425.189108561168
2018-04-16 16:00:00,332.2185962314556,16579.74388745003,16911.96248368148
2018-04-16 17:00:00,306.82918354188274,3761.9999894144794,4068.8291729563625
2018-04-16 18:00:00,261.09937208778456,257.9999997033163,519.0993717911009
2018-04-16 19:00:00,225.82766421041492,317.9963802682867,543.8240444787017
2018-04-16 20:00:00,174.4503546950412,19558.003561184934,19732.453915879974
2018-04-16 21:00:00,133.85302145242125,43873.633187663465,44007.486209115894
2018-04-16 22:00:00,94.67709470530609,32303.36659343339,32398.0436881387
2018-04-16 23:00:00,58.888052711101295,0.0,58.888052711101295
2018-04-17 00:00:00,35.171478520220475,26442.999925130054,26478.171403650274
2018-04-17 01:00:00,21.299634190890643,0.0,21.299634190890643
2018-04-17 02:00:00,17.280882929683422,9587.920861654646,9605.20174458433
2018-04-17 03:00:00,26.13725227022825,1388.079108552652,1414.2163608228798
2018-04-17 04:00:00,46.801164565401194,1242.999996059036,1289.8011606244372
2018-04-17 05:00:00,75.96929238696316,30283.99991302705,30359.96920541401
2018-04-17 06:00:00,109.55255759799027,24435.994774948864,24545.547332546856
2018-04-17 07:00:00,146.61589813123766,31410.565611543017,31557.181509674258
2018-04-17 08:00:00,192.47096881930736,48527.842159600616,48720.31312841992
2018-04-17 09:00:00,241.17954434283595,33113.21921853857,33354.39876288141
2018-04-17 10:00:00,284.25147001192335,41536.542098800805,41820.79356881273
2018-04-17 11:00:00,317.4729803928357,50525.33119190083,50842.80417229366
2018-04-17 12:00:00,342.15889027182436,33629.05404277338,33971.212933045215
2018-04-17 13:00:00,350.4053761137475,47883.48509974658,48233.89047586033
2018-04-17 14:00:00,369.6517748459719,16403.99724013795,16773.649014983923
2018-04-17 15:00:00,366.12997409670163,27293.59234300236,27659.722317099062
2018-04-17 16:00:00,327.9226517148335,7259.375203272068,7587.2978549869
2018-04-17 17:00:00,300.36650995356257,3431.9999910361485,3732.3665009897113
2018-04-17 18:00:00,257.7803306273759,690.9999989862538,948.7803296136296
2018-04-17 19:00:00,220.15215029384174,0.0,220.15215029384174
2018-04-17 20:00:00,176.62523442976595,26409.999925012748,26586.625159442512
2018-04-17 21:00:00,131.59914883524488,46326.06122488395,46457.660373719205
2018-04-17 22:00:00,92.80050455778107,50251.93850487393,50344.73900943171
2018-04-17 23:00:00,58.731773702876765,4168.9999903220805,4227.731764024958
2018-04-18 00:00:00,35.243892513777865,23633.99993327964,23669.24382579341
2018-04-18 01:00:00,21.24115832746036,0.0,21.24115832746036
2018-04-18 02:00:00,17.66047303779041,0.0,17.66047303779041
2018-04-18 03:00:00,25.974113035527964,4123.464798032194,4149.438911067722
2018-04-18 04:00:00,44.876495338568326,16750.352123758887,16795.228619097456
2018-04-18 05:00:00,77.21161002145516,17683.17042041983,17760.382030441284
2018-04-18 06:00:00,109.8762516390193,25187.65394561086,25297.53019724988
2018-04-18 07:00:00,152.20512712452003,27300.651566619534,27452.856693744056
2018-04-18 08:00:00,189.2085927818319,41243.4190687568,41432.62766153863
2018-04-18 09:00:00,238.03670161535433,18445.0790298997,18683.115731515052
2018-04-18 10:00:00,293.9317428088174,27576.974812328233,27870.90655513706
2018-04-18 11:00:00,322.19991240675483,32134.343752845038,32456.543665251793
2018-04-18 12:00:00,332.68501268280716,29021.08474388709,29353.769756569898
2018-04-18 13:00:00,362.15576662392385,18617.14509208151,18979.300858705436
2018-04-18 14:00:00,365.9926437540862,32716.897795821365,33082.89043957545
2018-04-18 15:00:00,333.3600356353859,27459.070881296277,27792.430916931662
2018-04-18 16:00:00,341.26403016660004,20501.691015904566,20842.95504607116
2018-04-18 17:00:00,293.9268153068221,306.99999887775925,600.9268141845813
2018-04-18 18:00:00,271.48740958572216,603.9999986698059,875.4874082555281
2018-04-18 19:00:00,209.76397749296342,197.99999952054137,407.7639770135048
2018-04-18 20:00:00,176.6815473873388,27010.700711747388,27187.382259134727
2018-04-18 21:00:00,135.2055792023248,47740.8315190971,47876.03709829942
2018-04-18 22:00:00,90.62299091349428,48789.4674276907,48880.090418604195
2018-04-18 23:00:00,60.931487614474605,412.9999983362847,473.93148595075934
2018-04-19 00:00:00,33.95960445258602,20165.99994426145,20199.95954871404
2018-04-19 01:00:00,20.80080271905524,0.0,20.80080271905524
2018-04-19 02:00:00,18.348060981470944,783.9999980482395,802.3480590297104
2018-04-19 03:00:00,26.73748610915039,1453.9999949221115,1480.7374810312617
2018-04-19 04:00:00,45.58671512950407,562.9999984696531,608.5867135991572
2018-04-19 05:00:00,73.80065189781712,17477.62699516215,17551.42764705997
2018-04-19 06:00:00,114.04971258697053,8315.625103567547,8429.674816154517
2018-04-19 07:00:00,154.9622358978649,40775.93034111561,40930.89257701347
2018-04-19 08:00:00,192.41952879050484,30222.070988142055,30414.490516932565
2018-04-19 09:00:00,245.72330571461686,21158.99798948782,21404.721295202442
2018-04-19 10:00:00,270.5932253852367,33275.04561785585,33545.6388432411
2018-04-19 11:00:00,317.07994941775127,35316.62513568666,35633.70508510441
2018-04-19 12:00:00,332.6694935257764,27780.546869751524,28113.2163632773
2018-04-19 13:00:00,351.01055698462073,35931.03257465628,36282.0431316409
2018-04-19 14:00:00,360.55135595087904,27198.760060783447,27559.311416734323
2018-04-19 15:00:00,346.75855326936164,24520.260381604945,24867.018934874308
2018-04-19 16:00:00,332.1920920391955,13098.477066978285,13430.669159017481
2018-04-19 17:00:00,284.2086997167843,395.9999984970343,680.2086982138186
2018-04-19 18:00:00,273.00097008476723,0.0,273.00097008476723
2018-04-19 19:00:00,218.14668237140057,397.99999834285705,616.1466807142576
2018-04-19 20:00:00,179.02777181296992,23764.325326898277,23943.353098711246
2018-04-19 21:00:00,131.00786727476657,48501.237549830505,48632.24541710527
2018-04-19 22:00:00,90.0746200447181,44373.43679152469,44463.5114115694
2018-04-19 23:00:00,57.64537942118815,0.0,57.64537942118815
2018-04-20 00:00:00,34.67794997863805,29687.99991851368,29722.677868492323
2018-04-20 01:00:00,20.214560048695784,296.9999993339477,317.2145593826434
2018-04-20 02:00:00,18.113699998821637,1371.99999611865,1390.1136961174716
2018-04-20 03:00:00,26.130508030460938,685.9999985862001,712.130506616661
2018-04-20 04:00:00,45.07577497683435,296.99999935896784,342.0757743358022
2018-04-20 05:00:00,77.37350750836745,12307.833023277299,12385.206530785665
2018-04-20 06:00:00,112.34269943014996,22670.078289112815,22782.420988542963
2018-04-20 07:00:00,150.20660031635126,21673.20641796465,21823.413018281008
2018-04-20 08:00:00,189.0696993651834,17074.048503922917,17263.1182032881
2018-04-20 09:00:00,240.82185400492398,63141.98078551235,63382.80263951727
2018-04-20 10:00:00,276.9255991274094,38710.14811134357,38987.073710470984
2018-04-20 11:00:00,315.94549261119323,36635.494921941296,36951.44041455248
2018-04-20 12:00:00,343.3751830776679,20034.60338245471,20377.978565532376
2018-04-20 13:00:00,334.9058106009131,20388.287546459556,20723.19335706047
2018-04-20 14:00:00,358.4456412290885,14455.696338786205,14814.141980015293
2018-04-20 15:00:00,349.08261516813513,25796.066869313152,26145.149484481288
2018-04-20 16:00:00,343.1252578236471,5387.554983364134,5730.680241187782
2018-04-20 17:00:00,313.5581006432629,845.999997993219,1159.558098636482
2018-04-20 18:00:00,261.36069850506044,791.9999963292646,1053.360694834325
2018-04-20 19:00:00,217.04509884962272,0.0,217.04509884962272
2018-04-20 20:00:00,172.94734790846047,18291.99994855913,18464.94729646759
2018-04-20 21:00:00,132.01526695032967,51596.22087840979,51728.23614536012
2018-04-20 22:00:00,88.21040936092592,55014.77881914755,55102.98922850848
2018-04-20 23:00:00,61.171258631441525,0.0,61.171258631441525
2018-04-21 00:00:00,34.24987847361391,32911.99990467801,32946.249783151616
2018-04-21 01:00:00,20.592228560341347,0.0,20.592228560341347
2018-04-21 02:00:00,18.680333189986303,179.99999942825497,198.6803326182413
2018-04-21 03:00:00,26.92995967305088,1799.9999962355168,1826.9299559085678
2018-04-21 04:00:00,47.35719499158297,0.0,47.35719499158297
2018-04-21 05:00:00,72.94012288003242,0.0,72.94012288003242
2018-04-21 06:00:00,110.81889384905196,296.9999992580945,407.81889310714644
2018-04-21 07:00:00,155.40153654276972,0.0,155.40153654276972
2018-04-21 08:00:00,203.28557577574205,0.0,203.28557577574205
2018-04-21 09:00:00,248.37181992412732,0.0,248.37181992412732
2018-04-21 10:00:00,293.2165550187447,0.0,293.2165550187447
2018-04-21 11:00:00,313.5050786548518,98.99999952437796,412.5050781792297
2018-04-21 12:00:00,338.2493654272865,0.0,338.2493654272865
2018-04-21 13:00:00,359.36553408729156,0.0,359.36553408729156
2018-04-21 14:00:00,363.6725833678067,0.0,363.6725833678067
2018-04-21 15:00:00,352.4816623903031,0.0,352.4816623903031
2018-04-21 16:00:00,311.0293330849554,0.0,311.0293330849554
2018-04-21 17:00:00,300.3332233945486,0.0,300.3332233945486
2018-04-21 18:00:00,250.86081488561655,0.0,250.86081488561655
2018-04-21 19:00:00,220.91683399134848,0.0,220.91683399134848
2018-04-21 20:00:00,170.78204799476111,0.0,170.78204799476111
2018-04-21 21:00:00,130.38088035683631,399.3492637498945,529.7301441067308
2018-04-21 22:00:00,95.18117138485485,734.650732806882,829.831904191737
2018-04-21 23:00:00,60.30760464627765,0.0,60.30760464627765
2018-04-22 00:00:00,33.670544603069956,0.0,33.670544603069956
2018-04-22 01:00:00,20.44797280676144,0.0,20.44797280676144
2018-04-22 02:00:00,17.753232875324453,0.0,17.753232875324453
2018-04-22 03:00:00,27.17135012090845,0.0,27.17135012090845
2018-04-22 04:00:00,47.42844414479551,0.0,47.42844414479551
2018-04-22 05:00:00,71.67678832428189,0.0,71.67678832428189
2018-04-22 06:00:00,114.95131345788971,0.0,114.95131345788971
2018-04-22 07:00:00,161.86082616931446,0.0,161.86082616931446
2018-04-22 08:00:00,192.68754161421612,0.0,192.68754161421612
2018-04-22 09:00:00,238.2096887062907,0.0,238.2096887062907
2018-04-22 10:00:00,281.67105451467637,0.0,281.67105451467637
2018-04-22 11:00:00,318.57748554167506,0.0,318.57748554167506
2018-04-22 12:00:00,341.8539123224067,0.0,341.8539123224067
2018-04-22 13:00:00,352.278491446001,0.0,352.278491446001
2018-04-22 14:00:00,353.57922227876156,28.99999990294856,382.5792221817102
2018-04-22 15:00:00,349.0329645378579,0.0,349.0329645378579
2018-04-22 16:00:00,339.15760519236335,0.0,339.15760519236335
2018-04-22 17:00:00,297.7158948650354,0.0,297.7158948650354
2018-04-22 18:00:00,267.85569955759064,2.9999999861490734,270.8556995437397
2018-04-22 19:00:00,215.14921620536592,0.0,215.14921620536592
2018-04-22 20:00:00,173.8030774512008,0.0,173.8030774512008
2018-04-22 21:00:00,131.56023950927718,50.19937867866094,181.75961818793812
2018-04-22 22:00:00,95.25563612511667,133.80062081208018,229.05625693719685
2018-04-22 23:00:00,58.384261569853834,0.0,58.384261569853834
2018-04-23 00:00:00,34.42095432097794,0.0,34.42095432097794
2018-04-23 01:00:00,19.683008161694282,2276.999993855429,2296.6830020171237
2018-04-23 02:00:00,18.07366201474354,1469.9999969982514,1488.073659012995
2018-04-23 03:00:00,26.78242272021734,489.99999824788586,516.7824209681031
2018-04-23 04:00:00,47.15370551652717,278.99999944162545,326.1537049581526
2018-04-23 05:00:00,72.35743048686055,5417.999983379808,5490.357413866668
2018-04-23 06:00:00,116.42642130922843,32747.716679144658,32864.14310045389
2018-04-23 07:00:00,155.9476113060484,49123.041769569216,49278.98938087526
2018-04-23 08:00:00,197.7445547975991,30302.424043574683,30500.168598372285
2018-04-23 09:00:00,239.9813888795067,34043.732851120745,34283.71424000025
2018-04-23 10:00:00,280.82351796092104,20151.436341740504,20432.259859701422
2018-04-23 11:00:00,306.07251863052124,37429.061635609614,37735.134154240135
2018-04-23 12:00:00,332.094660995809,24517.939431884202,24850.03409288001
2018-04-23 13:00:00,338.6589069880422,25597.060558563328,25935.71946555137
2018-04-23 14:00:00,358.941376408138,35300.80359574652,35659.74497215466
2018-04-23 15:00:00,346.22661221014073,42503.38496984622,42849.61158205636
2018-04-23 16:00:00,322.343660804713,17679.397150893514,18001.740811698226
2018-04-23 17:00:00,288.8093203888667,3606.9999899386007,3895.8093103274673
2018-04-23 18:00:00,265.52934382278477,197.99999904831958,463.52934287110435
2018-04-23 19:00:00,220.64031732719542,197.999999727111,418.64031705430637
2018-04-23 20:00:00,174.38829578093743,4933.99998515794,5108.388280938877
2018-04-23 21:00:00,134.83657385798824,43855.91266076664,43990.74923462463
2018-04-23 22:00:00,89.99252803972186,37750.08711835831,37840.07964639803
2018-04-23 23:00:00,59.934806123073265,0.0,59.934806123073265
2018-04-24 00:00:00,36.20818021025668,32999.999905991855,33036.20808620211
2018-04-24 01:00:00,20.394877041368794,0.0,20.394877041368794
2018-04-24 02:00:00,16.935093811799554,6663.999981849478,6680.935075661278
2018-04-24 03:00:00,25.472446421028334,1723.999995897416,1749.4724423184443
2018-04-24 04:00:00,47.73117610005751,494.99999893867664,542.7311750387342
2018-04-24 05:00:00,75.74041924602433,21446.198684903215,21521.939104149238
2018-04-24 06:00:00,111.21332370001082,36882.80115508184,36994.01447878185
2018-04-24 07:00:00,152.66810991302947,20104.92004642049,20257.588156333524
2018-04-24 08:00:00,199.46705863166432,48744.52887027266,48943.99592890433
2018-04-24 09:00:00,236.54739108293592,39579.79490734704,39816.342298429976
2018-04-24 10:00:00,289.49437466466884,28036.070930746027,28325.565305410695
2018-04-24 11:00:00,328.019595459417,29264.529002398478,29592.548597857894
2018-04-24 12:00:00,340.00852680196795,16813.07468476255,17153.083211564513
2018-04-24 13:00:00,348.7839474710935,15577.319893745333,15926.103841216425
2018-04-24 14:00:00,349.52544202745617,24844.72327353755,25194.24871556501
2018-04-24 15:00:00,357.5305407973922,19945.208044462488,20302.738585259885
2018-04-24 16:00:00,316.3720805327484,12909.82962412106,13226.201704653808
2018-04-24 17:00:00,294.4183517126537,6541.9999806009955,6836.4183323136485
2018-04-24 18:00:00,255.35408677599514,625.7956773509239,881.1497641269191
2018-04-24 19:00:00,221.29208263109052,463.2043202964145,684.496402927505
2018-04-24 20:00:00,171.0859789420567,98.99999996426791,270.0859789063246
2018-04-24 21:00:00,128.86990205559582,79290.70747921379,79419.57738126938
2018-04-24 22:00:00,91.4499590363991,65632.3062567565,65723.7562157929
2018-04-24 23:00:00,60.37494043470899,208.98586049591316,269.36080093062213
2018-04-25 00:00:00,34.96317978129396,24295.99993548789,24330.96311526918
2018-04-25 01:00:00,21.544875119915567,0.0,21.544875119915567
2018-04-25 02:00:00,18.320998146277013,587.9999978677935,606.3209960140705
2018-04-25 03:00:00,25.373277142404028,5017.94336766752,5043.316644809924
2018-04-25 04:00:00,45.29415401519879,349.7543036370497,395.04845765224854
2018-04-25 05:00:00,78.11476267034334,20645.16395372855,20723.27871639889
2018-04-25 06:00:00,114.18284624326944,45207.138176995366,45321.321023238634
2018-04-25 07:00:00,152.6336708226293,33565.78195747893,33718.41562830156
2018-04-25 08:00:00,201.98057251213325,31221.067679905864,31423.048252417993
2018-04-25 09:00:00,233.39987542067095,49940.14732695109,50173.54720237176
2018-04-25 10:00:00,282.27915556729477,24135.773264560143,24418.05242012744
2018-04-25 11:00:00,322.64027822370724,43835.45005390268,44158.090332126376
2018-04-25 12:00:00,334.62986896225993,28671.721403077972,29006.351272040236
2018-04-25 13:00:00,357.68278532035913,38854.438814023255,39212.121599343605
2018-04-25 14:00:00,345.462673908041,20771.970272490515,21117.432946398556
2018-04-25 15:00:00,357.5678692551319,16329.683155616787,16687.25102487192
2018-04-25 16:00:00,321.071284109884,4653.184108169533,4974.255392279418
2018-04-25 17:00:00,303.8589114388949,1056.781139019447,1360.6400504583419
2018-04-25 18:00:00,255.2233619390504,0.0,255.2233619390504
2018-04-25 19:00:00,213.97435643683298,100.99999989205632,314.9743563288893
2018-04-25 20:00:00,168.93299720727404,20527.482939153007,20696.415936360278
2018-04-25 21:00:00,131.04785300485204,57374.896157873474,57505.944010878324
2018-04-25 22:00:00,94.34586467246572,45237.620554172296,45331.96641884476
2018-04-25 23:00:00,58.55861985679748,0.0,58.55861985679748
2018-04-26 00:00:00,36.17898259010367,39341.99988727738,39378.17886986748
2018-04-26 01:00:00,19.766411259743435,293.99999911315507,313.7664103728986
2018-04-26 02:00:00,18.22686848277076,823.3586881818562,841.5855566646269
2018-04-26 03:00:00,27.605793576453898,1806.576725168482,1834.182518744936
2018-04-26 04:00:00,44.84022282895272,299.06457792381354,343.9048007527663
2018-04-26 05:00:00,75.87870952077117,11576.865317208829,11652.744026729604
2018-04-26 06:00:00,115.44364765751617,25186.107901525775,25301.55154918329
2018-04-26 07:00:00,153.62285660909657,30305.904854923832,30459.52771153293
2018-04-26 08:00:00,195.01947345099296,31858.408064858624,32053.42753830962
2018-04-26 09:00:00,242.49851082969718,24930.275128919708,25172.773639749405
2018-04-26 10:00:00,272.8376206143324,25257.60586224732,25530.443482861654
2018-04-26 11:00:00,310.46868508353737,33281.89851997616,33592.367205059694
2018-04-26 12:00:00,341.6229794114132,22502.52828358091,22844.15126299232
2018-04-26 13:00:00,354.9435639522537,26443.063540125993,26798.007104078246
2018-04-26 14:00:00,359.1623749629571,24927.589991346187,25286.752366309145
2018-04-26 15:00:00,338.7883302364769,41439.12651128766,41777.914841524136
2018-04-26 16:00:00,330.4695729910168,8974.62517021107,9305.094743202086
2018-04-26 17:00:00,310.90546906646216,1781.9999949846808,2092.905464051143
2018-04-26 18:00:00,252.1763299585155,306.9999992235472,559.1763291820628
2018-04-26 19:00:00,211.2473722519586,152.99999956240174,364.24737181436035
2018-04-26 20:00:00,174.40546479066475,36050.99989970283,36225.4053644935
2018-04-26 21:00:00,135.10471337863666,42817.615400356306,42952.72011373494
2018-04-26 22:00:00,93.84978389676294,51166.38434153679,51260.23412543355
2018-04-26 23:00:00,59.64520320203694,0.0,59.64520320203694
2018-04-27 00:00:00,35.13791421273251,31426.999909773233,31462.137823985966
2018-04-27 01:00:00,20.076632191429475,293.99999919593034,314.07663138735984
2018-04-27 02:00:00,18.08396420529632,7671.524512052321,7689.608476257619
2018-04-27 03:00:00,26.186399363775408,953.4754646873419,979.6618640511172
2018-04-27 04:00:00,44.36808178277725,5246.999985175968,5291.368066958745
2018-04-27 05:00:00,78.39362216610317,7186.7374686616895,7265.131090827792
2018-04-27 06:00:00,114.41967101389812,11789.262478664017,11903.682149677916
2018-04-27 07:00:00,154.07765182172238,14584.259110472263,14738.336762293986
2018-04-27 08:00:00,198.5291978334309,25061.28749082193,25259.81668865536
2018-04-27 09:00:00,238.38119810986802,18680.37348178313,18918.754679892998
2018-04-27 10:00:00,291.44597838553796,24250.402106974787,24541.848085360325
2018-04-27 11:00:00,320.2137090274742,22735.2798988713,23055.493607898774
2018-04-27 12:00:00,352.75597003033937,31715.393204938246,32068.149174968585
2018-04-27 13:00:00,357.0059846489843,23821.70239836585,24178.70838301484
2018-04-27 14:00:00,353.88286178610826,17523.58914805286,17877.472009838966
2018-04-27 15:00:00,352.04482784853724,11159.712624885971,11511.757452734508
2018-04-27 16:00:00,325.16906188174346,7305.464149396021,7630.633211277764
2018-04-27 17:00:00,298.877513218701,311.6018201770385,610.4793333957396
2018-04-27 18:00:00,249.68457641086474,2185.934003638927,2435.618580049792
2018-04-27 19:00:00,219.39697007349798,98.99999981228352,318.3969698857815
2018-04-27 20:00:00,183.97189708734123,21077.406437746446,21261.378334833786
2018-04-27 21:00:00,129.86347472664647,35182.03152314476,35311.89499787141
2018-04-27 22:00:00,94.86435215794452,28571.56180787144,28666.426160029383
2018-04-27 23:00:00,60.03109250758206,0.0,60.03109250758206
2018-04-28 00:00:00,36.489815849936235,23123.99993962808,23160.489755478015
2018-04-28 01:00:00,20.26673976161281,0.0,20.26673976161281
2018-04-28 02:00:00,18.616353524048236,0.0,18.616353524048236
2018-04-28 03:00:00,25.437655268398593,0.0,25.437655268398593
2018-04-28 04:00:00,47.77831321180552,0.0,47.77831321180552
2018-04-28 05:00:00,72.12250153349297,0.0,72.12250153349297
2018-04-28 06:00:00,117.19130023720923,9635.551184407459,9752.742484644667
2018-04-28 07:00:00,155.9571461444273,9305.448762010896,9461.405908155322
2018-04-28 08:00:00,201.20477745893646,98.99999986734814,300.20477732628456
2018-04-28 09:00:00,242.69097978398466,29.999999950575518,272.6909797345602
2018-04-28 10:00:00,287.9215898531211,296.9999987184887,584.9215885716098
2018-04-28 11:00:00,316.66553163447793,0.0,316.66553163447793
2018-04-28 12:00:00,328.976179977405,98.99999946746564,427.9761794448707
2018-04-28 13:00:00,346.0445543735905,0.0,346.0445543735905
2018-04-28 14:00:00,340.4738911045715,99.99999964460042,440.4738907491719
2018-04-28 15:00:00,342.62671170830447,0.0,342.62671170830447
2018-04-28 16:00:00,336.60306432673076,0.0,336.60306432673076
2018-04-28 17:00:00,296.4312259064586,0.0,296.4312259064586
2018-04-28 18:00:00,267.9276223200579,0.0,267.9276223200579
2018-04-28 19:00:00,219.96253027859166,0.0,219.96253027859166
2018-04-28 20:00:00,168.83126716766785,0.0,168.83126716766785
2018-04-28 21:00:00,133.73272047973418,859.966572566632,993.6992930463659
2018-04-28 22:00:00,97.53927168389751,1785.0334196906442,1882.5726913745416
2018-04-28 23:00:00,58.12881218617052,0.0,58.12881218617052
2018-04-29 00:00:00,33.954569336782576,0.0,33.954569336782576
2018-04-29 01:00:00,20.854817250570456,0.0,20.854817250570456
2018-04-29 02:00:00,17.710329776431728,0.0,17.710329776431728
2018-04-29 03:00:00,26.063688742057124,0.0,26.063688742057124
2018-04-29 04:00:00,47.19691240621282,0.0,47.19691240621282
2018-04-29 05:00:00,77.93830556424857,0.0,77.93830556424857
2018-04-29 06:00:00,107.41535779020523,0.0,107.41535779020523
2018-04-29 07:00:00,152.80315411493314,0.0,152.80315411493314
2018-04-29 08:00:00,189.19798990112943,0.0,189.19798990112943
2018-04-29 09:00:00,242.32677822940718,97.99999996143626,340.32677819084347
2018-04-29 10:00:00,279.2577798327201,0.0,279.2577798327201
2018-04-29 11:00:00,323.5787745660294,0.0,323.5787745660294
2018-04-29 12:00:00,349.28401327897484,195.9999997518589,545.2840130308338
2018-04-29 13:00:00,351.9851160633559,0.0,351.9851160633559
2018-04-29 14:00:00,358.1427433735706,0.0,358.1427433735706
2018-04-29 15:00:00,337.9198275134677,0.0,337.9198275134677
2018-04-29 16:00:00,335.64248841682036,1405.8417434855692,1741.4842319023892
2018-04-29 17:00:00,297.4956052045462,34.158252199191054,331.65385740373733
2018-04-29 18:00:00,262.0071700967428,0.0,262.0071700967428
2018-04-29 19:00:00,222.07033528481392,0.0,222.07033528481392
2018-04-29 20:00:00,170.0395658761144,0.0,170.0395658761144
2018-04-29 21:00:00,134.51839489504493,1862.4799142580373,1996.9983091530821
2018-04-29 22:00:00,93.54194179108895,1964.520075150799,2058.0620169418876
2018-04-29 23:00:00,60.427479195412275,1.999999995751812,62.42747919116409
2018-04-30 00:00:00,34.178862629107485,471.9999986308055,506.17886125991294
2018-04-30 01:00:00,21.425599582732726,0.0,21.425599582732726
2018-04-30 02:00:00,16.941152972144835,2351.999993874551,2368.941146846696
2018-04-30 03:00:00,26.848073459356755,1763.9999957997975,1790.8480692591543
2018-04-30 04:00:00,48.444784305281495,826.9701421500831,875.4149264553646
2018-04-30 05:00:00,76.80899183188848,12719.760743217821,12796.56973504971
2018-04-30 06:00:00,116.84213884229094,38607.26896821679,38724.111107059085
2018-04-30 07:00:00,151.99335135024725,26870.64164288531,27022.634994235552
2018-04-30 08:00:00,189.61852428960344,34027.825561240126,34217.44408552973
2018-04-30 09:00:00,245.45605851713532,43532.49640862452,43777.95246714166
2018-04-30 10:00:00,268.27622413998847,23772.145337467227,24040.42156160721
2018-04-30 11:00:00,306.4104972472534,23446.250269024094,23752.660766271343
2018-04-30 12:00:00,347.2499261768154,13369.613520470079,13716.863446646894
2018-04-30 13:00:00,365.3531337596663,21265.19131159394,21630.544445353607
2018-04-30 14:00:00,347.26623331334724,15940.042988189522,16287.309221502866
2018-04-30 15:00:00,349.95108642565407,28381.949710421846,28731.900796847498
2018-04-30 16:00:00,339.9310748262937,5219.628450608127,5559.559525434421
2018-04-30 17:00:00,300.32645199683566,1647.028283874667,1947.3547358715027
2018-04-30 18:00:00,261.18166905484736,66.18583950816067,327.367508563008
2018-04-30 19:00:00,215.48213716772526,1.9999999942493545,217.4821371619746
2018-04-30 20:00:00,176.39555110326035,11469.539451508585,11645.935002611843
2018-04-30 21:00:00,131.67261271068293,78223.24931825133,78354.921930962
2018-04-30 22:00:00,94.879077783109,72554.2107667813,72649.08984456441
2018-04-30 23:00:00,60.35506369734672,1622.63782982923,1682.9928935265768
2018-05-01 00:00:00,33.75588924204392,64894.6256327217,64928.38152196374
2018-05-01 01:00:00,21.04140085749512,213.73634885244564,234.7777497099408
2018-05-01 02:00:00,17.61823730845134,2057.999994399598,2075.6182317080497
2018-05-01 03:00:00,25.767153072317736,1371.9999967137196,1397.7671497860372
2018-05-01 04:00:00,45.14645569966689,1583.9999959787317,1629.1464516783983
2018-05-01 05:00:00,73.04044594485363,33951.42939200742,34024.469837952274
2018-05-01 06:00:00,107.30492339033286,7532.570492711977,7639.875416102312
2018-05-01 07:00:00,154.39136685867692,10953.10965325317,11107.501020111846
2018-05-01 08:00:00,196.3679270130486,11113.182076455154,11309.550003468203
2018-05-01 09:00:00,245.37194392442805,30234.899659534527,30480.271603458958
2018-05-01 10:00:00,279.5330006878789,15414.266309340568,15693.799310028448
2018-05-01 11:00:00,302.53033524700277,17020.932490423907,17323.46282567091
2018-05-01 12:00:00,338.61310602567613,12094.002120210414,12432.615226236092
2018-05-01 13:00:00,340.44454447781493,11863.232277767207,12203.676822245023
2018-05-01 14:00:00,368.9958789362931,9378.548534459725,9747.544413396019
2018-05-01 15:00:00,340.50644106457037,31663.737162883386,32004.243603947958
2018-05-01 16:00:00,327.99437974764317,2145.4397756341373,2473.4341553817803
2018-05-01 17:00:00,296.85324064225136,813.6495129031664,1110.5027535454178
2018-05-01 18:00:00,259.5004062769897,0.0,259.5004062769897
2018-05-01 19:00:00,211.52698222648738,0.0,211.52698222648738
2018-05-01 20:00:00,165.95506685788217,881.9999977177015,1047.9550645755837
2018-05-01 21:00:00,132.6574192415039,19870.514236418778,20003.17165566028
2018-05-01 22:00:00,89.00044650680297,19336.485657516117,19425.486104022923
2018-05-01 23:00:00,60.501695995511355,4313.999988433372,4374.501684428884
2018-05-02 00:00:00,35.200665525591035,4424.999988350761,4460.200653876352
2018-05-02 01:00:00,20.670675023882826,0.0,20.670675023882826
2018-05-02 02:00:00,17.34514162331104,2060.9999942293016,2078.3451358526127
2018-05-02 03:00:00,26.76055292717714,2527.9999932180544,2554.7605461452313
2018-05-02 04:00:00,46.669044424159225,275.99999894729933,322.66904337145854
2018-05-02 05:00:00,77.77964865764736,14742.999961319234,14820.779609976882
2018-05-02 06:00:00,111.55718208290745,24417.96321843876,24529.52040052166
2018-05-02 07:00:00,149.18366235755596,19049.85678791072,19199.040450268276
2018-05-02 08:00:00,208.58160266132808,31487.49118598582,31696.072788647143
2018-05-02 09:00:00,243.08956385138237,27813.223841329534,28056.313405180914
2018-05-02 10:00:00,282.35071913135204,34968.83326250287,35251.18398163422
2018-05-02 11:00:00,321.2231842162033,24448.733416658386,24769.95660087459
2018-05-02 12:00:00,340.68338095692144,23677.231135747228,24017.914516704153
2018-05-02 13:00:00,336.3892051075711,18312.397296369152,18648.786501476727
2018-05-02 14:00:00,367.8538010681382,13621.815239484471,13989.66904055261
2018-05-02 15:00:00,339.9899018638358,25657.103666256207,25997.093568120043
2018-05-02 16:00:00,325.96762303741093,4081.350252182346,4407.317875219757
2018-05-02 17:00:00,291.0929764302192,686.9999971291585,978.0929735593777
2018-05-02 18:00:00,268.6873907763545,1088.9999975670416,1357.6873883433962
2018-05-02 19:00:00,217.96714277512663,296.9999988742111,514.9671416493377
2018-05-02 20:00:00,181.3881972877317,21531.85246067476,21713.24065796249
2018-05-02 21:00:00,132.1334864324583,42905.87952381322,43038.01301024569
2018-05-02 22:00:00,94.92439838591649,37970.26773089964,38065.19212928555
2018-05-02 23:00:00,59.6795937936416,0.0,59.6795937936416
2018-05-03 00:00:00,34.828522332060146,23301.999939060348,23336.82846139241
2018-05-03 01:00:00,20.982153233603007,97.99999980363904,118.98215303724203
2018-05-03 02:00:00,17.721433916002155,4023.9999863472412,4041.721420263244
2018-05-03 03:00:00,24.91737796503297,5585.999985383886,5610.91736334892
2018-05-03 04:00:00,44.011123205275986,1217.9999968831355,1262.0111200884114
2018-05-03 05:00:00,73.04042763502257,11805.985443128917,11879.025870763937
2018-05-03 06:00:00,110.93894430459042,24090.546891925314,24201.485836229902
2018-05-03 07:00:00,146.7347318959578,30399.42249256074,30546.1572244567
2018-05-03 08:00:00,198.3694629663381,37276.4662130541,37474.835676020426
2018-05-03 09:00:00,236.93647542509837,38161.96639568781,38398.90287111291
2018-05-03 10:00:00,270.4263548132194,18848.064025229232,19118.490380042454
2018-05-03 11:00:00,313.6159132098437,20632.841177539914,20946.457090749762
2018-05-03 12:00:00,345.67588001512297,21253.844185213817,21599.52006522894
2018-05-03 13:00:00,349.168198467192,24120.330639857635,24469.498838324827
2018-05-03 14:00:00,375.954395816624,33703.00130293529,34078.95569875191
2018-05-03 15:00:00,342.77185370966083,27141.28107934376,27484.052933053423
2018-05-03 16:00:00,328.63627429437736,9934.266241365516,10262.902515659895
2018-05-03 17:00:00,304.7878146641552,761.9830793677446,1066.7708940318998
2018-05-03 18:00:00,261.91865835819084,0.0,261.91865835819084
2018-05-03 19:00:00,211.73571180868743,98.99999963261172,310.73571144129915
2018-05-03 20:00:00,170.33835976125073,24932.0309067818,25102.36926654305
2018-05-03 21:00:00,139.81842017720436,53231.258616444364,53371.07703662157
2018-05-03 22:00:00,91.97098278686433,40288.71013819024,40380.681120977104
2018-05-03 23:00:00,57.69055635789244,0.0,57.69055635789244
2018-05-04 00:00:00,35.60471989927534,29501.999918812224,29537.6046387115
2018-05-04 01:00:00,20.235205895302997,0.0,20.235205895302997
2018-05-04 02:00:00,17.71539139808764,0.0,17.71539139808764
2018-05-04 03:00:00,26.097824750917844,3821.9999880471128,3848.097812798031
2018-05-04 04:00:00,46.786232212366,2061.9999930108474,2108.7862252232135
2018-05-04 05:00:00,73.7225274353313,12456.9999694512,12530.722496886534
2018-05-04 06:00:00,109.06270627862867,31487.330660050946,31596.393366329576
2018-05-04 07:00:00,158.80771598380142,17653.50076675548,17812.30848273928
2018-05-04 08:00:00,205.82165098373548,41714.05815265876,41919.87980364249
2018-05-04 09:00:00,241.49505167763513,25758.91627073411,26000.411322411746
2018-05-04 10:00:00,280.2580315067771,32530.07660626313,32810.334637769905
2018-05-04 11:00:00,310.88490356674794,37781.951749915504,38092.836653482256
2018-05-04 12:00:00,341.49414064061375,21040.18974062954,21381.683881270154
2018-05-04 13:00:00,348.9086304941342,16565.514968611165,16914.4235991053
2018-05-04 14:00:00,372.24813948227506,24748.663711801513,25120.91185128379
2018-05-04 15:00:00,356.9270989167534,51612.79652353172,51969.72362244847
2018-05-04 16:00:00,321.1321592779227,1789.9999955172136,2111.1321547951366
2018-05-04 17:00:00,303.6881820503388,168.26872742467975,471.95690947501856
2018-05-04 18:00:00,263.82988519540083,1514.7312690075837,1778.5611542029847
2018-05-04 19:00:00,224.8635939388788,0.0,224.8635939388788
2018-05-04 20:00:00,177.34963596596364,25474.999931204235,25652.3495671702
2018-05-04 21:00:00,133.2167157115398,47560.940189318746,47694.15690503029
2018-05-04 22:00:00,92.95801503693052,44071.059557812965,44164.017572849894
2018-05-04 23:00:00,59.344224794642656,687.9999984512528,747.3442232458955
2018-05-05 00:00:00,34.973175097938565,25376.99992857505,25411.97310367299
2018-05-05 01:00:00,20.090112205951474,0.0,20.090112205951474
2018-05-05 02:00:00,17.86325364763544,0.0,17.86325364763544
2018-05-05 03:00:00,25.73738335674679,0.0,25.73738335674679
2018-05-05 04:00:00,45.215434287966616,0.0,45.215434287966616
2018-05-05 05:00:00,77.46270422130573,0.0,77.46270422130573
2018-05-05 06:00:00,112.75668201530388,0.0,112.75668201530388
2018-05-05 07:00:00,145.37719180502933,603.9999988206265,749.3771906256558
2018-05-05 08:00:00,198.70905232141573,197.96706532693983,396.67611764835556
2018-05-05 09:00:00,245.58316881634585,2701.0329257226313,2946.6160945389774
2018-05-05 10:00:00,295.44229803280143,0.0,295.44229803280143
2018-05-05 11:00:00,316.1668370555053,0.0,316.1668370555053
2018-05-05 12:00:00,342.13862666402645,0.0,342.13862666402645
2018-05-05 13:00:00,342.7375376917542,0.0,342.7375376917542
2018-05-05 14:00:00,359.8315505306992,0.0,359.8315505306992
2018-05-05 15:00:00,340.39779184476686,0.0,340.39779184476686
2018-05-05 16:00:00,335.24461852948605,0.0,335.24461852948605
2018-05-05 17:00:00,299.0030416584757,0.0,299.0030416584757
2018-05-05 18:00:00,261.3832823182896,0.0,261.3832823182896
2018-05-05 19:00:00,221.23785073540392,0.0,221.23785073540392
2018-05-05 20:00:00,173.24968743119373,0.0,173.24968743119373
2018-05-05 21:00:00,133.1078927938686,559.348073348527,692.4559661423956
2018-05-05 22:00:00,93.93453276583296,1114.651921907067,1208.5864546729
2018-05-05 23:00:00,58.114776392422016,0.0,58.114776392422016
2018-05-06 00:00:00,33.725554901158205,0.0,33.725554901158205
2018-05-06 01:00:00,20.479045050127475,0.0,20.479045050127475
2018-05-06 02:00:00,17.088477304958435,0.0,17.088477304958435
2018-05-06 03:00:00,27.222381312270105,0.0,27.222381312270105
2018-05-06 04:00:00,46.39629668694897,0.0,46.39629668694897
2018-05-06 05:00:00,72.87034966544913,0.0,72.87034966544913
2018-05-06 06:00:00,106.76027893686785,0.0,106.76027893686785
2018-05-06 07:00:00,153.5760484925221,0.0,153.5760484925221
2018-05-06 08:00:00,197.79084530288495,0.0,197.79084530288495
2018-05-06 09:00:00,240.9533144902631,77.99999992325934,318.95331441352243
2018-05-06 10:00:00,269.48871633121485,0.0,269.48871633121485
2018-05-06 11:00:00,326.639071730369,368.999998781811,695.6390705121798
2018-05-06 12:00:00,337.81458614409064,0.0,337.81458614409064
2018-05-06 13:00:00,372.6468441337522,0.0,372.6468441337522
2018-05-06 14:00:00,356.35027106627865,0.0,356.35027106627865
2018-05-06 15:00:00,343.52212720844875,0.0,343.52212720844875
2018-05-06 16:00:00,326.38859739147864,0.0,326.38859739147864
2018-05-06 17:00:00,291.23154669399287,0.0,291.23154669399287
2018-05-06 18:00:00,258.82730025365896,0.0,258.82730025365896
2018-05-06 19:00:00,223.50210531162583,0.0,223.50210531162583
2018-05-06 20:00:00,174.09135945095773,0.0,174.09135945095773
2018-05-06 21:00:00,130.25018485259903,433.5530974984942,563.8032823510932
2018-05-06 22:00:00,94.88183977867527,927.4468994054658,1022.3287391841411
2018-05-06 23:00:00,61.46482499892078,0.0,61.46482499892078
2018-05-07 00:00:00,35.12533768744154,0.0,35.12533768744154
2018-05-07 01:00:00,21.544302849014386,0.0,21.544302849014386
2018-05-07 02:00:00,18.015795395097847,1273.9999964437334,1292.0157918388313
2018-05-07 03:00:00,25.086919454928314,0.0,25.086919454928314
2018-05-07 04:00:00,47.22500028327129,567.9999985576521,615.2249988409234
2018-05-07 05:00:00,74.82817174949194,10638.602390241014,10713.430561990506
2018-05-07 06:00:00,112.66576401777145,31474.242606041065,31586.90837005883
2018-05-07 07:00:00,155.91844370158614,21266.3156785112,21422.234122212783
2018-05-07 08:00:00,193.518093385302,14538.974464778634,14732.492558163936
2018-05-07 09:00:00,241.37042905781644,32931.87586635109,33173.24629540891
2018-05-07 10:00:00,273.75297398058797,25694.034066992557,25967.787040973144
2018-05-07 11:00:00,306.3616938042629,32990.5983315966,33296.960025400855
2018-05-07 12:00:00,332.723539620662,19895.056050227995,20227.779589848655
2018-05-07 13:00:00,349.8816952874553,25545.29994049203,25895.18163577948
2018-05-07 14:00:00,347.8809007617481,11549.97353381776,11897.854434579507
2018-05-07 15:00:00,361.0968552504202,24443.41910208147,24804.515957331892
2018-05-07 16:00:00,313.79212373093407,915.6072622147192,1229.3993859456534
2018-05-07 17:00:00,307.0728857003851,296.9999994728597,604.0728851732448
2018-05-07 18:00:00,270.52924205877116,1484.999995906654,1755.5292379654252
2018-05-07 19:00:00,211.48030412368942,2969.999991610929,3181.4802957346183
2018-05-07 20:00:00,169.05961331666214,23979.999931506827,24149.05954482349
2018-05-07 21:00:00,129.54959996458473,39031.18021766359,39160.72981762817
2018-05-07 22:00:00,90.94501110427956,27376.81959014779,27467.76460125207
2018-05-07 23:00:00,60.915137036295334,0.0,60.915137036295334
2018-05-08 00:00:00,34.8560057861698,24049.999935891483,24084.855941677648
2018-05-08 01:00:00,20.5390970546464,0.0,20.5390970546464
2018-05-08 02:00:00,17.419912510782435,0.0,17.419912510782435
2018-05-08 03:00:00,25.631620938482108,2035.6104415296757,2061.242062468158
2018-05-08 04:00:00,45.94610468587693,9129.303532928674,9175.249637614552
2018-05-08 05:00:00,75.49026274882733,10615.410231810492,10690.900494559319
2018-05-08 06:00:00,114.28655932649562,29942.775249296137,30057.06180862263
2018-05-08 07:00:00,158.88980834859018,22695.077274480467,22853.967082829062
2018-05-08 08:00:00,198.68514305300292,48207.02395591451,48405.70909896752
2018-05-08 09:00:00,242.15292491398958,40358.293045176324,40600.44597009031
2018-05-08 10:00:00,286.2285296561872,20096.31374216532,20382.542271821505
2018-05-08 11:00:00,312.1011844324602,21286.148294953717,21598.249479386177
2018-05-08 12:00:00,342.817401859921,19522.013621820603,19864.831023680523
2018-05-08 13:00:00,366.68387426012475,13015.11761494504,13381.801489205165
2018-05-08 14:00:00,362.15540996995264,33000.46359568092,33362.61900565087
2018-05-08 15:00:00,356.5899114962444,15638.192888662936,15994.782800159179
2018-05-08 16:00:00,339.1571495545497,9717.255679653845,10056.412829208393
2018-05-08 17:00:00,301.37638876051153,200.14571419088853,501.5221029514001
2018-05-08 18:00:00,273.7748031452385,2185.854278467773,2459.6290816130113
2018-05-08 19:00:00,215.428303397716,1470.9999952656317,1686.4282986633477
2018-05-08 20:00:00,173.621967845148,29162.999918207286,29336.62188605243
2018-05-08 21:00:00,137.56198886406108,40074.6746914081,40212.23668027216
2018-05-08 22:00:00,90.12969253214288,32541.325097058725,32631.454789590873
2018-05-08 23:00:00,60.29187501619925,8378.999974476113,8439.291849492312
2018-05-09 00:00:00,34.20439345994207,24339.999928506797,24374.204321966732
2018-05-09 01:00:00,19.648912213755295,0.0,19.648912213755295
2018-05-09 02:00:00,17.273549766343827,0.0,17.273549766343827
2018-05-09 03:00:00,27.504239799609266,1763.9999953424635,1791.5042351420725
2018-05-09 04:00:00,46.15234665836561,1583.9999948348154,1630.1523414931812
2018-05-09 05:00:00,74.55005296164101,15092.114800670863,15166.664853632505
2018-05-09 06:00:00,111.32775254160849,24734.06379082702,24845.391543368627
2018-05-09 07:00:00,158.4110939243028,29156.264085167335,29314.67517909164
2018-05-09 08:00:00,195.70288562608292,37110.42206985329,37306.12495547937
2018-05-09 09:00:00,235.80670484752832,31321.597266805067,31557.403971652602
2018-05-09 10:00:00,265.30578448487563,28766.820837679898,29032.126622164775
2018-05-09 11:00:00,328.9620101141233,41011.4735506987,41340.435560812824
2018-05-09 12:00:00,341.3995024176278,24153.90599413745,24495.305496555076
2018-05-09 13:00:00,344.3015078254674,20989.535463363994,21333.836971189463
2018-05-09 14:00:00,358.5800959805931,44610.1566269443,44968.736722924885
2018-05-09 15:00:00,348.97542622766116,42280.637417047736,42629.6128432754
2018-05-09 16:00:00,326.3830749775725,4049.007153692393,4375.390228669966
2018-05-09 17:00:00,291.3194440504218,1211.0858527295468,1502.4052967799685
2018-05-09 18:00:00,271.6397981392195,2693.9141389812867,2965.553937120506
2018-05-09 19:00:00,217.30988390765114,197.99999981353008,415.3098837211812
2018-05-09 20:00:00,175.71904756333157,17842.682279029686,18018.40132659302
2018-05-09 21:00:00,137.2430084430929,55488.29572452648,55625.53873296957
2018-05-09 22:00:00,88.44605847553137,47474.021661472,47562.467719947526
2018-05-09 23:00:00,60.84551960424629,2645.999992673272,2706.845512277518
2018-05-10 00:00:00,34.63798777768336,26660.999928174075,26695.63791595176
2018-05-10 01:00:00,20.052918195051994,0.0,20.052918195051994
2018-05-10 02:00:00,17.78001211734673,0.0,17.78001211734673
2018-05-10 03:00:00,26.680313389085228,0.0,26.680313389085228
2018-05-10 04:00:00,47.24492248857459,775.9999968928753,823.2449193814498
2018-05-10 05:00:00,73.03530249273257,1359.9999966081832,1433.0352991009158
2018-05-10 06:00:00,111.73217681961737,8363.979205269765,8475.711382089383
2018-05-10 07:00:00,155.9258480009934,6257.020755574807,6412.9466035758
2018-05-10 08:00:00,207.8456462746458,12194.036683422677,12401.882329697322
2018-05-10 09:00:00,239.48492838134672,15278.276777570067,15517.761705951414
2018-05-10 10:00:00,269.942177927971,20893.815320718717,21163.757498646686
2018-05-10 11:00:00,317.46028328948876,31961.357573880756,32278.817857170245
2018-05-10 12:00:00,347.9801353039735,7709.259818152044,8057.239953456017
2018-05-10 13:00:00,365.61130627897,17238.027651959783,17603.63895823875
2018-05-10 14:00:00,364.54466314670606,29109.436735492665,29473.98139863937
2018-05-10 15:00:00,358.7781493842614,22037.08866889627,22395.866818280534
2018-05-10 16:00:00,336.5253248078229,3516.700330702394,3853.2256555102163
2018-05-10 17:00:00,302.6417053648518,2771.749667002661,3074.391372367513
2018-05-10 18:00:00,272.91050234326343,755.2503233422339,1028.1608256854972
2018-05-10 19:00:00,218.80411393372268,367.9913193448893,586.795433278612
2018-05-10 20:00:00,177.99694468118105,29714.008599213346,29892.005543894524
2018-05-10 21:00:00,133.92837493518888,12081.973568961068,12215.901943896257
2018-05-10 22:00:00,94.23527154870371,13106.026361396793,13200.261632945496
2018-05-10 23:00:00,60.59333115386575,0.0,60.59333115386575
2018-05-11 00:00:00,33.90652344630658,1061.999997982038,1095.9065214283446
2018-05-11 01:00:00,21.10469135960604,0.0,21.10469135960604
2018-05-11 02:00:00,17.432774920915037,0.0,17.432774920915037
2018-05-11 03:00:00,25.13308106260198,100.47126531422812,125.60434637683012
2018-05-11 04:00:00,46.360304575275904,5725.528718160028,5771.889022735304
2018-05-11 05:00:00,78.41805369675238,14319.857099450917,14398.275153147668
2018-05-11 06:00:00,110.70220659210815,16188.527766370085,16299.229972962195
2018-05-11 07:00:00,145.43330521702126,13297.753883690093,13443.187188907114
2018-05-11 08:00:00,192.79250548949153,18864.802626341516,19057.595131831007
2018-05-11 09:00:00,253.21008163260296,39999.64247494098,40252.85255657359
2018-05-11 10:00:00,279.56978445362313,30415.254096671473,30694.823881125096
2018-05-11 11:00:00,303.37584508277,17282.44755272922,17585.82339781199
2018-05-11 12:00:00,343.8097663596515,13868.050868703089,14211.860635062741
2018-05-11 13:00:00,362.8584237490262,14748.698348764725,15111.556772513752
2018-05-11 14:00:00,361.04185253239604,8272.272129404026,8633.313981936422
2018-05-11 15:00:00,348.8255064519168,46298.377864670445,46647.20337112236
2018-05-11 16:00:00,334.86984836472277,8949.314593275032,9284.184441639754
2018-05-11 17:00:00,309.7159265061508,2639.999994271864,2949.715920778015
2018-05-11 18:00:00,269.92815036602525,634.381358284985,904.3095086510102
2018-05-11 19:00:00,225.02469471988584,62.61864058740961,287.64333530729544
2018-05-11 20:00:00,175.2343471283109,21299.999940848465,21475.23428797678
2018-05-11 21:00:00,135.9559848905594,43932.7415911547,44068.69757604526
2018-05-11 22:00:00,91.12945194783231,36678.25818930819,36769.38764125602
2018-05-11 23:00:00,58.02536201556292,5.999999985170126,64.02536200073305
2018-05-12 00:00:00,35.46862902668781,27941.99992296666,27977.46855199335
2018-05-12 01:00:00,20.81763117652833,1187.9999966267962,1208.8176278033247
2018-05-12 02:00:00,17.42105939529373,0.0,17.42105939529373
2018-05-12 03:00:00,26.364678138656988,0.0,26.364678138656988
2018-05-12 04:00:00,44.21868107301135,0.0,44.21868107301135
2018-05-12 05:00:00,73.42198591133241,0.0,73.42198591133241
2018-05-12 06:00:00,113.77201023091614,98.9999997445578,212.77200997547394
2018-05-12 07:00:00,153.72204759715243,989.9999978271717,1143.722045424324
2018-05-12 08:00:00,189.305611172824,207.99999900372052,397.3056101765445
2018-05-12 09:00:00,243.579431032963,0.0,243.579431032963
2018-05-12 10:00:00,286.6274065567502,170.35940757954222,456.98681413629237
2018-05-12 11:00:00,316.22865732691963,1018.6405896899398,1334.8692470168598
2018-05-12 12:00:00,335.587769363815,0.0,335.587769363815
2018-05-12 13:00:00,352.7002447431212,0.0,352.7002447431212
2018-05-12 14:00:00,355.95706414515496,0.0,355.95706414515496
2018-05-12 15:00:00,338.7892354280371,0.0,338.7892354280371
2018-05-12 16:00:00,331.31518444360745,0.0,331.31518444360745
2018-05-12 17:00:00,298.5902698653845,0.0,298.5902698653845
2018-05-12 18:00:00,247.2293923441872,0.0,247.2293923441872
2018-05-12 19:00:00,226.04756172880172,0.0,226.04756172880172
2018-05-12 20:00:00,176.41530605402227,277.99999939477163,454.4153054487939
2018-05-12 21:00:00,137.96307217528243,900.5105370831742,1038.4736092584567
2018-05-12 22:00:00,90.6700412879798,1810.489455700606,1901.159496988586
2018-05-12 23:00:00,59.61167319171072,0.0,59.61167319171072
2018-05-13 00:00:00,34.998155848084664,0.0,34.998155848084664
2018-05-13 01:00:00,20.990505228732623,0.0,20.990505228732623
2018-05-13 02:00:00,17.683660655595887,0.0,17.683660655595887
2018-05-13 03:00:00,26.570565145970665,0.0,26.570565145970665
2018-05-13 04:00:00,44.71508318117061,0.0,44.71508318117061
2018-05-13 05:00:00,79.04620459229083,0.0,79.04620459229083
2018-05-13 06:00:00,112.47387690310805,0.0,112.47387690310805
2018-05-13 07:00:00,158.09842225269716,0.0,158.09842225269716
2018-05-13 08:00:00,201.81545902221302,0.0,201.81545902221302
2018-05-13 09:00:00,242.99494054695518,0.0,242.99494054695518
2018-05-13 10:00:00,293.7112053352049,0.0,293.7112053352049
2018-05-13 11:00:00,319.58176184894614,0.0,319.58176184894614
2018-05-13 12:00:00,355.7957643824934,0.0,355.7957643824934
2018-05-13 13:00:00,363.6075154506983,0.0,363.6075154506983
2018-05-13 14:00:00,361.8680659095053,0.0,361.8680659095053
2018-05-13 15:00:00,340.45757055176387,0.0,340.45757055176387
2018-05-13 16:00:00,329.32315454006084,77.9999997497556,407.32315428981644
2018-05-13 17:00:00,291.09364868881846,0.0,291.09364868881846
2018-05-13 18:00:00,269.40256303504475,368.99999877560526,638.40256181065
2018-05-13 19:00:00,213.4552812419262,0.0,213.4552812419262
2018-05-13 20:00:00,171.01572887414596,0.0,171.01572887414596
2018-05-13 21:00:00,133.1847779780739,283.4386687426242,416.6234467206981
2018-05-13 22:00:00,89.86569110872693,524.5613288602354,614.4270199689624
2018-05-13 23:00:00,58.70502848168453,0.0,58.70502848168453
2018-05-14 00:00:00,34.641828010990885,58.99999992692721,93.64182793791811
2018-05-14 01:00:00,20.716610381316105,0.0,20.716610381316105
2018-05-14 02:00:00,17.896025696128703,98.9999996201216,116.89602531625033
2018-05-14 03:00:00,27.226552158064596,0.0,27.226552158064596
2018-05-14 04:00:00,46.82042898852049,8982.502544034074,9029.322973022594
2018-05-14 05:00:00,75.11110398206687,12000.75250418131,12075.863608163374
2018-05-14 06:00:00,107.7930862547363,27138.160767606125,27245.95385386086
2018-05-14 07:00:00,159.9111469241464,30679.33493233898,30839.246079263125
2018-05-14 08:00:00,194.31649597659828,37176.25497438612,37370.571470362716
2018-05-14 09:00:00,236.72180383484476,36272.263726455756,36508.98553029061
2018-05-14 10:00:00,275.7029883242469,38883.34144709718,39159.04443542143
2018-05-14 11:00:00,313.11923888516725,42232.453916471626,42545.57315535679
2018-05-14 12:00:00,343.0275945414336,31504.220014306433,31847.24760884787
2018-05-14 13:00:00,354.5738870232208,19964.461165610053,20319.035052633273
2018-05-14 14:00:00,342.32545308223916,31112.340141003187,31454.66559408543
2018-05-14 15:00:00,346.76264891640204,42130.156028694364,42476.91867761077
2018-05-14 16:00:00,319.29617838624165,38649.40533305718,38968.70151144341
2018-05-14 17:00:00,285.62742153484834,11386.442687617324,11672.070109152173
2018-05-14 18:00:00,265.8097869604494,1154.908654203431,1420.7184411638805
2018-05-14 19:00:00,220.59824970582713,197.99999960107777,418.5982493069049
2018-05-14 20:00:00,169.91324993330213,21900.99993921416,22070.913189147457
2018-05-14 21:00:00,128.0350418076422,41902.54910875649,42030.58415056414
2018-05-14 22:00:00,91.21053059697914,35334.45067884866,35425.66120944564
2018-05-14 23:00:00,58.05004475146513,609.1448564645034,667.1949012159685
2018-05-15 00:00:00,35.035490537686336,27173.85506621513,27208.890556752816
2018-05-15 01:00:00,20.59790118829109,0.0,20.59790118829109
2018-05-15 02:00:00,17.46118289721738,0.0,17.46118289721738
2018-05-15 03:00:00,26.788996453132498,587.9999989558958,614.7889954090283
2018-05-15 04:00:00,44.834031023673894,3241.9999912681574,3286.8340222918314
2018-05-15 05:00:00,74.19732300904155,9652.335517485404,9726.532840494448
2018-05-15 06:00:00,111.15979669636565,40723.87267508275,40835.03247177911
2018-05-15 07:00:00,155.98525366923525,27715.453038055934,27871.43829172517
2018-05-15 08:00:00,201.8350087396752,37835.010443966814,38036.84545270649
2018-05-15 09:00:00,237.58267895270836,40559.716460879004,40797.299139831724
2018-05-15 10:00:00,283.78955331833276,23637.668690862392,23921.458244180725
2018-05-15 11:00:00,315.5354389252253,23822.582244850637,24138.11768377586
2018-05-15 12:00:00,337.7885296482974,36989.32401541505,37327.112545063355
2018-05-15 13:00:00,362.465863163554,38479.12990189926,38841.59576506281
2018-05-15 14:00:00,372.20434367091457,34337.87079462054,34710.07513829146
2018-05-15 15:00:00,343.7704625840755,30169.876104470735,30513.64656705481
2018-05-15 16:00:00,329.53223414289835,22832.15908431568,23161.69131845858
2018-05-15 17:00:00,299.7543573939437,603.9999981278334,903.754355521777
2018-05-15 18:00:00,275.4698684385372,0.0,275.4698684385372
2018-05-15 19:00:00,229.88573282964435,4707.99998818506,4937.885721014703
2018-05-15 20:00:00,176.27506090718003,25232.99993205096,25409.27499295814
2018-05-15 21:00:00,132.21449482343647,44079.00790075844,44211.222395581884
2018-05-15 22:00:00,91.4781071894836,43153.991854063934,43245.46996125342
2018-05-15 23:00:00,58.7583674518202,8054.999977320974,8113.758344772794
2018-05-16 00:00:00,35.18101912489276,19477.999949782818,19513.18096890771
2018-05-16 01:00:00,20.64168868544086,197.99999934455707,218.64168802999794
2018-05-16 02:00:00,18.108946960721628,195.9999989799539,214.10894594067548
2018-05-16 03:00:00,26.213914104614943,3625.99999033938,3652.2139044439955
2018-05-16 04:00:00,46.21238864697939,1597.7663998918265,1643.9787885388057
2018-05-16 05:00:00,78.32530146645001,9541.233569243748,9619.558870710198
2018-05-16 06:00:00,113.44960142353156,33583.82479962135,33697.27440104488
2018-05-16 07:00:00,154.27853672627614,47102.47907676753,47256.75761349381
2018-05-16 08:00:00,194.87012502331368,27040.238478253676,27235.10860327699
2018-05-16 09:00:00,241.02343327000034,26469.750493611136,26710.773926881142
2018-05-16 10:00:00,268.8670653548138,33098.703776267226,33367.570841622044
2018-05-16 11:00:00,311.051480696771,17880.370792193928,18191.422272890697
2018-05-16 12:00:00,345.3100379122137,33795.553924261185,34140.863962173404
2018-05-16 13:00:00,345.8208688846591,24956.183901729266,25302.004770613923
2018-05-16 14:00:00,357.6009795004509,23089.169585646938,23446.770565147395
2018-05-16 15:00:00,361.71192570270364,32633.662572957914,32995.37449866061
2018-05-16 16:00:00,324.21549503428895,18497.061702617655,18821.277197651947
2018-05-16 17:00:00,307.0273884758297,889.9999974080181,1197.0273858838477
2018-05-16 18:00:00,261.75247480780786,1286.9999966119676,1548.7524714197752
2018-05-16 19:00:00,212.89835250914888,589.9999988716181,802.8983513807669
2018-05-16 20:00:00,172.93756547431232,26655.00356173536,26827.941127209673
2018-05-16 21:00:00,136.1744859211194,44877.904301269315,45014.07878719043
2018-05-16 22:00:00,87.81599673712475,45756.09180846102,45843.90780519814
2018-05-16 23:00:00,61.55904022370082,1.999999988825642,63.55904021252646
2018-05-17 00:00:00,34.60038099384563,23200.999937562367,23235.60031855621
2018-05-17 01:00:00,21.44834218813775,0.0,21.44834218813775
2018-05-17 02:00:00,18.501615583269338,2943.9999904439546,2962.501606027224
2018-05-17 03:00:00,27.133191748405817,979.9999966991211,1007.1331884475269
2018-05-17 04:00:00,45.1735171999555,1598.9999975664773,1644.173514766433
2018-05-17 05:00:00,74.97633256535855,15427.603283271785,15502.579615837143
2018-05-17 06:00:00,110.37504319955431,19264.91052320481,19375.285566404367
2018-05-17 07:00:00,158.45215879475433,34217.63701032348,34376.08916911823
2018-05-17 08:00:00,191.76334524084018,32299.647027731968,32491.410372972805
2018-05-17 09:00:00,246.42536892249825,32723.167443007027,32969.59281192953
2018-05-17 10:00:00,284.5091467565185,22775.974300865455,23060.483447621973
2018-05-17 11:00:00,316.9360364169037,28920.24484157382,29237.180877990722
2018-05-17 12:00:00,348.0863219358848,37229.61377381902,37577.7000957549
2018-05-17 13:00:00,361.0220723440141,30230.683359099512,30591.705431443526
2018-05-17 14:00:00,372.10282999759903,28459.03802464695,28831.140854644553
2018-05-17 15:00:00,346.7511747641021,15226.034998684689,15572.786173448789
2018-05-17 16:00:00,325.71441515892764,8805.444556495375,9131.158971654302
2018-05-17 17:00:00,310.3195961930745,754.9857033706254,1065.3052995637
2018-05-17 18:00:00,258.5339456210473,525.0142930425925,783.5482386636397
2018-05-17 19:00:00,225.00383687510532,395.9999990619427,621.0038359370479
2018-05-17 20:00:00,177.06384391824082,29787.13169648695,29964.19554040519
2018-05-17 21:00:00,127.95134803769132,49546.4486329309,49674.39998096858
2018-05-17 22:00:00,90.53649192498145,49051.41931088476,49141.955802809745
2018-05-17 23:00:00,61.98064238497747,0.0,61.98064238497747
2018-05-18 00:00:00,34.328317235131586,35605.99989952376,35640.3282167589
2018-05-18 01:00:00,19.960377030961347,0.0,19.960377030961347
2018-05-18 02:00:00,17.48565577442028,887.9999969840248,905.4856527584451
2018-05-18 03:00:00,26.187309414909578,15875.999956281532,15902.187265696442
2018-05-18 04:00:00,45.13438276897624,14250.592115542546,14295.726498311522
2018-05-18 05:00:00,78.38908769501215,18037.964205147575,18116.353292842585
2018-05-18 06:00:00,113.71182932356834,38993.39478965054,39107.10661897411
2018-05-18 07:00:00,156.74446558906854,35709.69053309559,35866.434998684665
2018-05-18 08:00:00,198.22792173970083,16942.816048193476,17141.043969933176
2018-05-18 09:00:00,230.31403213919265,41117.60080603824,41347.914838177436
2018-05-18 10:00:00,271.900912095217,29476.40776024721,29748.308672342428
2018-05-18 11:00:00,320.3400101770469,37082.37085004416,37402.71086022121
2018-05-18 12:00:00,344.6690240999195,24117.401416312125,24462.070440412044
2018-05-18 13:00:00,339.51058764812944,18559.900102416483,18899.410690064607
2018-05-18 14:00:00,358.2859877749463,24535.18288210007,24893.468869875018
2018-05-18 15:00:00,345.5293718382783,50269.80024285726,50615.32961469553
2018-05-18 16:00:00,318.5765631027056,1305.8772705049475,1624.4538336076535
2018-05-18 17:00:00,290.0259251021007,615.9999984681008,906.0259235702015
2018-05-18 18:00:00,263.34767755715546,1088.9999966480834,1352.3476742052387
2018-05-18 19:00:00,220.4915695583668,790.9999979503366,1011.4915675087034
2018-05-18 20:00:00,178.9491501204628,21192.91451830742,21371.863668427883
2018-05-18 21:00:00,132.2165836723081,50455.07035538264,50587.286939054946
2018-05-18 22:00:00,90.21723552532026,39613.01481157979,39703.23204710511
2018-05-18 23:00:00,59.2232586514466,0.0,59.2232586514466
2018-05-19 00:00:00,33.12879541162489,39356.99989099688,39390.1286864085
2018-05-19 01:00:00,20.400765740929348,0.0,20.400765740929348
2018-05-19 02:00:00,18.46194824486671,0.0,18.46194824486671
2018-05-19 03:00:00,26.84841861259285,0.0,26.84841861259285
2018-05-19 04:00:00,44.08658705681849,0.0,44.08658705681849
2018-05-19 05:00:00,78.00276094103236,0.0,78.00276094103236
2018-05-19 06:00:00,109.52948321808893,494.9999983570439,604.5294815751328
2018-05-19 07:00:00,155.6908029453005,0.0,155.6908029453005
2018-05-19 08:00:00,201.55495282792063,0.0,201.55495282792063
2018-05-19 09:00:00,240.89619019548343,2743.9999918628587,2984.896182058342
2018-05-19 10:00:00,268.56296395756755,99.99999994860384,368.5629639061714
2018-05-19 11:00:00,318.3377473727396,0.9999999968346346,319.33774736957423
2018-05-19 12:00:00,342.99941459199016,0.0,342.99941459199016
2018-05-19 13:00:00,361.4939923082663,0.0,361.4939923082663
2018-05-19 14:00:00,365.1337204616841,0.0,365.1337204616841
2018-05-19 15:00:00,346.1214823030522,0.0,346.1214823030522
2018-05-19 16:00:00,334.9105131891372,0.0,334.9105131891372
2018-05-19 17:00:00,299.3043702059617,0.0,299.3043702059617
2018-05-19 18:00:00,259.85000167375887,0.0,259.85000167375887
2018-05-19 19:00:00,216.8006654140433,0.0,216.8006654140433
2018-05-19 20:00:00,179.12712749742343,277.999999395195,457.1271268926184
2018-05-19 21:00:00,132.13207873884545,468.0256615214848,600.1577402603302
2018-05-19 22:00:00,90.18671689548702,979.974335666105,1070.161052561592
2018-05-19 23:00:00,61.72379778070983,0.0,61.72379778070983
2018-05-20 00:00:00,34.56315864281285,0.0,34.56315864281285
2018-05-20 01:00:00,20.63352153026875,0.0,20.63352153026875
2018-05-20 02:00:00,17.369835570536463,0.0,17.369835570536463
2018-05-20 03:00:00,27.5419587903837,0.0,27.5419587903837
2018-05-20 04:00:00,47.18072558847672,0.0,47.18072558847672
2018-05-20 05:00:00,75.78199585373295,0.0,75.78199585373295
2018-05-20 06:00:00,111.15724929012131,0.0,111.15724929012131
2018-05-20 07:00:00,151.9105748357365,98.9999999173421,250.91057475307855
2018-05-20 08:00:00,198.99271453864066,0.0,198.99271453864066
2018-05-20 09:00:00,237.14199282393312,0.0,237.14199282393312
2018-05-20 10:00:00,287.27572647676743,0.0,287.27572647676743
2018-05-20 11:00:00,318.33253474619187,0.0,318.33253474619187
2018-05-20 12:00:00,347.492979908747,0.0,347.492979908747
2018-05-20 13:00:00,342.1092232162273,0.0,342.1092232162273
2018-05-20 14:00:00,339.0363538045914,0.0,339.0363538045914
2018-05-20 15:00:00,349.1084274264804,0.0,349.1084274264804
2018-05-20 16:00:00,334.2089544958109,0.0,334.2089544958109
2018-05-20 17:00:00,296.74903570625884,0.0,296.74903570625884
2018-05-20 18:00:00,259.01503653228224,692.9999975052563,952.0150340375385
2018-05-20 19:00:00,222.47020472053416,0.0,222.47020472053416
2018-05-20 20:00:00,171.47293508573807,0.0,171.47293508573807
2018-05-20 21:00:00,135.64942661065587,307.34781108861523,442.99723769927107
2018-05-20 22:00:00,93.29588342415413,790.6521857819855,883.9480692061396
2018-05-20 23:00:00,58.9197521300458,0.0,58.9197521300458
2018-05-21 00:00:00,35.07195961815124,0.0,35.07195961815124
2018-05-21 01:00:00,21.082219969501736,0.0,21.082219969501736
2018-05-21 02:00:00,17.568736974631136,0.0,17.568736974631136
2018-05-21 03:00:00,26.93099335378234,2057.999994237493,2084.9309875912754
2018-05-21 04:00:00,45.8206356396293,1567.9999954144123,1613.8206310540415
2018-05-21 05:00:00,75.07129339652508,1957.9568162991573,2033.0281096956821
2018-05-21 06:00:00,111.6142451033397,6328.043159431435,6439.657404534774
2018-05-21 07:00:00,147.2391765215397,16193.037523873034,16340.276700394574
2018-05-21 08:00:00,200.61671015812232,22662.52982926,22863.14653941812
2018-05-21 09:00:00,241.6559902492573,23154.85649709933,23396.512487348584
2018-05-21 10:00:00,277.3250989197526,17926.81140827076,18204.136507190517
2018-05-21 11:00:00,315.3916008936768,20641.09634849071,20956.48794938439
2018-05-21 12:00:00,339.6661230632229,13133.511312550896,13473.17743561412
2018-05-21 13:00:00,350.9632862982621,21485.915785689598,21836.87907198786
2018-05-21 14:00:00,351.3473676231766,22608.865673911845,22960.213041535026
2018-05-21 15:00:00,351.2051020135781,17203.536935958924,17554.7420379725
2018-05-21 16:00:00,326.8314157402923,2990.838188294279,3317.6696040345714
2018-05-21 17:00:00,282.587112647819,595.9999984062124,878.5871110540314
2018-05-21 18:00:00,263.08233804731304,2333.9999936888335,2597.0823317361464
2018-05-21 19:00:00,221.98193075607162,197.9999997075965,419.98193046366805
2018-05-21 20:00:00,183.50748893382132,17483.999948828503,17667.50743776232
2018-05-21 21:00:00,131.4038949786954,11367.621660537345,11499.02555551604
2018-05-21 22:00:00,89.6845615206117,12513.378274950688,12603.062836471301
2018-05-21 23:00:00,60.474928594527015,0.0,60.474928594527015
2018-05-22 00:00:00,33.51909677580865,1946.9999946813416,1980.5190914571508
2018-05-22 01:00:00,20.4385988039743,0.0,20.4385988039743
2018-05-22 02:00:00,18.232199604918065,691.1382800118753,709.3704796167933
2018-05-22 03:00:00,26.12961241224796,92.86171787346886,118.99133028571683
2018-05-22 04:00:00,47.58961912302861,1372.9999952452165,1420.5896143682455
2018-05-22 05:00:00,77.52970078116768,9290.754916412845,9368.284617194013
2018-05-22 06:00:00,112.62636886395624,38075.79909768706,38188.42546655101
2018-05-22 07:00:00,151.14722624414958,20982.872145829762,21134.01937207391
2018-05-22 08:00:00,195.8947477285841,33630.04128220639,33825.936029934965
2018-05-22 09:00:00,242.11433818522346,28237.213962818,28479.328301003232
2018-05-22 10:00:00,280.2777441683223,26618.056793938023,26898.334538106345
2018-05-22 11:00:00,301.57961435908226,21703.200722603702,22004.78033696278
2018-05-22 12:00:00,340.60304404402416,20714.8793940563,21055.482438100324
2018-05-22 13:00:00,342.41384652514967,24366.986521984283,24709.400368509436
2018-05-22 14:00:00,342.3916515216968,31416.75532605742,31759.14697757912
2018-05-22 15:00:00,349.31038448058024,34590.544999616875,34939.85538409746
2018-05-22 16:00:00,326.16336099219825,4781.8940084487585,5108.057369440957
2018-05-22 17:00:00,302.03359883867927,675.9999980320392,978.0335968707185
2018-05-22 18:00:00,263.40974082361856,615.1298596619096,878.5396004855281
2018-05-22 19:00:00,215.26573399191466,171.4362313825547,386.7019653744694
2018-05-22 20:00:00,178.3988922709571,19480.43385087595,19658.832743146908
2018-05-22 21:00:00,136.46506622565528,39546.43095880669,39682.89602503234
2018-05-22 22:00:00,96.88513536528788,29962.56884230237,30059.453977667665
2018-05-22 23:00:00,58.41874533587462,0.0,58.41874533587462
2018-05-23 00:00:00,34.91984784440861,30328.9999134338,30363.919761278208
2018-05-23 01:00:00,20.164861406698847,0.0,20.164861406698847
2018-05-23 02:00:00,18.550959266004448,881.9999972369977,900.5509565030021
2018-05-23 03:00:00,27.575425899296143,850.5367710874409,878.1121969867371
2018-05-23 04:00:00,46.89018794841198,6809.71904696,6856.609234908412
2018-05-23 05:00:00,73.30752483404498,10322.421617538326,10395.729142372373
2018-05-23 06:00:00,112.43694105660138,27120.89091771689,27233.32785877349
2018-05-23 07:00:00,150.49674863813158,27309.26012296354,27459.756871601672
2018-05-23 08:00:00,199.35146602037167,29219.082530843967,29418.43399686434
2018-05-23 09:00:00,238.0187553470427,26141.45996729227,26379.478722639316
2018-05-23 10:00:00,279.8365634007057,38373.30101967821,38653.13758307892
2018-05-23 11:00:00,316.980043561651,33311.315049122255,33628.29509268391
2018-05-23 12:00:00,340.0202558440636,31571.35049423555,31911.370750079615
2018-05-23 13:00:00,358.8038212469962,90074.10710254838,90432.91092379537
2018-05-23 14:00:00,349.87790693721206,55053.77123226863,55403.64913920584
2018-05-23 15:00:00,352.5022664552632,28939.930769162922,29292.433035618185
2018-05-23 16:00:00,335.97247128679186,27775.852144415265,28111.82461570206
2018-05-23 17:00:00,283.2030048649334,0.0,283.2030048649334
2018-05-23 18:00:00,267.6134463182149,98.99999976017216,366.61344607838714
2018-05-23 19:00:00,224.37949255228864,302.999998857989,527.3794914102776
2018-05-23 20:00:00,174.32640631609257,26774.513469724614,26948.839876040704
2018-05-23 21:00:00,126.8028872934044,61334.41781141817,61461.22069871158
2018-05-23 22:00:00,91.1459233930401,62696.06829941502,62787.21422280805
2018-05-23 23:00:00,60.41504817956124,4085.999988337951,4146.415036517512
2018-05-24 00:00:00,34.654110171519605,21432.99993569029,21467.65404586182
2018-05-24 01:00:00,20.262200317007085,0.0,20.262200317007085
2018-05-24 02:00:00,17.820699378439954,293.9999991180498,311.8206984964898
2018-05-24 03:00:00,26.805179120425993,4605.999987692616,4632.805166813043
2018-05-24 04:00:00,45.72300018737438,77.99999979568041,123.72299998305479
2018-05-24 05:00:00,79.2865918590359,11715.859184114968,11795.145775974006
2018-05-24 06:00:00,116.15596819073474,21838.560777505518,21954.71674569625
2018-05-24 07:00:00,153.7685802620598,32696.52570922245,32850.29428948451
2018-05-24 08:00:00,191.40676512599595,39214.408780573256,39405.81554569925
2018-05-24 09:00:00,244.1941359234006,27537.677352259554,27781.87148818296
2018-05-24 10:00:00,277.1032769134441,25927.82308038902,26204.926357302465
2018-05-24 11:00:00,318.8907309738148,27912.77930144537,28231.67003241919
2018-05-24 12:00:00,338.6267122612147,23840.13927446804,24178.765986729253
2018-05-24 13:00:00,333.71862980126923,32747.491410672585,33081.21004047385
2018-05-24 14:00:00,359.20847411995794,38898.85048585653,39258.05895997648
2018-05-24 15:00:00,346.4093947144564,51291.80779252282,51638.21718723727
2018-05-24 16:00:00,326.7746325098939,3200.8814240218917,3527.6560565317855
2018-05-24 17:00:00,291.9551340527558,7675.194453957842,7967.149588010598
2018-05-24 18:00:00,263.6079154693748,491.99999907539564,755.6079145447704
2018-05-24 19:00:00,220.1413064642431,9613.728372487854,9833.869678952098
2018-05-24 20:00:00,174.66106055488527,30304.962678615368,30479.623739170253
2018-05-24 21:00:00,125.61805712518537,50818.775089078954,50944.39314620414
2018-05-24 22:00:00,89.1970563484772,41990.53348399685,42079.73054034533
2018-05-24 23:00:00,58.39632580256011,196.99999914345236,255.39632494601247
2018-05-25 00:00:00,33.74931932106388,22591.999933486637,22625.7492528077
2018-05-25 01:00:00,21.379158413318407,0.0,21.379158413318407
2018-05-25 02:00:00,18.157542624251636,2714.9557034907475,2733.1132461149996
2018-05-25 03:00:00,25.2184238469865,1009.0442872642543,1034.2627111112408
2018-05-25 04:00:00,44.89767948706701,492.9999986237067,537.8976781107738
2018-05-25 05:00:00,75.7171505761547,18830.408760692055,18906.12591126821
2018-05-25 06:00:00,116.62027610921086,27537.59111459937,27654.21139070858
2018-05-25 07:00:00,155.84847425392107,42112.79844155273,42268.646915806654
2018-05-25 08:00:00,204.57719933227006,61491.79574826156,61696.37294759383
2018-05-25 09:00:00,241.47914260526733,34649.98136564297,34891.46050824824
2018-05-25 10:00:00,282.1033887271567,24356.614053874197,24638.717442601355
2018-05-25 11:00:00,324.41156759620964,36153.370270698026,36477.78183829424
2018-05-25 12:00:00,339.87063862168577,22015.574587868086,22355.44522648977
2018-05-25 13:00:00,340.3175979298584,15988.694503004761,16329.012100934619
2018-05-25 14:00:00,358.27861333500323,18088.932780324412,18447.211393659418
2018-05-25 15:00:00,354.12758066044114,40197.547467740405,40551.67504840085
2018-05-25 16:00:00,336.8003427543804,5434.689939657983,5771.490282412363
2018-05-25 17:00:00,313.08594974398414,593.9999979337864,907.0859476777705
2018-05-25 18:00:00,251.21889335112985,395.9999988571245,647.2188922082544
2018-05-25 19:00:00,227.97234856908722,593.9999986813816,821.9723472504688
2018-05-25 20:00:00,183.52929712518358,22494.99993953648,22678.529236661663
2018-05-25 21:00:00,135.3318052546644,44292.13293462654,44427.46473988121
2018-05-25 22:00:00,91.4492444463574,47014.866811744905,47106.31605619126
2018-05-25 23:00:00,61.06924014260164,0.0,61.06924014260164
2018-05-26 00:00:00,35.82648955610518,36374.99989789516,36410.82638745126
2018-05-26 01:00:00,20.585039973054112,0.0,20.585039973054112
2018-05-26 02:00:00,18.02000817544047,0.0,18.02000817544047
2018-05-26 03:00:00,25.94492848054318,38.3170788032006,64.26200728374378
2018-05-26 04:00:00,46.14122747013487,159.6829209044085,205.82414837454337
2018-05-26 05:00:00,72.06505824987156,1979.9999942783156,2052.0650525281862
2018-05-26 06:00:00,112.85323198004046,3167.9999910405277,3280.8532230205683
2018-05-26 07:00:00,156.2848656314971,5095.999987279469,5252.284852910966
2018-05-26 08:00:00,204.0242665283941,0.0,204.0242665283941
2018-05-26 09:00:00,232.57276196943428,0.0,232.57276196943428
2018-05-26 10:00:00,268.7618306450566,0.0,268.7618306450566
2018-05-26 11:00:00,310.0809386898841,0.0,310.0809386898841
2018-05-26 12:00:00,348.8056057486015,0.0,348.8056057486015
2018-05-26 13:00:00,353.0132010836189,0.0,353.0132010836189
2018-05-26 14:00:00,360.45804374517786,0.0,360.45804374517786
2018-05-26 15:00:00,342.5713335545239,0.0,342.5713335545239
2018-05-26 16:00:00,336.75886945386674,0.0,336.75886945386674
2018-05-26 17:00:00,304.0836980295797,0.0,304.0836980295797
2018-05-26 18:00:00,273.95220274116116,0.0,273.95220274116116
2018-05-26 19:00:00,218.0535795578973,0.0,218.0535795578973
2018-05-26 20:00:00,171.85368138599762,997.999996798226,1169.8536781842236
2018-05-26 21:00:00,130.40102771927604,1257.310833660981,1387.7118613802568
2018-05-26 22:00:00,93.85564603172188,2393.6891562735736,2487.5448023052954
2018-05-26 23:00:00,59.9077809121443,0.0,59.9077809121443
2018-05-27 00:00:00,33.59764478549271,0.0,33.59764478549271
2018-05-27 01:00:00,20.62128363988097,0.0,20.62128363988097
2018-05-27 02:00:00,17.097700420261212,0.0,17.097700420261212
2018-05-27 03:00:00,27.05511959352983,0.0,27.05511959352983
2018-05-27 04:00:00,46.86245358060671,0.0,46.86245358060671
2018-05-27 05:00:00,72.30727788452003,0.0,72.30727788452003
2018-05-27 06:00:00,111.4839679118695,0.0,111.4839679118695
2018-05-27 07:00:00,148.30388867516234,0.0,148.30388867516234
2018-05-27 08:00:00,195.00763359373383,0.0,195.00763359373383
2018-05-27 09:00:00,248.52912283230762,0.0,248.52912283230762
2018-05-27 10:00:00,288.42544949904277,0.0,288.42544949904277
2018-05-27 11:00:00,315.3820149981515,0.0,315.3820149981515
2018-05-27 12:00:00,337.83697867336787,0.0,337.83697867336787
2018-05-27 13:00:00,356.34704494175134,0.0,356.34704494175134
2018-05-27 14:00:00,352.80136072815634,0.0,352.80136072815634
2018-05-27 15:00:00,338.58128417734025,0.0,338.58128417734025
2018-05-27 16:00:00,342.8403367438368,0.0,342.8403367438368
2018-05-27 17:00:00,307.9545596277235,0.0,307.9545596277235
2018-05-27 18:00:00,261.68776744236806,179.99999932290945,441.6877667652775
2018-05-27 19:00:00,213.4045093292131,1686.1736794320636,1899.5781887612768
2018-05-27 20:00:00,175.56083597244836,960.7196462128186,1136.280482185267
2018-05-27 21:00:00,131.90261039857074,1082.1862647350304,1214.088875133601
2018-05-27 22:00:00,93.97894808516752,516.9203977619914,610.8993458471588
2018-05-27 23:00:00,60.166194908064455,0.0,60.166194908064455
2018-05-28 00:00:00,35.836582172286576,1887.999994198566,1923.8365763708525
2018-05-28 01:00:00,20.46735803110001,98.99999974736092,119.46735777846094
2018-05-28 02:00:00,17.89140898424307,489.9999986253012,507.89140760954433
2018-05-28 03:00:00,26.873265498877792,293.9999991958829,320.8732646947607
2018-05-28 04:00:00,46.47714902600882,3550.18049780585,3596.657646831859
2018-05-28 05:00:00,73.48943494194711,23532.015973649744,23605.505408591693
2018-05-28 06:00:00,114.72412498735525,14995.803416916844,15110.527541904201
2018-05-28 07:00:00,156.1085481475468,23285.088147571027,23441.196695718572
2018-05-28 08:00:00,191.98851015675496,19169.911736805745,19361.9002469625
2018-05-28 09:00:00,234.02219707461705,19361.995812101024,19596.018009175645
2018-05-28 10:00:00,266.83706633969746,24893.8144014239,25160.6514677636
2018-05-28 11:00:00,316.76559424689526,52785.91178868024,53102.67738292714
2018-05-28 12:00:00,353.68257095239926,21848.192553583496,22201.87512453589
2018-05-28 13:00:00,353.53614832408294,24086.314192064237,24439.850340388326
2018-05-28 14:00:00,348.0986230695156,61318.07380543508,61666.17242850459
2018-05-28 15:00:00,355.29936238064755,19897.64474868449,20252.94411106514
2018-05-28 16:00:00,339.23999673006415,17077.356030332838,17416.5960270629
2018-05-28 17:00:00,307.598609182014,8172.64072153109,8480.239330713104
2018-05-28 18:00:00,262.55616302133717,5091.952651017375,5354.508814038712
2018-05-28 19:00:00,220.51669557618922,529.1025719085155,749.6192674847048
2018-05-28 20:00:00,168.21313726447823,21534.999943238832,21703.213080503312
2018-05-28 21:00:00,128.4198680883815,48330.441631638365,48458.86149972675
2018-05-28 22:00:00,90.67529911265623,58449.55806747596,58540.23336658861
2018-05-28 23:00:00,60.306585010994965,3860.99998907834,3921.306574089335
2018-05-29 00:00:00,35.672068510341234,28284.999921145,28320.671989655344
2018-05-29 01:00:00,20.584713738839778,0.0,20.584713738839778
2018-05-29 02:00:00,17.31823239609403,295.9999991873414,313.3182315834354
2018-05-29 03:00:00,26.57474924396523,97.99999977715902,124.57474902112423
2018-05-29 04:00:00,45.105709776136216,1318.4980392215186,1363.6037489976547
2018-05-29 05:00:00,74.21315013476433,31818.520494101445,31892.733644236207
2018-05-29 06:00:00,113.77587524099118,30103.16576818972,30216.941643430713
2018-05-29 07:00:00,157.9468963241158,29014.369081927798,29172.315978251918
2018-05-29 08:00:00,204.57293402784177,21870.523985436746,22075.096919464588
2018-05-29 09:00:00,233.90395721392056,47324.418146160475,47558.32210337439
2018-05-29 10:00:00,281.34448383715187,20842.564861234656,21123.90934507181
2018-05-29 11:00:00,316.96344482433943,47779.027876388034,48095.99132121238
2018-05-29 12:00:00,342.7952585777617,36151.640506059994,36494.435764637754
2018-05-29 13:00:00,351.74159697124605,14152.238265369866,14503.979862341112
2018-05-29 14:00:00,351.73021828393826,21039.366269048503,21391.09648733244
2018-05-29 15:00:00,362.54593489393915,61315.89897899427,61678.44491388822
2018-05-29 16:00:00,322.9003885166003,10436.40274056738,10759.30312908398
2018-05-29 17:00:00,301.68330792764243,1591.7330766318282,1893.4163845594705
2018-05-29 18:00:00,260.0877729675025,3605.630845680832,3865.718618648335
2018-05-29 19:00:00,223.86750421407422,988.9999975817633,1212.8675017958376
2018-05-29 20:00:00,171.9411343346728,26357.99992587389,26529.94106020856
2018-05-29 21:00:00,131.361970731989,46150.124567117804,46281.48653784979
2018-05-29 22:00:00,91.53436599655518,47632.87516772962,47724.40953372616
2018-05-29 23:00:00,56.4687885388082,0.0,56.4687885388082
2018-05-30 00:00:00,35.4119930467996,27017.999925657678,27053.411918704478
2018-05-30 01:00:00,20.390511429754078,0.0,20.390511429754078
2018-05-30 02:00:00,17.533590926369016,1567.999996293014,1585.533587219383
2018-05-30 03:00:00,26.022468034373638,2723.999993054349,2750.0224610887235
2018-05-30 04:00:00,43.96317061140343,1187.999997164341,1231.9631677757448
2018-05-30 05:00:00,73.5607966695186,9414.692551251179,9488.253347920698
2018-05-30 06:00:00,110.98580427698903,33064.8510776516,33175.83688192858
2018-05-30 07:00:00,148.638481840981,47684.36815444662,47833.00663628761
2018-05-30 08:00:00,196.4037114033195,39041.762150871014,39238.165862274334
2018-05-30 09:00:00,244.3034818193166,53872.80566180515,54117.10914362446
2018-05-30 10:00:00,279.19033714163766,24761.511207860647,25040.70154500229
2018-05-30 11:00:00,320.1660748929953,25300.076706492175,25620.24278138517
2018-05-30 12:00:00,350.6084865756086,29182.882981567374,29533.491468142984
2018-05-30 13:00:00,343.8799878435084,24371.19222876369,24715.072216607194
2018-05-30 14:00:00,370.7833548362645,27145.53352696423,27516.316881800492
2018-05-30 15:00:00,336.9268484387011,20344.237242954434,20681.164091393133
2018-05-30 16:00:00,318.21678740304617,1383.0855578091366,1701.302345212183
2018-05-30 17:00:00,296.1176787135262,7127.999981097183,7424.117659810709
2018-05-30 18:00:00,259.62449591043276,3563.999990671518,3823.6244865819504
2018-05-30 19:00:00,227.8684594808472,3534.6974340277834,3762.565893508631
2018-05-30 20:00:00,175.791483077477,21405.692011651034,21581.483494728513
2018-05-30 21:00:00,133.05627399043442,59287.60144829094,59420.65772228138
2018-05-30 22:00:00,93.68419810037815,49513.00873696163,49606.69293506201
2018-05-30 23:00:00,61.27780189165062,0.0,61.27780189165062
2018-05-31 00:00:00,35.74640651759357,176.99999946955742,212.746405987151
2018-05-31 01:00:00,19.794314035821785,395.99999854623263,415.7943125820544
2018-05-31 02:00:00,18.357769097670268,1665.9999951883433,1684.3577642860137
2018-05-31 03:00:00,27.843834817264707,391.9999988187179,419.8438336359826
2018-05-31 04:00:00,45.62455136196717,989.9999975293715,1035.6245488913387
2018-05-31 05:00:00,78.07716234497624,5046.938180907682,5125.015343252658
2018-05-31 06:00:00,115.02902721434032,17061.261586035696,17176.290613250036
2018-05-31 07:00:00,153.62490521176403,15708.119544902072,15861.744450113838
2018-05-31 08:00:00,199.2870824946508,33276.75144667784,33476.03852917248
2018-05-31 09:00:00,239.27940707192698,31370.461688235726,31609.74109530765
2018-05-31 10:00:00,281.53633644444335,21756.4754562865,22038.01179273094
2018-05-31 11:00:00,330.9581483242376,38570.76845258526,38901.726600909504
2018-05-31 12:00:00,329.54367159810613,19216.34528499488,19545.888956592982
2018-05-31 13:00:00,356.2640537609514,19134.508217303734,19490.772271064685
2018-05-31 14:00:00,357.5718671224625,28935.016883698536,29292.588750820996
2018-05-31 15:00:00,331.9380349729977,40319.14961232629,40651.08764729929
2018-05-31 16:00:00,325.71777122907343,9494.202860104579,9819.920631333653
2018-05-31 17:00:00,290.6693903197391,918.9999965188822,1209.6693868386214
2018-05-31 18:00:00,273.8499770340365,2651.306280839787,2925.156257873823
2018-05-31 19:00:00,219.7308525973463,473.693709690098,693.4245622874442
2018-05-31 20:00:00,181.9702111622157,23817.1280789798,23999.09829014201
2018-05-31 21:00:00,134.33431227120172,61220.62106877523,61354.955381046435
2018-05-31 22:00:00,88.89374125368967,82613.25038171788,82702.14412297157
2018-05-31 23:00:00,58.68081515338416,0.0,58.68081515338416
2018-06-01 00:00:00,35.83981258480547,7079.999981027221,7115.839793612026
2018-06-01 01:00:00,20.654245985616654,0.0,20.654245985616654
2018-06-01 02:00:00,17.168254697039465,97.99999981669453,115.16825451373398
2018-06-01 03:00:00,25.279704412599195,2645.9999923247406,2671.27969673734
2018-06-01 04:00:00,45.32156738288042,1854.2587331001253,1899.5803004830057
2018-06-01 05:00:00,71.26047468522006,28454.878085004028,28526.13855968925
2018-06-01 06:00:00,112.60249945777969,15337.844095507946,15450.446594965728
2018-06-01 07:00:00,150.75416949236973,25685.930234961583,25836.684404453954
2018-06-01 08:00:00,205.62629071561295,15439.761109408395,15645.387400124007
2018-06-01 09:00:00,239.37829853430227,20677.619036520613,20916.99733505491
2018-06-01 10:00:00,285.7255867825044,26389.930531313224,26675.656118095725
2018-06-01 11:00:00,308.34145960851026,17241.149695548804,17549.491155157317
2018-06-01 12:00:00,332.59023995604355,22407.392030013303,22739.982269969347
2018-06-01 13:00:00,358.5576636406631,14825.48131775813,15184.038981398793
2018-06-01 14:00:00,361.3570416497778,10772.668061055498,11134.025102705275
2018-06-01 15:00:00,338.92542205902146,27375.594110029757,27714.51953208878
2018-06-01 16:00:00,329.58113922563683,5017.49230532674,5347.073444552378
2018-06-01 17:00:00,295.3445312429076,4404.266456681336,4699.610987924244
2018-06-01 18:00:00,264.1341248930913,2548.4234568821385,2812.5575817752297
2018-06-01 19:00:00,222.3138739876729,1231.310062528637,1453.62393651631
2018-06-01 20:00:00,178.55439102826023,22269.999936539385,22448.554327567643
2018-06-01 21:00:00,130.8842141105363,35885.93099798443,36016.81521209497
2018-06-01 22:00:00,88.03296446793998,27737.068828632157,27825.101793100093
2018-06-01 23:00:00,56.816393099174775,808.9174949916796,865.7338880908544
2018-06-02 00:00:00,34.46964046381665,27701.0824241135,27735.552064577314
2018-06-02 01:00:00,20.427384121985515,0.0,20.427384121985515
2018-06-02 02:00:00,17.744508660300376,0.0,17.744508660300376
2018-06-02 03:00:00,26.54009686090524,0.0,26.54009686090524
2018-06-02 04:00:00,44.49064638902425,0.0,44.49064638902425
2018-06-02 05:00:00,74.0696292016435,0.0,74.0696292016435
2018-06-02 06:00:00,115.19387122453503,1.999999991840288,117.19387121637533
2018-06-02 07:00:00,153.12885403815903,295.9999991064772,449.12885314463625
2018-06-02 08:00:00,193.791857892574,0.0,193.791857892574
2018-06-02 09:00:00,245.28948483262218,0.0,245.28948483262218
2018-06-02 10:00:00,282.5480858400216,0.0,282.5480858400216
2018-06-02 11:00:00,314.0255066470915,0.0,314.0255066470915
2018-06-02 12:00:00,323.3282724537709,0.0,323.3282724537709
2018-06-02 13:00:00,356.66792900153064,0.0,356.66792900153064
2018-06-02 14:00:00,356.3884164334317,0.0,356.3884164334317
2018-06-02 15:00:00,357.88821856034076,0.0,357.88821856034076
2018-06-02 16:00:00,331.62674074780125,0.0,331.62674074780125
2018-06-02 17:00:00,304.87895895928057,0.0,304.87895895928057
2018-06-02 18:00:00,258.01534868397397,0.0,258.01534868397397
2018-06-02 19:00:00,213.72958790558133,0.0,213.72958790558133
2018-06-02 20:00:00,173.75695748312924,0.0,173.75695748312924
2018-06-02 21:00:00,129.78075204151713,711.2352592640593,841.0160113055764
2018-06-02 22:00:00,91.35365433145734,1414.7647351788592,1506.1183895103165
2018-06-02 23:00:00,60.57799057880402,0.0,60.57799057880402
2018-06-03 00:00:00,35.46486825570983,0.0,35.46486825570983
2018-06-03 01:00:00,19.693503185382124,0.0,19.693503185382124
2018-06-03 02:00:00,16.95239867069344,0.0,16.95239867069344
2018-06-03 03:00:00,26.422273934489247,0.0,26.422273934489247
2018-06-03 04:00:00,48.50024528695849,0.0,48.50024528695849
2018-06-03 05:00:00,75.72032821878331,0.0,75.72032821878331
2018-06-03 06:00:00,108.18690019091915,0.0,108.18690019091915
2018-06-03 07:00:00,156.21362768512614,179.9999993584202,336.2136270435463
2018-06-03 08:00:00,196.95373758267002,0.0,196.95373758267002
2018-06-03 09:00:00,239.10632255687707,0.0,239.10632255687707
2018-06-03 10:00:00,282.88532769707433,0.0,282.88532769707433
2018-06-03 11:00:00,315.0979438819604,0.0,315.0979438819604
2018-06-03 12:00:00,338.0173252864821,0.0,338.0173252864821
2018-06-03 13:00:00,361.2068934960969,0.0,361.2068934960969
2018-06-03 14:00:00,343.3127026173695,0.0,343.3127026173695
2018-06-03 15:00:00,335.7426555291157,0.0,335.7426555291157
2018-06-03 16:00:00,318.63065697515447,0.0,318.63065697515447
2018-06-03 17:00:00,292.4872383968197,0.0,292.4872383968197
2018-06-03 18:00:00,270.71967179809434,455.1417571576241,725.8614289557185
2018-06-03 19:00:00,218.85255471075578,1326.8582380016132,1545.7107927123689
2018-06-03 20:00:00,170.70295229259318,0.0,170.70295229259318
2018-06-03 21:00:00,133.1058871878754,77.21951043663513,210.32539762451052
2018-06-03 22:00:00,88.84147197459447,138.78048919251256,227.62196116710703
2018-06-03 23:00:00,61.53912708496478,0.0,61.53912708496478
2018-06-04 00:00:00,33.97074249345631,0.0,33.97074249345631
2018-06-04 01:00:00,21.011983901840665,0.0,21.011983901840665
2018-06-04 02:00:00,17.221367165604015,3919.9999897076545,3937.2213568732586
2018-06-04 03:00:00,27.04418241854317,0.0,27.04418241854317
2018-06-04 04:00:00,44.57293443336971,523.2580823198202,567.8310167531899
2018-06-04 05:00:00,76.74772001280827,5113.741901524133,5190.489621536943
2018-06-04 06:00:00,110.27753903095817,23653.023618116895,23763.301157147853
2018-06-04 07:00:00,147.8765116870676,26859.35859543729,27007.235107124354
2018-06-04 08:00:00,189.70277665734255,32617.497550246648,32807.20032690399
2018-06-04 09:00:00,246.6375100552002,36433.04277339661,36679.68028345182
2018-06-04 10:00:00,278.9414781502927,21346.440308176807,21625.381786327096
2018-06-04 11:00:00,326.06254850569144,38745.27076997011,39071.33331847581
2018-06-04 12:00:00,324.04771033216105,19205.858422203157,19529.906132535318
2018-06-04 13:00:00,345.8381214100866,33533.698419424116,33879.5365408342
2018-06-04 14:00:00,368.0673574505407,29733.865753231366,30101.933110681908
2018-06-04 15:00:00,355.5604028861602,22378.939141628452,22734.499544514612
2018-06-04 16:00:00,337.99455018526714,11429.003800398177,11766.998350583443
2018-06-04 17:00:00,284.6481497738894,197.99999947529477,482.6481492491842
2018-06-04 18:00:00,255.20840288703585,100.999999908361,356.20840279539686
2018-06-04 19:00:00,226.5792086142809,3860.9999883670516,4087.5791969813326
2018-06-04 20:00:00,168.52895537430734,18431.99994992113,18600.528905295436
2018-06-04 21:00:00,135.83937024562448,40601.05362468534,40736.89299493097
2018-06-04 22:00:00,95.78839150973496,28029.946175870355,28125.734567380092
2018-06-04 23:00:00,60.901684400940624,342.64165578234923,403.54334018328984
2018-06-05 00:00:00,35.22493810108291,33671.358248002616,33706.5831861037
2018-06-05 01:00:00,20.492707000843335,0.0,20.492707000843335
2018-06-05 02:00:00,18.0622497502995,2645.999994033643,2664.0622437839424
2018-06-05 03:00:00,27.29155913188042,587.9999986868893,615.2915578187697
2018-06-05 04:00:00,45.59695531149444,1879.16216675975,1924.7591220712447
2018-06-05 05:00:00,78.68732475359782,14752.647117484532,14831.334442238129
2018-06-05 06:00:00,114.17887641787986,20385.66650916601,20499.84538558389
2018-06-05 07:00:00,156.75842708010651,30441.193411287102,30597.951838367208
2018-06-05 08:00:00,201.36476677630907,28555.123655071693,28756.488421848007
2018-06-05 09:00:00,238.59747239423746,27683.539306787916,27922.136779182154
2018-06-05 10:00:00,287.66701598072285,20764.258456042106,21051.925472022827
2018-06-05 11:00:00,324.5040357222093,65473.66154363587,65798.16557935809
2018-06-05 12:00:00,332.4295440540786,26415.08076002104,26747.510304075113
2018-06-05 13:00:00,359.0686457315054,20107.559741789093,20466.6283875206
2018-06-05 14:00:00,368.8887095027863,24867.49004405574,25236.37875355852
2018-06-05 15:00:00,359.9682200743747,30660.020062039323,31019.9882821137
2018-06-05 16:00:00,341.12461744581674,7962.596308693089,8303.720926138905
2018-06-05 17:00:00,303.1093793469437,297.99999923929886,601.1093785862425
2018-06-05 18:00:00,258.14764509285294,494.9999989684451,753.147644061298
2018-06-05 19:00:00,221.0306301237654,99.99999984294074,321.0306299667061
2018-06-05 20:00:00,174.54267283666644,39240.95383713751,39415.49650997417
2018-06-05 21:00:00,136.0636208460797,45439.10090382979,45575.16452467587
2018-06-05 22:00:00,94.3915132871935,39638.944907575846,39733.336420863045
2018-06-05 23:00:00,60.92671577566219,98.99999957109593,159.9267153467581
2018-06-06 00:00:00,34.49153133407468,28759.9999180785,28794.491449412573
2018-06-06 01:00:00,21.03024829462162,77.99999985512667,99.0302481497483
2018-06-06 02:00:00,17.888198960243436,2939.999992141447,2957.88819110169
2018-06-06 03:00:00,26.385106848638195,1250.9999961820863,1277.3851030307246
2018-06-06 04:00:00,47.33904136318941,395.9999984948771,443.3390398580665
2018-06-06 05:00:00,74.00099775139486,17150.545012946473,17224.54601069787
2018-06-06 06:00:00,115.80603703716014,49804.34259708783,49920.148634125
2018-06-06 07:00:00,156.4216690661527,45483.11637364086,45639.53804270701
2018-06-06 08:00:00,204.9293513109302,29914.19066355072,30119.120014861648
2018-06-06 09:00:00,237.8146993845951,33532.995949603515,33770.81064898812
2018-06-06 10:00:00,276.1636161149556,21458.030537080394,21734.194153195345
2018-06-06 11:00:00,306.3100102099494,28559.274568788547,28865.5845789985
2018-06-06 12:00:00,346.222071491687,22874.46449139286,23220.686562884548
2018-06-06 13:00:00,355.69680179614994,20367.547560815838,20723.244362611986
2018-06-06 14:00:00,368.4231407798701,29877.81190476395,30246.235045543817
2018-06-06 15:00:00,354.39993245861524,35413.92627384979,35768.326206308404
2018-06-06 16:00:00,332.9862857385392,6956.259922401066,7289.246208139606
2018-06-06 17:00:00,309.95253822392726,216.49319557214557,526.4457337960728
2018-06-06 18:00:00,266.45254098155476,1484.9999963436028,1751.4525373251572
2018-06-06 19:00:00,217.87055701635603,1979.999993824593,2197.870550840949
2018-06-06 20:00:00,171.04897629843458,25994.999927330067,26166.0489036285
2018-06-06 21:00:00,138.7153508456126,47749.94436927583,47888.65972012144
2018-06-06 22:00:00,92.83309705342714,47526.05536174736,47618.8884588008
2018-06-06 23:00:00,59.962748799991104,359.9999989713031,419.9627477712942
2018-06-07 00:00:00,34.542242672170346,22972.999936837547,23007.542179509717
2018-06-07 01:00:00,20.160208017096082,0.0,20.160208017096082
2018-06-07 02:00:00,17.61158728103393,1373.664435474962,1391.2760227559959
2018-06-07 03:00:00,27.699685217442298,3530.3355509426133,3558.035236160056
2018-06-07 04:00:00,46.367686668098564,692.9999973833459,739.3676840514444
2018-06-07 05:00:00,77.84378946218607,9527.999973544307,9605.843763006493
2018-06-07 06:00:00,113.57585914130769,26568.788798476166,26682.364657617472
2018-06-07 07:00:00,153.12234287451759,21940.26452095295,22093.386863827465
2018-06-07 08:00:00,191.47842432323154,38311.33986886341,38502.81829318664
2018-06-07 09:00:00,249.9068151342439,35346.03938178119,35595.946196915436
2018-06-07 10:00:00,275.5695210448339,24920.970381543957,25196.539902588793
2018-06-07 11:00:00,309.4077473284618,40847.34490934992,41156.752656678385
2018-06-07 12:00:00,333.5882156835232,27821.883689252147,28155.47190493567
2018-06-07 13:00:00,363.6699198664576,26194.518335186418,26558.18825505287
2018-06-07 14:00:00,351.8561497112347,15131.3784549988,15483.234604710035
2018-06-07 15:00:00,345.1737564432093,27814.976977581107,28160.15073402432
2018-06-07 16:00:00,337.0814081733921,9894.493854200226,10231.575262373619
2018-06-07 17:00:00,310.4094572592329,2479.9999920238256,2790.4094492830586
2018-06-07 18:00:00,272.9393383593295,3542.81496053973,3815.754298899059
2018-06-07 19:00:00,220.7185375645737,2530.949880500707,2751.6684180652805
2018-06-07 20:00:00,178.8701453538934,35970.71388843382,36149.58403378771
2018-06-07 21:00:00,131.28518668169514,54680.01320740015,54811.29839408185
2018-06-07 22:00:00,92.37721558849952,44350.5076652847,44442.88488087319
2018-06-07 23:00:00,61.98844265675361,3.999999995210474,65.98844265196408
2018-06-08 00:00:00,35.90508809915486,25116.999926886936,25152.90501498609
2018-06-08 01:00:00,20.908249205881894,0.0,20.908249205881894
2018-06-08 02:00:00,17.63405801717218,0.0,17.63405801717218
2018-06-08 03:00:00,26.523522703273173,4795.99998612029,4822.523508823562
2018-06-08 04:00:00,46.08596527003533,1922.6480132323402,1968.7339785023755
2018-06-08 05:00:00,75.11186936799034,28536.702877845884,28611.814747213873
2018-06-08 06:00:00,108.64588586119575,30900.17307097398,31008.818956835174
2018-06-08 07:00:00,159.8695553663078,23510.637622811326,23670.507178177635
2018-06-08 08:00:00,204.49291573686278,30276.010298399135,30480.503214136
2018-06-08 09:00:00,241.00969097627313,20395.55355661821,20636.563247594488
2018-06-08 10:00:00,271.3102938762319,40238.14798384931,40509.458277725535
2018-06-08 11:00:00,318.1609697838994,30617.602483495204,30935.763453279098
2018-06-08 12:00:00,335.3637620220773,25021.14084285795,25356.50460488003
2018-06-08 13:00:00,341.04556629333376,12947.019601898959,13288.065168192292
2018-06-08 14:00:00,366.5919988044968,34791.659503463496,35158.25150226799
2018-06-08 15:00:00,344.37352215320755,24598.90702484703,24943.28054700024
2018-06-08 16:00:00,321.968309291614,23406.79620699568,23728.764516287298
2018-06-08 17:00:00,307.84079632151554,195.99999937522523,503.84079569674077
2018-06-08 18:00:00,263.5188470319685,2375.9999935099727,2639.5188405419412
2018-06-08 19:00:00,210.712157817927,3068.9999926882483,3279.7121505061755
2018-06-08 20:00:00,182.89670143552613,21835.999940176916,22018.89664161244
2018-06-08 21:00:00,135.55884658115377,51429.68823602876,51565.247082609916
2018-06-08 22:00:00,91.70100578344707,55663.31145805825,55755.01246384169
2018-06-08 23:00:00,61.467135228587935,237.45087025552857,298.9180054841165
2018-06-09 00:00:00,33.6495664240321,29298.54904767512,29332.19861409915
2018-06-09 01:00:00,19.74321467253258,587.8043171310142,607.5475318035468
2018-06-09 02:00:00,17.876739883261855,996.195679513601,1014.0724193968628
2018-06-09 03:00:00,27.506867566968896,0.0,27.506867566968896
2018-06-09 04:00:00,45.68453416854156,179.99999953072938,225.68453369927096
2018-06-09 05:00:00,74.91864972379226,557.9999977555079,632.9186474793003
2018-06-09 06:00:00,117.15791541611398,203.99999955125597,321.15791496736995
2018-06-09 07:00:00,160.1269461407755,0.0,160.1269461407755
2018-06-09 08:00:00,194.41152196953655,0.0,194.41152196953655
2018-06-09 09:00:00,244.35699997265306,0.0,244.35699997265306
2018-06-09 10:00:00,280.5293740567927,0.0,280.5293740567927
2018-06-09 11:00:00,314.3283057083904,0.0,314.3283057083904
2018-06-09 12:00:00,332.84725983063834,0.0,332.84725983063834
2018-06-09 13:00:00,358.2852015253295,1085.999996728198,1444.2851982535276
2018-06-09 14:00:00,359.18026113609176,0.0,359.18026113609176
2018-06-09 15:00:00,348.3512687582854,0.0,348.3512687582854
2018-06-09 16:00:00,340.3184859146031,0.0,340.3184859146031
2018-06-09 17:00:00,296.4499318185696,0.0,296.4499318185696
2018-06-09 18:00:00,261.6166602363447,0.0,261.6166602363447
2018-06-09 19:00:00,214.14196170196186,0.0,214.14196170196186
2018-06-09 20:00:00,169.861656448848,457.9999983442587,627.8616547931067
2018-06-09 21:00:00,134.59203937872078,1569.119878504236,1703.7119178829569
2018-06-09 22:00:00,93.51579725250033,3058.880107863637,3152.395905116138
2018-06-09 23:00:00,57.49485592926102,0.0,57.49485592926102
2018-06-10 00:00:00,35.71550079743894,0.0,35.71550079743894
2018-06-10 01:00:00,20.687769991893525,0.0,20.687769991893525
2018-06-10 02:00:00,17.373872258595583,0.0,17.373872258595583
2018-06-10 03:00:00,26.492284571801452,0.0,26.492284571801452
2018-06-10 04:00:00,46.981612367225324,0.0,46.981612367225324
2018-06-10 05:00:00,76.52392682118756,0.0,76.52392682118756
2018-06-10 06:00:00,112.73062033805229,0.0,112.73062033805229
2018-06-10 07:00:00,152.4270889546636,0.0,152.4270889546636
2018-06-10 08:00:00,197.18103158925172,0.0,197.18103158925172
2018-06-10 09:00:00,243.25756340576683,2047.0603509941814,2290.317914399948
2018-06-10 10:00:00,296.5741364546094,112.939642563041,409.51377901765045
2018-06-10 11:00:00,325.73522901892125,0.0,325.73522901892125
2018-06-10 12:00:00,325.01502998253125,0.0,325.01502998253125
2018-06-10 13:00:00,361.4716750630446,0.0,361.4716750630446
2018-06-10 14:00:00,354.2155262708808,0.0,354.2155262708808
2018-06-10 15:00:00,359.83412802860903,0.0,359.83412802860903
2018-06-10 16:00:00,335.5657777550646,0.0,335.5657777550646
2018-06-10 17:00:00,292.03876909792854,0.0,292.03876909792854
2018-06-10 18:00:00,270.07367423668046,0.0,270.07367423668046
2018-06-10 19:00:00,224.84694892928948,0.0,224.84694892928948
2018-06-10 20:00:00,171.77538360188237,0.0,171.77538360188237
2018-06-10 21:00:00,131.97553404131895,138.98296563565088,270.95849967696984
2018-06-10 22:00:00,92.26244143814478,1007.0170315083528,1099.2794729464977
2018-06-10 23:00:00,60.65545074702226,0.0,60.65545074702226
2018-06-11 00:00:00,34.40481902770788,0.0,34.40481902770788
2018-06-11 01:00:00,19.84908851311453,0.0,19.84908851311453
2018-06-11 02:00:00,18.48237147359318,4899.999986050045,4918.482357523638
2018-06-11 03:00:00,25.223057340157307,4196.999988732643,4222.2230460728
2018-06-11 04:00:00,46.87245370443689,522.4198893829335,569.2923430873705
2018-06-11 05:00:00,73.7827489183086,8124.81437858087,8198.597127499177
2018-06-11 06:00:00,112.2935869269242,20367.04490683628,20479.338493763204
2018-06-11 07:00:00,149.09976540853887,21327.210310326194,21476.310075734735
2018-06-11 08:00:00,188.61575972710637,48297.610581726796,48486.226341453905
2018-06-11 09:00:00,242.48495278153644,38181.04160961602,38423.52656239755
2018-06-11 10:00:00,279.7015138136788,20673.15371242638,20952.855226240055
2018-06-11 11:00:00,323.96228738457427,39642.704062747245,39966.66635013182
2018-06-11 12:00:00,339.16722510686475,20669.723109436505,21008.890334543372
2018-06-11 13:00:00,339.682471199181,19977.988538485683,20317.671009684862
2018-06-11 14:00:00,349.80356673467975,12139.694616637704,12489.498183372383
2018-06-11 15:00:00,356.4430964761988,18409.258648319923,18765.701744796123
2018-06-11 16:00:00,335.15128785072795,1530.334884332622,1865.48617218335
2018-06-11 17:00:00,300.4412816342184,0.0,300.4412816342184
2018-06-11 18:00:00,271.40598389545465,98.99999957675408,370.40598347220873
2018-06-11 19:00:00,229.94861034698013,77.99999961828114,307.9486099652613
2018-06-11 20:00:00,178.11480477713093,18156.999951935504,18335.11475671263
2018-06-11 21:00:00,133.0424765378725,37683.19381003411,37816.23628657198
2018-06-11 22:00:00,92.41817208828664,28175.805998437867,28268.224170526155
2018-06-11 23:00:00,59.68921259151858,0.0,59.68921259151858
2018-06-12 00:00:00,34.36702060762679,24195.999935343018,24230.36695595064
2018-06-12 01:00:00,20.71167667403592,0.0,20.71167667403592
2018-06-12 02:00:00,17.390354109038512,685.999998724697,703.3903528337355
2018-06-12 03:00:00,26.33407351427786,9897.999972493557,9924.334046007836
2018-06-12 04:00:00,44.77145186018013,3498.99999019621,3543.7714420563902
2018-06-12 05:00:00,75.28702500014231,14664.999959054958,14740.2869840551
2018-06-12 06:00:00,116.62888421397142,12761.66119178494,12878.290075998913
2018-06-12 07:00:00,146.23821911617722,58402.42413230428,58548.66235142046
2018-06-12 08:00:00,197.9631358963211,36498.70482000959,36696.667955905905
2018-06-12 09:00:00,240.76691573365383,51859.82803485675,52100.5949505904
2018-06-12 10:00:00,278.0161595634718,32703.98858476558,32982.00474432905
2018-06-12 11:00:00,307.4584018339493,43978.75097557856,44286.20937741251
2018-06-12 12:00:00,340.4334007039916,35182.56258779876,35522.99598850276
2018-06-12 13:00:00,352.5292492456295,24147.98848902891,24500.51773827454
2018-06-12 14:00:00,355.8330936407152,32880.49061521332,33236.32370885403
2018-06-12 15:00:00,345.99263518767054,34761.99979936806,35107.99243455574
2018-06-12 16:00:00,318.1656779354116,4125.59973663976,4443.765414575171
2018-06-12 17:00:00,304.3844819459342,197.9999996461432,502.38448159207746
2018-06-12 18:00:00,262.3075883127895,395.99999932432513,658.3075876371146
2018-06-12 19:00:00,212.08988521858146,197.9999995321886,410.08988475077
2018-06-12 20:00:00,175.6713766768795,35724.72777861579,35900.39915529266
2018-06-12 21:00:00,132.480729258666,34958.056105663505,35090.536834922175
2018-06-12 22:00:00,89.15492519872771,35879.215817310585,35968.370742509316
2018-06-12 23:00:00,58.07676561977999,0.0,58.07676561977999
2018-06-13 00:00:00,34.88972559168557,28366.99992166116,28401.889647252843
2018-06-13 01:00:00,19.9482707816185,0.0,19.9482707816185
2018-06-13 02:00:00,17.66701270267607,0.0,17.66701270267607
2018-06-13 03:00:00,27.400694181245946,493.9999986037302,521.4006927849761
2018-06-13 04:00:00,46.590457467775,6267.999983268489,6314.590440736264
2018-06-13 05:00:00,74.66879254955455,29315.556795338824,29390.22558788838
2018-06-13 06:00:00,115.57699399443231,20989.087972731555,21104.664966725984
2018-06-13 07:00:00,153.4629624827757,29253.96588756222,29407.42885004499
2018-06-13 08:00:00,197.0130442053058,45240.62284451569,45437.63588872099
2018-06-13 09:00:00,240.05571275813986,60930.643873459776,61170.6995862179
2018-06-13 10:00:00,281.5378849763283,46208.571018050745,46490.10890302708
2018-06-13 11:00:00,304.17467653454787,27802.04250257306,28106.217179107607
2018-06-13 12:00:00,331.7028678828257,32407.3354656539,32739.03833353673
2018-06-13 13:00:00,354.39909327232283,33942.206988477104,34296.60608174943
2018-06-13 14:00:00,357.3445968646838,28887.676971732333,29245.021568597018
2018-06-13 15:00:00,352.0687961869569,25366.288615020327,25718.357411207282
2018-06-13 16:00:00,329.3425547277352,6948.9999831035,7278.342537831235
2018-06-13 17:00:00,314.05573487161473,498.99999900951366,813.0557338811285
2018-06-13 18:00:00,271.57710877438296,395.99999935749304,667.577108131876
2018-06-13 19:00:00,221.29105830376398,692.999998661635,914.291056965399
2018-06-13 20:00:00,175.84464656104961,23426.300840024454,23602.14548658551
2018-06-13 21:00:00,135.07789151642302,29262.67073928065,29397.748630797076
2018-06-13 22:00:00,96.80353748777507,33926.02817300471,34022.831710492486
2018-06-13 23:00:00,59.48406846292927,0.0,59.48406846292927
2018-06-14 00:00:00,34.27105695931385,25583.999932207866,25618.270989167173
2018-06-14 01:00:00,20.999998949217556,0.0,20.999998949217556
2018-06-14 02:00:00,18.012864640603645,2095.9999945314294,2114.012859172033
2018-06-14 03:00:00,25.387459202254803,6131.999982877513,6157.387442079767
2018-06-14 04:00:00,44.89094262540678,11591.379475679574,11636.270418304983
2018-06-14 05:00:00,73.55558206630182,22971.888005294208,23045.443587360507
2018-06-14 06:00:00,112.33584510252294,23435.373019562103,23547.70886466463
2018-06-14 07:00:00,153.51157197088273,37066.54051405057,37220.05208602146
2018-06-14 08:00:00,200.01415434610777,47567.473666189006,47767.487820535105
2018-06-14 09:00:00,231.6947065685122,27893.383062968634,28125.07776953715
2018-06-14 10:00:00,277.57846065676404,28767.433471784287,29045.011932441044
2018-06-14 11:00:00,312.96909939106706,23731.16477247625,24044.133871867318
2018-06-14 12:00:00,330.28837974496014,28102.965337028138,28433.2537167731
2018-06-14 13:00:00,338.7861187913649,26832.913327725408,27171.699446516774
2018-06-14 14:00:00,337.8176061982872,30193.076423430146,30530.894029628435
2018-06-14 15:00:00,339.5602991105766,26639.67631828226,26979.23661739284
2018-06-14 16:00:00,314.713475352439,2915.3501265591576,3230.063601911597
2018-06-14 17:00:00,307.4625545655343,3432.381525253413,3739.8440798189476
2018-06-14 18:00:00,256.97036734701896,197.99999942375214,454.9703667707711
2018-06-14 19:00:00,222.00975220825643,108.99999960629722,331.0097518145536
2018-06-14 20:00:00,185.8573324775724,32130.331057733005,32316.188390210576
2018-06-14 21:00:00,135.93218134330542,46825.42432431905,46961.35650566235
2018-06-14 22:00:00,93.45007844830062,37046.24429722157,37139.694375669875
2018-06-14 23:00:00,60.39387928090301,0.0,60.39387928090301
2018-06-15 00:00:00,35.11012502246262,26765.999929441838,26801.110054464294
2018-06-15 01:00:00,20.125704516757885,0.0,20.125704516757885
2018-06-15 02:00:00,18.204490184926172,5389.9999845592,5408.204474744127
2018-06-15 03:00:00,27.72988976861359,326.89470853423006,354.62459830284365
2018-06-15 04:00:00,46.5757935615172,3449.597619374837,3496.173412936354
2018-06-15 05:00:00,76.53202654517634,29797.144741135162,29873.676767680336
2018-06-15 06:00:00,111.86228417824668,26626.890313900996,26738.75259807924
2018-06-15 07:00:00,154.75203810835922,21058.87656184777,21213.62859995613
2018-06-15 08:00:00,198.30009348729416,51744.55343061236,51942.85352409965
2018-06-15 09:00:00,233.59899342745712,31570.631299038185,31804.23029246564
2018-06-15 10:00:00,270.09836767303653,22351.057802542447,22621.156170215487
2018-06-15 11:00:00,311.11183776317813,40756.991815779176,41068.10365354235
2018-06-15 12:00:00,338.8913082381266,15282.450083520082,15621.34139175821
2018-06-15 13:00:00,347.3498471282551,16059.675228373091,16407.025075501348
2018-06-15 14:00:00,359.40110401126344,15953.138308008913,16312.539412020174
2018-06-15 15:00:00,351.2084696326667,22690.097252428004,23041.30572206067
2018-06-15 16:00:00,321.48321560174566,2784.8344661261676,3106.3176817279136
2018-06-15 17:00:00,301.6173242783867,3399.1655173174086,3700.782841595795
2018-06-15 18:00:00,264.7230348394161,494.99999834914485,759.723033188561
2018-06-15 19:00:00,216.45985280477612,0.0,216.45985280477612
2018-06-15 20:00:00,175.11203129663363,24798.99993243769,24974.11196373433
2018-06-15 21:00:00,134.71060287149777,49005.01931435274,49139.729917224235
2018-06-15 22:00:00,93.39264664861474,46967.98042385408,47061.3730705027
2018-06-15 23:00:00,58.118573098950236,98.99999996678078,157.118573065731
2018-06-16 00:00:00,34.74769565389605,24889.99992962171,24924.747625275606
2018-06-16 01:00:00,20.87115552702268,0.0,20.87115552702268
2018-06-16 02:00:00,17.840133666853866,0.0,17.840133666853866
2018-06-16 03:00:00,26.27591858146983,0.0,26.27591858146983
2018-06-16 04:00:00,46.75091812563694,0.0,46.75091812563694
2018-06-16 05:00:00,72.70544788454069,0.0,72.70544788454069
2018-06-16 06:00:00,108.71649437463833,275.1791994654237,383.89569384006205
2018-06-16 07:00:00,153.13423613423504,75.82079998178581,228.95503611602084
2018-06-16 08:00:00,194.7741286542119,0.0,194.7741286542119
2018-06-16 09:00:00,242.56982371497116,0.0,242.56982371497116
2018-06-16 10:00:00,275.2474463729641,197.99999925371088,473.247445626675
2018-06-16 11:00:00,322.0240732553983,0.0,322.0240732553983
2018-06-16 12:00:00,340.38254646824754,0.0,340.38254646824754
2018-06-16 13:00:00,349.99389305883346,0.0,349.99389305883346
2018-06-16 14:00:00,357.37050061261357,0.0,357.37050061261357
2018-06-16 15:00:00,357.08659189556363,0.0,357.08659189556363
2018-06-16 16:00:00,316.9095374756524,0.0,316.9095374756524
2018-06-16 17:00:00,296.73737579171444,0.0,296.73737579171444
2018-06-16 18:00:00,251.4654320314748,0.0,251.4654320314748
2018-06-16 19:00:00,218.59526030768637,0.0,218.59526030768637
2018-06-16 20:00:00,179.5874927414555,277.9999989677649,457.58749170922044
2018-06-16 21:00:00,129.2763055120887,446.9962329197636,576.2725384318524
2018-06-16 22:00:00,92.70897759387123,936.0037637850348,1028.7127413789058
2018-06-16 23:00:00,58.54230805972717,0.0,58.54230805972717
2018-06-17 00:00:00,35.153607887803815,0.0,35.153607887803815
2018-06-17 01:00:00,20.544243256949628,0.0,20.544243256949628
2018-06-17 02:00:00,17.830390524843764,0.0,17.830390524843764
2018-06-17 03:00:00,26.667636812646794,0.0,26.667636812646794
2018-06-17 04:00:00,46.682725777374486,0.0,46.682725777374486
2018-06-17 05:00:00,75.39329010375127,0.0,75.39329010375127
2018-06-17 06:00:00,113.27197197107799,0.0,113.27197197107799
2018-06-17 07:00:00,149.67577411361742,0.0,149.67577411361742
2018-06-17 08:00:00,198.83349073494895,0.0,198.83349073494895
2018-06-17 09:00:00,236.59525152737285,0.0,236.59525152737285
2018-06-17 10:00:00,291.3451993845179,0.0,291.3451993845179
2018-06-17 11:00:00,309.5471854643399,0.0,309.5471854643399
2018-06-17 12:00:00,354.0649817737793,0.0,354.0649817737793
2018-06-17 13:00:00,349.4438413678788,0.0,349.4438413678788
2018-06-17 14:00:00,365.756937388541,0.0,365.756937388541
2018-06-17 15:00:00,349.5099713357847,1151.5456665835145,1501.0556379192992
2018-06-17 16:00:00,335.1854553622294,828.4543279833929,1163.6397833456222
2018-06-17 17:00:00,303.2596348949246,0.0,303.2596348949246
2018-06-17 18:00:00,266.1465922020738,8.999999984950959,275.1465921870248
2018-06-17 19:00:00,222.61700038606705,0.0,222.61700038606705
2018-06-17 20:00:00,180.7681541631739,0.0,180.7681541631739
2018-06-17 21:00:00,137.88257819102708,70.34356037460307,208.22613856563015
2018-06-17 22:00:00,95.55537942134373,342.6564383953695,438.21181781671316
2018-06-17 23:00:00,58.48079624059622,1.9999999908734407,60.480796231469654
2018-06-18 00:00:00,34.710982596485835,0.0,34.710982596485835
2018-06-18 01:00:00,20.003482602522297,0.0,20.003482602522297
2018-06-18 02:00:00,16.94930784532628,0.0,16.94930784532628
2018-06-18 03:00:00,25.264518331045004,1163.9999972822955,1189.2645156133403
2018-06-18 04:00:00,47.53644212588606,5370.805146882254,5418.34158900814
2018-06-18 05:00:00,76.7410017914192,13698.335651609377,13775.076653400798
2018-06-18 06:00:00,112.58785876887511,35895.43831017314,36008.02616894202
2018-06-18 07:00:00,153.56238507493896,38761.907389337226,38915.46977441216
2018-06-18 08:00:00,194.80109332584613,40027.52029092456,40222.32138425041
2018-06-18 09:00:00,237.21899705177174,47331.14605274389,47568.36504979566
2018-06-18 10:00:00,282.6298918800339,43032.131739141936,43314.761631021975
2018-06-18 11:00:00,316.3772204420828,38187.849959098516,38504.2271795406
2018-06-18 12:00:00,333.42027358239204,19472.955614624487,19806.37588820688
2018-06-18 13:00:00,356.79268365638893,17030.56607810015,17387.358761756543
2018-06-18 14:00:00,351.2130569468013,21786.61324819522,22137.82630514202
2018-06-18 15:00:00,349.1752474310922,22099.58440777767,22448.759655208763
2018-06-18 16:00:00,321.3138667647668,13951.14509424016,14272.458961004926
2018-06-18 17:00:00,302.1127291634209,1875.0866462897334,2177.199375453154
2018-06-18 18:00:00,252.85635512365639,2351.913341755613,2604.7696968792693
2018-06-18 19:00:00,215.66755285936455,197.99999936649056,413.66755222585516
2018-06-18 20:00:00,177.00164166592958,22107.9999380892,22285.001579755135
2018-06-18 21:00:00,132.68499225328893,42739.88055489012,42872.565547143415
2018-06-18 22:00:00,93.05067832309504,42282.11921060192,42375.16988892502
2018-06-18 23:00:00,58.420758514631785,0.0,58.420758514631785
2018-06-19 00:00:00,34.730483522085315,28465.99991761423,28500.730401136316
2018-06-19 01:00:00,20.77282151795861,899.9999980287879,920.7728195467464
2018-06-19 02:00:00,17.819336957895516,1273.999996292615,1291.8193332505102
2018-06-19 03:00:00,27.460480181830945,4666.999986998178,4694.460467180009
2018-06-19 04:00:00,46.98298528215439,684.2355105946529,731.2184958768072
2018-06-19 05:00:00,76.35060164262944,35769.71816719508,35846.068768837715
2018-06-19 06:00:00,110.64025986507474,15011.949699326498,15122.589959191573
2018-06-19 07:00:00,150.20539215815353,40190.6607118606,40340.86610401875
2018-06-19 08:00:00,200.2541615803795,40315.83633239746,40516.09049397784
2018-06-19 09:00:00,245.42707550108773,30483.026917385392,30728.45399288648
2018-06-19 10:00:00,278.71558398416266,27190.60566139863,27469.32124538279
2018-06-19 11:00:00,324.02853521304974,15409.961209574714,15733.989744787765
2018-06-19 12:00:00,325.8031874780917,25064.089509890022,25389.892697368112
2018-06-19 13:00:00,354.42968432569614,28310.468314285274,28664.897998610966
2018-06-19 14:00:00,358.3921019939297,28563.177104028626,28921.569206022556
2018-06-19 15:00:00,347.4982732561194,43301.8905883298,43649.388861585925
2018-06-19 16:00:00,326.20840666642096,3382.3793429275156,3708.5877495939367
2018-06-19 17:00:00,310.2992297261886,395.99999910247436,706.299228828663
2018-06-19 18:00:00,256.7232854699443,1583.9999958122296,1840.7232812821737
2018-06-19 19:00:00,225.134043945757,1894.9999959488264,2120.134039894583
2018-06-19 20:00:00,184.92098179256288,28584.999918164907,28769.920899957466
2018-06-19 21:00:00,134.0319213758659,42377.92841951394,42511.96034088981
2018-06-19 22:00:00,90.8522184612925,39872.07134772926,39962.923566190555
2018-06-19 23:00:00,60.53094823018718,0.0,60.53094823018718
2018-06-20 00:00:00,35.233335267013715,25374.999931288698,25410.233266555708
2018-06-20 01:00:00,20.57738559158533,0.0,20.57738559158533
2018-06-20 02:00:00,18.29823987168426,0.0,18.29823987168426
2018-06-20 03:00:00,25.83037104752843,922.2974598413454,948.1278308888739
2018-06-20 04:00:00,46.613239949030316,639.7025363748146,686.315776323845
2018-06-20 05:00:00,73.68782086651086,17750.971873755516,17824.659694622023
2018-06-20 06:00:00,113.21596928821516,13446.91851089833,13560.134480186545
2018-06-20 07:00:00,154.29941363554423,27248.686544581455,27402.985958217003
2018-06-20 08:00:00,201.51291079497167,25190.83056875674,25392.34347955171
2018-06-20 09:00:00,238.40868470974988,34870.770800420716,35109.179485130466
2018-06-20 10:00:00,285.8481947675755,30396.384330286674,30682.232525054245
2018-06-20 11:00:00,326.28266614789925,19952.220101183084,20278.502767330985
2018-06-20 12:00:00,338.2997468818405,19589.45840007426,19927.7581469561
2018-06-20 13:00:00,360.7253102610408,32251.673868920792,32612.399179181837
2018-06-20 14:00:00,341.3145100894255,21725.152941334774,22066.4674514242
2018-06-20 15:00:00,334.93105871381624,24334.472546553046,24669.403605266863
2018-06-20 16:00:00,315.4290959908588,6287.458745990655,6602.887841981514
2018-06-20 17:00:00,294.9783899768132,1016.9999974375544,1311.9783874143675
2018-06-20 18:00:00,261.24578147644087,593.999998795222,855.245780271663
2018-06-20 19:00:00,218.71069697099915,97.9999996944145,316.71069666541365
2018-06-20 20:00:00,179.70340279964773,46129.99987357294,46309.70327637259
2018-06-20 21:00:00,129.58408334818608,49914.195407631996,50043.77949098019
2018-06-20 22:00:00,89.15740611012343,49616.80430913992,49705.96171525004
2018-06-20 23:00:00,60.1270109174382,98.9999998002766,159.12701071771482
2018-06-21 00:00:00,34.66232925452697,32451.99991013162,32486.66223938615
2018-06-21 01:00:00,20.10294087204612,197.9999995779084,218.1029404499545
2018-06-21 02:00:00,17.908779269424304,4783.999986102093,4801.908765371518
2018-06-21 03:00:00,26.682020196033896,2248.9999935320216,2275.6820137280556
2018-06-21 04:00:00,46.275395877801515,5547.831344155706,5594.106740033507
2018-06-21 05:00:00,73.37758039039576,10983.653430595694,11057.031010986091
2018-06-21 06:00:00,108.04475324966813,19715.160846302486,19823.20559955215
2018-06-21 07:00:00,156.28228004868075,24645.509227398958,24801.79150744764
2018-06-21 08:00:00,198.4307836291706,41153.9954466942,41352.42623032337
2018-06-21 09:00:00,235.95265428756272,34841.01158957751,35076.96424386508
2018-06-21 10:00:00,277.18393054519606,38215.30916861055,38492.49309915574
2018-06-21 11:00:00,310.9356851750604,22273.384872297072,22584.32055747213
2018-06-21 12:00:00,335.5611934770661,22534.417141917802,22869.978335394866
2018-06-21 13:00:00,351.24117943318015,31319.36835438743,31670.609533820607
2018-06-21 14:00:00,350.50088801910533,18535.47829238703,18885.979180406135
2018-06-21 15:00:00,353.2194607831676,10975.743485417417,11328.962946200583
2018-06-21 16:00:00,315.3203486872372,21274.13595892986,21589.45630761709
2018-06-21 17:00:00,291.8648191531669,1748.9999943815726,2040.8648135347394
2018-06-21 18:00:00,272.26722446787494,197.9999992017801,470.267223669655
2018-06-21 19:00:00,220.89931040696712,96.3740415644195,317.2733519713866
2018-06-21 20:00:00,175.22833560355258,23889.62589317843,24064.85422878198
2018-06-21 21:00:00,133.8790363498724,43006.74926560669,43140.628301956574
2018-06-21 22:00:00,97.06099657142164,39639.25050920904,39736.31150578047
2018-06-21 23:00:00,56.43004815798364,0.0,56.43004815798364
2018-06-22 00:00:00,35.106467176966646,25584.99993060038,25620.10639777735
2018-06-22 01:00:00,19.746448869612852,0.0,19.746448869612852
2018-06-22 02:00:00,18.118205123197896,7937.999978192509,7956.118183315708
2018-06-22 03:00:00,26.341015275883684,0.0,26.341015275883684
2018-06-22 04:00:00,46.840428798565284,2418.5026529366796,2465.343081735245
2018-06-22 05:00:00,74.24711360725644,27217.497262129556,27291.744375736816
2018-06-22 06:00:00,111.81945980586707,24187.442722188374,24299.26218199424
2018-06-22 07:00:00,153.16380841832654,18013.761327083004,18166.92513550133
2018-06-22 08:00:00,201.33233547653617,25092.893818868877,25294.226154345415
2018-06-22 09:00:00,243.35718863342163,42062.3838034956,42305.74099212901
2018-06-22 10:00:00,292.56503560621945,18348.293404617532,18640.85844022375
2018-06-22 11:00:00,309.508698626002,20144.494032171977,20454.00273079798
2018-06-22 12:00:00,349.47959161765584,33770.49778602144,34119.977377639094
2018-06-22 13:00:00,371.0411622210975,17513.009612239817,17884.050774460913
2018-06-22 14:00:00,367.5016349743306,14311.014056371374,14678.515691345703
2018-06-22 15:00:00,349.43630849398494,27651.62904642952,28001.065354923507
2018-06-22 16:00:00,330.900562367639,1439.5797123104353,1770.4802746780742
2018-06-22 17:00:00,294.6861165087746,791.9999979219649,1086.6861144307395
2018-06-22 18:00:00,268.03790340776004,593.9999977063387,862.0379011140988
2018-06-22 19:00:00,216.27836306197537,0.0,216.27836306197537
2018-06-22 20:00:00,176.95553318116788,21192.49704969082,21369.45258287199
2018-06-22 21:00:00,139.68845852931673,46927.03070832661,47066.719166855924
2018-06-22 22:00:00,88.7007443140144,46229.47192333513,46318.172667649145
2018-06-22 23:00:00,57.949637320367515,0.0,57.949637320367515
2018-06-23 00:00:00,33.04869302191673,26234.99992360636,26268.048616628275
2018-06-23 01:00:00,20.67257769567802,98.99999956012566,119.67257725580369
2018-06-23 02:00:00,17.974133688967434,494.99999858343193,512.9741322723994
2018-06-23 03:00:00,26.789346893707204,1491.7549525142429,1518.5442994079501
2018-06-23 04:00:00,47.83201611701867,3996.2290973991358,4044.061113516154
2018-06-23 05:00:00,71.14631166772176,6673.1981422421395,6744.344453909862
2018-06-23 06:00:00,106.34167223884103,8637.42866959931,8743.770341838153
2018-06-23 07:00:00,154.59953367799477,4017.389072774617,4171.988606452611
2018-06-23 08:00:00,190.9480658479744,7768.999980840897,7959.948046688872
2018-06-23 09:00:00,245.59518552066925,3685.999989756142,3931.5951752768115
2018-06-23 10:00:00,284.72534566586944,4278.999989414127,4563.7253350799965
2018-06-23 11:00:00,315.43881654443805,13407.066765124977,13722.505581669411
2018-06-23 12:00:00,356.59086799497777,11090.238133820647,11446.829001815626
2018-06-23 13:00:00,340.3851106614958,2001.6950285155867,2342.080139177083
2018-06-23 14:00:00,359.7854816819853,0.0,359.7854816819853
2018-06-23 15:00:00,344.3498060837738,0.0,344.3498060837738
2018-06-23 16:00:00,326.52062004392235,0.0,326.52062004392235
2018-06-23 17:00:00,303.21711625604576,0.0,303.21711625604576
2018-06-23 18:00:00,257.6931787813359,0.0,257.6931787813359
2018-06-23 19:00:00,221.0718523491458,0.0,221.0718523491458
2018-06-23 20:00:00,176.4265933921037,0.0,176.4265933921037
2018-06-23 21:00:00,127.40833982714483,1234.129841852244,1361.5381816793886
2018-06-23 22:00:00,92.92390405490586,2369.8701472685166,2462.7940513234225
2018-06-23 23:00:00,58.983876855280144,0.0,58.983876855280144
2018-06-24 00:00:00,35.661346504019136,0.0,35.661346504019136
2018-06-24 01:00:00,20.679241468906106,0.0,20.679241468906106
2018-06-24 02:00:00,17.590082693209233,0.0,17.590082693209233
2018-06-24 03:00:00,26.535688562894798,0.0,26.535688562894798
2018-06-24 04:00:00,46.41775350039876,0.0,46.41775350039876
2018-06-24 05:00:00,76.26567253808916,0.0,76.26567253808916
2018-06-24 06:00:00,110.77367430725258,0.0,110.77367430725258
2018-06-24 07:00:00,152.4981415261813,0.0,152.4981415261813
2018-06-24 08:00:00,196.09288405981425,0.0,196.09288405981425
2018-06-24 09:00:00,235.81838045855318,0.0,235.81838045855318
2018-06-24 10:00:00,272.90071124735255,1273.9999959163115,1546.9007071636643
2018-06-24 11:00:00,304.5100390585268,0.0,304.5100390585268
2018-06-24 12:00:00,334.0762227681888,0.0,334.0762227681888
2018-06-24 13:00:00,342.6300788333343,0.0,342.6300788333343
2018-06-24 14:00:00,358.5259378193326,97.99999950887516,456.52593732820776
2018-06-24 15:00:00,347.0026847452499,0.0,347.0026847452499
2018-06-24 16:00:00,316.1883075370555,0.0,316.1883075370555
2018-06-24 17:00:00,286.3943400511826,0.0,286.3943400511826
2018-06-24 18:00:00,271.7520195063279,659.8865458752821,931.63856538161
2018-06-24 19:00:00,217.57681615465248,2868.1134446148203,3085.690260769473
2018-06-24 20:00:00,178.31953156617806,1861.9999952241133,2040.3195267902913
2018-06-24 21:00:00,135.91560500632937,137.20032048954485,273.1159254958742
2018-06-24 22:00:00,90.6692246139616,337.7996783677144,428.468902981676
2018-06-24 23:00:00,59.64282714133681,359.99999883763564,419.6428259789725
2018-06-25 00:00:00,36.031019805719666,3126.9999898722995,3163.031009678019
2018-06-25 01:00:00,19.97509336961631,0.0,19.97509336961631
2018-06-25 02:00:00,17.620501322245367,3821.999988744925,3839.620490067171
2018-06-25 03:00:00,25.883204609019955,679.9999982822161,705.883202891236
2018-06-25 04:00:00,45.496586130252474,2393.021164941389,2438.517751071641
2018-06-25 05:00:00,77.1198196147763,16279.085486251863,16356.20530586664
2018-06-25 06:00:00,113.32622786767263,31638.070948633736,31751.39717650141
2018-06-25 07:00:00,157.36600220733186,44693.19048207941,44850.55648428674
2018-06-25 08:00:00,195.02067922613415,26018.79501191342,26213.815691139556
2018-06-25 09:00:00,241.14898039871696,28824.096359383144,29065.24533978186
2018-06-25 10:00:00,274.2239105609142,34828.38062524255,35102.60453580346
2018-06-25 11:00:00,316.0621990776587,31005.896870822602,31321.959069900266
2018-06-25 12:00:00,337.9775201406942,29623.348312124595,29961.32583226529
2018-06-25 13:00:00,349.6637585234224,27869.583750520385,28219.24750904381
2018-06-25 14:00:00,371.19458393266956,21669.209936628307,22040.404520560976
2018-06-25 15:00:00,360.3464310580274,47004.32009175857,47364.66652281661
2018-06-25 16:00:00,327.49950436557697,2550.9999927385193,2878.499497104096
2018-06-25 17:00:00,296.1339632452053,4808.999985542421,5105.133948787627
2018-06-25 18:00:00,254.6615264675705,198.9999996938288,453.66152616139937
2018-06-25 19:00:00,222.37837495685847,0.0,222.37837495685847
2018-06-25 20:00:00,170.2467868607276,32652.95298225464,32823.19976911537
2018-06-25 21:00:00,131.12349838474165,46132.34781116253,46263.47130954727
2018-06-25 22:00:00,95.8796723781191,37368.69888812477,37464.57856050289
2018-06-25 23:00:00,61.369470567321216,0.0,61.369470567321216
2018-06-26 00:00:00,34.627032050456634,28859.999920125578,28894.626952176033
2018-06-26 01:00:00,20.168013483613162,0.0,20.168013483613162
2018-06-26 02:00:00,17.409435639754193,4137.9999890361805,4155.409424675935
2018-06-26 03:00:00,26.739841699556557,3151.014246584846,3177.7540882844023
2018-06-26 04:00:00,46.352070620947515,3211.9857329505576,3258.337803571505
2018-06-26 05:00:00,72.54705111295837,21291.56459218538,21364.111643298336
2018-06-26 06:00:00,113.07021366031162,25733.21973120794,25846.28994486825
2018-06-26 07:00:00,160.40883327750785,15473.03227174781,15633.441105025318
2018-06-26 08:00:00,199.58844292994803,44480.96852819805,44680.556971128004
2018-06-26 09:00:00,249.4415425962183,37229.372814057635,37478.81435665386
2018-06-26 10:00:00,274.36919582181997,25825.916904872694,26100.286100694513
2018-06-26 11:00:00,326.5452860291327,31021.046347577398,31347.591633606527
2018-06-26 12:00:00,332.541389110611,19578.26938855039,19910.810777661
2018-06-26 13:00:00,342.0016918347676,21040.608751146658,21382.610442981422
2018-06-26 14:00:00,366.97372783006085,17455.881820657,17822.85554848706
2018-06-26 15:00:00,353.094975695314,30023.842557941636,30376.93753363695
2018-06-26 16:00:00,328.68874662290824,3748.9332162863057,4077.6219629092143
2018-06-26 17:00:00,287.41997650286373,396.3422588816272,683.7622353844909
2018-06-26 18:00:00,254.25918863833198,1209.62698543056,1463.886174068892
2018-06-26 19:00:00,219.16353855218284,3326.3730026846665,3545.536541236849
2018-06-26 20:00:00,174.18530902346595,25409.7804159132,25583.965724936665
2018-06-26 21:00:00,127.49743345804183,50986.34088894957,51113.83832240762
2018-06-26 22:00:00,93.93060243415802,42978.55038315762,43072.480985591785
2018-06-26 23:00:00,60.48149497683404,3261.327972493146,3321.80946746998
2018-06-27 00:00:00,34.08902639149985,23792.99993391189,23827.088960303394
2018-06-27 01:00:00,20.72685238467438,0.0,20.72685238467438
2018-06-27 02:00:00,17.013585157250347,881.9999977724927,899.013582929743
2018-06-27 03:00:00,26.11256173958451,1170.9999969260475,1197.112558665632
2018-06-27 04:00:00,45.09944539739169,5315.923240452861,5361.022685850252
2018-06-27 05:00:00,78.53614727055066,18689.162078821,18767.698226091547
2018-06-27 06:00:00,115.18806672854686,11791.629875957493,11906.81794268604
2018-06-27 07:00:00,156.00733911212436,22052.38463444291,22208.391973555037
2018-06-27 08:00:00,192.72024238326887,37589.06855634496,37781.78879872823
2018-06-27 09:00:00,249.33154975736076,33323.47492361947,33572.806473376826
2018-06-27 10:00:00,281.43157762219624,16974.47338932487,17255.904966947062
2018-06-27 11:00:00,318.8027880431513,22979.96699714093,23298.76978518408
2018-06-27 12:00:00,342.0458346572583,32237.271208551174,32579.31704320843
2018-06-27 13:00:00,354.4820887561116,30574.40094926049,30928.883038016596
2018-06-27 14:00:00,367.49747101585183,20564.05551256975,20931.552983585607
2018-06-27 15:00:00,345.46271578881476,19957.18788293036,20302.650598719178
2018-06-27 16:00:00,326.1590500748433,8804.841057757505,9131.000107832348
2018-06-27 17:00:00,312.7592325362283,4831.1589042941,5143.918136830329
2018-06-27 18:00:00,261.3940366305451,197.99999920969225,459.39403584023734
2018-06-27 19:00:00,219.80111853160136,4582.999985536941,4802.8011040685415
2018-06-27 20:00:00,171.52529046967385,33409.99990483283,33581.52519530251
2018-06-27 21:00:00,130.70695049195973,46281.39814206649,46412.10509255845
2018-06-27 22:00:00,90.65890467463286,41939.60160856063,42030.26051323526
2018-06-27 23:00:00,60.43578331797691,0.0,60.43578331797691
2018-06-28 00:00:00,33.53541681037014,24121.99993361501,24155.53535042538
2018-06-28 01:00:00,20.336366964104172,0.0,20.336366964104172
2018-06-28 02:00:00,17.399253976515304,17835.999953966984,17853.399207943497
2018-06-28 03:00:00,26.212455657068208,387.99999888721686,414.21245454428504
2018-06-28 04:00:00,47.47156239077628,296.9999987881094,344.47156117888574
2018-06-28 05:00:00,76.46860789315929,8130.999976536066,8207.468584429225
2018-06-28 06:00:00,108.45732643431955,19917.98808581275,20026.44541224707
2018-06-28 07:00:00,148.02177423600304,28003.782283769233,28151.804058005233
2018-06-28 08:00:00,195.70851959621154,41207.28154758015,41402.99006717636
2018-06-28 09:00:00,231.40037918674562,46053.517208150704,46284.91758733745
2018-06-28 10:00:00,287.9086761467299,69537.20038653404,69825.10906268076
2018-06-28 11:00:00,299.9347401078187,37249.29431790042,37549.22905800824
2018-06-28 12:00:00,331.85539829203225,28667.130699322657,28998.98609761469
2018-06-28 13:00:00,343.83631633413046,20469.54949434434,20813.38581067847
2018-06-28 14:00:00,355.72213704272684,21946.945873420962,22302.66801046369
2018-06-28 15:00:00,337.29707761220664,32194.830148274348,32532.127225886554
2018-06-28 16:00:00,310.73663764587775,2237.478968976969,2548.2156066228467
2018-06-28 17:00:00,300.4933578368722,1078.8478855292888,1379.341243366161
2018-06-28 18:00:00,271.6548823705886,838.1521106002177,1109.8069929708063
2018-06-28 19:00:00,216.15786205341476,3479.2996803986384,3695.4575424520526
2018-06-28 20:00:00,169.44391152292232,24653.339724552352,24822.783636075274
2018-06-28 21:00:00,137.37446161677295,51731.70916068286,51869.08362229963
2018-06-28 22:00:00,97.41851697841466,36648.65111287629,36746.06962985471
2018-06-28 23:00:00,60.600400634763524,101.24765222019045,161.84805285495395
2018-06-29 00:00:00,35.67442928500309,23016.7522816138,23052.426710898806
2018-06-29 01:00:00,20.797016172668208,0.0,20.797016172668208
2018-06-29 02:00:00,17.072536065384956,5977.999982152971,5995.072518218356
2018-06-29 03:00:00,26.574796378076833,195.99999967265708,222.57479605073388
2018-06-29 04:00:00,46.66467996772452,3389.3182698095807,3435.9829497773053
2018-06-29 05:00:00,77.19383613857349,10709.730109877291,10786.923946015864
2018-06-29 06:00:00,107.79596993203774,35075.497345178934,35183.293315110976
2018-06-29 07:00:00,158.40448219491975,30197.76990862807,30356.17439082299
2018-06-29 08:00:00,202.96162938555761,24959.428661361897,25162.39029074745
2018-06-29 09:00:00,239.71314581113955,37310.61391759543,37550.32706340657
2018-06-29 10:00:00,285.01818899988257,61393.51539883473,61678.53358783461
2018-06-29 11:00:00,324.5560295404643,18386.450435400337,18711.0064649408
2018-06-29 12:00:00,347.44384753784374,29776.728580964053,30124.1724285019
2018-06-29 13:00:00,346.6821415414075,12128.735958761961,12475.418100303368
2018-06-29 14:00:00,367.4410672434788,8592.512205510004,8959.953272753482
2018-06-29 15:00:00,347.7636967917776,27948.538723571015,28296.302420362794
2018-06-29 16:00:00,316.94242647239804,6752.285576514141,7069.22800298654
2018-06-29 17:00:00,306.34213723509686,4119.769538797759,4426.111676032856
2018-06-29 18:00:00,255.98047077911832,1609.1045015008908,1865.084972280009
2018-06-29 19:00:00,224.28226875464412,98.99999946768254,323.2822682223267
2018-06-29 20:00:00,174.84584652468658,24882.99993005658,25057.845776581267
2018-06-29 21:00:00,133.81933635197043,65927.97175881424,66061.7910951662
2018-06-29 22:00:00,91.37833594189073,74478.27881000517,74569.65714594706
2018-06-29 23:00:00,58.68118922101108,3732.749026558452,3791.4302157794627
2018-06-30 00:00:00,34.76215027600852,5988.327738863193,6023.089889139202
2018-06-30 01:00:00,19.948796823319626,69.67224488470018,89.6210417080198
2018-06-30 02:00:00,18.54983760562107,96.99999957152058,115.54983717714164
2018-06-30 03:00:00,25.344536964534527,0.0,25.344536964534527
2018-06-30 04:00:00,44.09775893983826,4225.749363575031,4269.847122514869
2018-06-30 05:00:00,76.10912675530216,17682.072288710515,17758.181415465817
2018-06-30 06:00:00,107.29307412726078,12087.065126263238,12194.3582003905
2018-06-30 07:00:00,154.9448275501901,8441.113100828974,8596.057928379165
2018-06-30 08:00:00,201.66980673450686,13481.179600821977,13682.849407556485
2018-06-30 09:00:00,237.0406137101599,9663.660855127591,9900.701468837751
2018-06-30 10:00:00,280.7869121868352,7640.617987788253,7921.404899975088
2018-06-30 11:00:00,318.0569590914814,3363.3934045523565,3681.4503636438376
2018-06-30 12:00:00,333.6472181964466,2349.1480478724034,2682.7952660688497
2018-06-30 13:00:00,354.5505616672792,0.0,354.5505616672792
2018-06-30 14:00:00,346.37514018754905,2078.999994104403,2425.3751342919522
2018-06-30 15:00:00,350.7478019895772,0.0,350.7478019895772
2018-06-30 16:00:00,333.6302932934858,0.0,333.6302932934858
2018-06-30 17:00:00,294.01214533086625,0.0,294.01214533086625
2018-06-30 18:00:00,265.552833330068,0.0,265.552833330068
2018-06-30 19:00:00,225.65189003768373,0.0,225.65189003768373
2018-06-30 20:00:00,178.21343020412462,863.9999977872626,1042.213427991387
2018-06-30 21:00:00,133.26936403340198,16599.365126936595,16732.63449097
2018-06-30 22:00:00,93.43028751440956,32533.634733889437,32627.065021403847
2018-06-30 23:00:00,58.468315928152464,0.0,58.468315928152464
2018-07-01 00:00:00,34.794070380752856,0.0,34.794070380752856
2018-07-01 01:00:00,20.678843301326587,0.0,20.678843301326587
2018-07-01 02:00:00,17.056720874918124,0.0,17.056720874918124
2018-07-01 03:00:00,25.55364848489115,0.0,25.55364848489115
2018-07-01 04:00:00,44.93736998088943,0.0,44.93736998088943
2018-07-01 05:00:00,75.01245905930259,0.0,75.01245905930259
2018-07-01 06:00:00,111.57327403463061,0.0,111.57327403463061
2018-07-01 07:00:00,153.25713919445695,0.0,153.25713919445695
2018-07-01 08:00:00,189.3960213885718,0.0,189.3960213885718
2018-07-01 09:00:00,237.07144460916976,0.0,237.07144460916976
2018-07-01 10:00:00,286.1997172922342,0.0,286.1997172922342
2018-07-01 11:00:00,319.15180373432116,0.0,319.15180373432116
2018-07-01 12:00:00,341.16560094975813,293.99999897239644,635.1655999221546
2018-07-01 13:00:00,363.2909225145018,97.99999969404188,461.2909222085437
2018-07-01 14:00:00,342.65386196606653,0.0,342.65386196606653
2018-07-01 15:00:00,353.7613128780391,3419.999990327853,3773.7613032058925
2018-07-01 16:00:00,331.9100076329048,1079.9999962438708,1411.9100038767756
2018-07-01 17:00:00,300.15663352326476,0.0,300.15663352326476
2018-07-01 18:00:00,257.28442706940103,0.0,257.28442706940103
2018-07-01 19:00:00,213.02532720012562,1090.9999968843576,1304.0253240844834
2018-07-01 20:00:00,176.56362770642102,11496.999965985826,11673.563593692248
2018-07-01 21:00:00,130.33472389498627,177.28490147276477,307.61962536775104
2018-07-01 22:00:00,91.46514546140295,371.7150967876524,463.1802422490553
2018-07-01 23:00:00,57.22655829079393,0.0,57.22655829079393
2018-07-02 00:00:00,34.33952004351222,589.9999986871404,624.3395187306527
2018-07-02 01:00:00,20.82089014598614,0.0,20.82089014598614
2018-07-02 02:00:00,18.36501562287107,3135.999991629167,3154.365007252038
2018-07-02 03:00:00,26.60602664445786,97.99999978882416,124.60602643328201
2018-07-02 04:00:00,44.93672255913815,719.9999976573381,764.9367202164763
2018-07-02 05:00:00,75.09174568516212,13332.173226492381,13407.264972177543
2018-07-02 06:00:00,110.80702294585905,15023.396626320275,15134.20364926613
2018-07-02 07:00:00,155.09248715897962,27853.62351078498,28008.715997943957
2018-07-02 08:00:00,203.0162230351969,26278.600871962386,26481.617094997582
2018-07-02 09:00:00,232.24184261810498,28095.512399079762,28327.75424169787
2018-07-02 10:00:00,285.826836617455,11396.693028689493,11682.51986530695
2018-07-02 11:00:00,322.14625914241645,13896.063237605036,14218.209496747451
2018-07-02 12:00:00,343.7826900278316,14595.386468175013,14939.169158202843
2018-07-02 13:00:00,353.94659085259394,25670.58544839573,26024.532039248323
2018-07-02 14:00:00,352.5804186020481,22196.332325514064,22548.91274411611
2018-07-02 15:00:00,351.55568533563746,17186.21365000212,17537.769335337754
2018-07-02 16:00:00,322.6920539118902,15781.418564520143,16104.110618432034
2018-07-02 17:00:00,306.05210025737966,63.97078858433552,370.02288884171526
2018-07-02 18:00:00,273.0245108262378,134.02921062221944,407.0537214484573
2018-07-02 19:00:00,222.85721785997794,395.9999990048582,618.8572168648361
2018-07-02 20:00:00,177.86304573192967,11215.999967892625,11393.863013624556
2018-07-02 21:00:00,131.59263998293812,48806.317604056356,48937.9102440393
2018-07-02 22:00:00,92.48205096104861,21729.682192729724,21822.16424369077
2018-07-02 23:00:00,58.67121882813434,0.0,58.67121882813434
2018-07-03 00:00:00,36.24656163552631,19582.999948489218,19619.24651012474
2018-07-03 01:00:00,21.149211586472262,0.0,21.149211586472262
2018-07-03 02:00:00,17.25860686791093,0.0,17.25860686791093
2018-07-03 03:00:00,25.490053092604256,1763.9999954625398,1789.490048555144
2018-07-03 04:00:00,46.81319808090994,0.0,46.81319808090994
2018-07-03 05:00:00,74.85215128195432,10460.999969438657,10535.852120720612
2018-07-03 06:00:00,112.90563884418043,27086.047486274416,27198.953125118598
2018-07-03 07:00:00,158.53213567330272,20046.341171146407,20204.873306819707
2018-07-03 08:00:00,207.513092965799,29998.464171627005,30205.977264592806
2018-07-03 09:00:00,235.33321159319968,26017.36193565077,26252.69514724397
2018-07-03 10:00:00,272.24597307925177,22310.915114437747,22583.161087517
2018-07-03 11:00:00,321.97328806526883,30532.897235885226,30854.870523950492
2018-07-03 12:00:00,344.17445706802675,25095.859550568995,25440.03400763702
2018-07-03 13:00:00,369.3017717440863,34120.37631878117,34489.67809052525
2018-07-03 14:00:00,357.814654166912,16294.11809278078,16651.932746947692
2018-07-03 15:00:00,338.0062769760088,18190.28036463281,18528.286641608815
2018-07-03 16:00:00,336.83195548449135,6366.3378208527465,6703.169776337238
2018-07-03 17:00:00,287.31729487145367,951.9644405881227,1239.2817354595763
2018-07-03 18:00:00,265.04117144814325,1742.0355520142664,2007.0767234624095
2018-07-03 19:00:00,221.9046125424416,197.9999996230524,419.9046121654939
2018-07-03 20:00:00,174.72822648938168,30891.999913597807,31066.72814008719
2018-07-03 21:00:00,129.02780507032216,43710.40098744161,43839.42879251193
2018-07-03 22:00:00,93.79707212557472,40343.598773755286,40437.395845880856
2018-07-03 23:00:00,59.049774288277945,0.0,59.049774288277945
2018-07-04 00:00:00,36.713757431083785,35212.999903286945,35249.71366071803
2018-07-04 01:00:00,20.899367954217904,0.0,20.899367954217904
2018-07-04 02:00:00,17.039038975840505,1861.9999940421296,1879.03903301797
2018-07-04 03:00:00,26.165022485756722,0.0,26.165022485756722
2018-07-04 04:00:00,45.62525774990068,277.9999998188157,323.62525756871645
2018-07-04 05:00:00,77.43833159976802,21398.092811593917,21475.531143193686
2018-07-04 06:00:00,108.07218849832486,29890.133770651206,29998.20595914953
2018-07-04 07:00:00,153.30854243827355,50310.25278248966,50463.56132492793
2018-07-04 08:00:00,202.74293703391896,27604.584846550657,27807.327783584577
2018-07-04 09:00:00,249.5240560089207,38758.976398775274,39008.500454784196
2018-07-04 10:00:00,269.78669639754344,22142.99763708104,22412.784333478583
2018-07-04 11:00:00,304.9562148445911,24640.805355832767,24945.76157067736
2018-07-04 12:00:00,326.87634423756555,26027.464628674323,26354.340972911887
2018-07-04 13:00:00,363.3537081509062,19586.723516433507,19950.07722458442
2018-07-04 14:00:00,364.420324134962,27902.6717114037,28267.09203553866
2018-07-04 15:00:00,351.32084296740925,19804.295676457703,20155.616519425115
2018-07-04 16:00:00,329.8183266885617,2129.999993642344,2459.818320330906
2018-07-04 17:00:00,307.3273615961398,3821.0911890618113,4128.418550657951
2018-07-04 18:00:00,260.5933250595797,2178.9087949360387,2439.5021199956186
2018-07-04 19:00:00,220.969134420959,294.9999989511769,515.969133372136
2018-07-04 20:00:00,168.4828085250159,28462.9999208644,28631.482729389416
2018-07-04 21:00:00,130.79146131737343,47370.10266163823,47500.8941229556
2018-07-04 22:00:00,88.00229896233623,49553.89706471086,49641.89936367319
2018-07-04 23:00:00,60.467666060330814,0.0,60.467666060330814
2018-07-05 00:00:00,35.44591604752674,25769.99992932119,25805.44584536872
2018-07-05 01:00:00,20.432616278503964,0.0,20.432616278503964
2018-07-05 02:00:00,17.76438203650651,3049.999991086098,3067.764373122604
2018-07-05 03:00:00,25.50232164208984,707.1357708373392,732.638092479429
2018-07-05 04:00:00,46.80188783391199,2062.8642205049214,2109.666108338833
2018-07-05 05:00:00,71.7593052168678,9805.271248517896,9877.030553734763
2018-07-05 06:00:00,112.89832926938725,15903.16516528473,16016.063494554117
2018-07-05 07:00:00,150.1016032247402,28587.666269535348,28737.76787276009
2018-07-05 08:00:00,197.31155623769507,31275.15769169575,31472.46924793344
2018-07-05 09:00:00,242.33191623947866,36217.228127546405,36459.56004378589
2018-07-05 10:00:00,268.8583841909398,34172.99509313176,34441.8534773227
2018-07-05 11:00:00,308.2167391587244,28999.631432657978,29307.848171816702
2018-07-05 12:00:00,351.1481046178851,24346.437791211185,24697.58589582907
2018-07-05 13:00:00,350.67120306470935,49271.17570147607,49621.846904540784
2018-07-05 14:00:00,358.7076657223634,19779.869645996936,20138.5773117193
2018-07-05 15:00:00,358.44707415783324,29698.0449750984,30056.49204925623
2018-07-05 16:00:00,322.13805740898573,813.3560004549795,1135.4940578639653
2018-07-05 17:00:00,300.58474815628324,197.99999970451336,498.5847478607966
2018-07-05 18:00:00,247.44909113379134,2474.9999932811447,2722.449084414937
2018-07-05 19:00:00,207.76385293469906,0.0,207.76385293469906
2018-07-05 20:00:00,176.89991390740616,30484.99991010616,30661.899824013562
2018-07-05 21:00:00,129.38461863872368,44248.19580958213,44377.580428220856
2018-07-05 22:00:00,95.83098882338174,39541.80394976937,39637.634938592746
2018-07-05 23:00:00,56.716510800570184,0.0,56.716510800570184
2018-07-06 00:00:00,36.38195009953306,28742.999919696613,28779.381869796147
2018-07-06 01:00:00,19.990983321825013,0.0,19.990983321825013
2018-07-06 02:00:00,17.23788160826833,4507.999986561872,4525.23786817014
2018-07-06 03:00:00,26.863457758883037,98.99999952195525,125.8634572808383
2018-07-06 04:00:00,45.26520629626411,2036.9999940362338,2082.265200332498
2018-07-06 05:00:00,75.85597084460356,11990.070556896537,12065.92652774114
2018-07-06 06:00:00,113.74691865713146,32762.140582715027,32875.887501372155
2018-07-06 07:00:00,152.84462534847475,29082.166189519437,29235.010814867914
2018-07-06 08:00:00,194.14412932218565,24400.716959735026,24594.86108905721
2018-07-06 09:00:00,241.0883581087552,29386.398127696302,29627.486485805057
2018-07-06 10:00:00,286.3912006486628,22549.113790372117,22835.50499102078
2018-07-06 11:00:00,310.9865625092275,31342.682927281014,31653.669489790245
2018-07-06 12:00:00,346.52661517621794,33022.5735346291,33369.100149805316
2018-07-06 13:00:00,362.53645000490155,19954.72924593703,20317.26569594193
2018-07-06 14:00:00,346.4001768179533,12153.757007151999,12500.157183969954
2018-07-06 15:00:00,341.6878307591735,15926.57385514136,16268.261685900532
2018-07-06 16:00:00,336.78658573129155,702.0764927416639,1038.8630784729553
2018-07-06 17:00:00,299.4195103047374,395.99999845144873,695.4195087561861
2018-07-06 18:00:00,262.69947529126426,98.99999985605706,361.6994751473213
2018-07-06 19:00:00,227.4060738926937,0.0,227.4060738926937
2018-07-06 20:00:00,182.05756980248117,21173.999939204972,21356.057509007456
2018-07-06 21:00:00,131.95595516289583,40682.941070106164,40814.89702526906
2018-07-06 22:00:00,92.44996622819345,34885.05870983379,34977.50867606198
2018-07-06 23:00:00,59.20790485129463,0.0,59.20790485129463
2018-07-07 00:00:00,34.87461276587179,23605.999941203092,23640.874553968963
2018-07-07 01:00:00,20.704548201516268,0.0,20.704548201516268
2018-07-07 02:00:00,17.938416753271134,124.21909813251604,142.15751488578715
2018-07-07 03:00:00,25.91244128409437,6180.7808825753345,6206.693323859429
2018-07-07 04:00:00,45.57667582990488,4904.746061361724,4950.322737191629
2018-07-07 05:00:00,78.10810829536774,21658.23042393518,21736.338532230548
2018-07-07 06:00:00,107.4889766742412,27754.037346486333,27861.526323160575
2018-07-07 07:00:00,152.8272214221878,12154.72211123964,12307.549332661829
2018-07-07 08:00:00,195.0937975962826,9019.807843681967,9214.90164127825
2018-07-07 09:00:00,239.8273113648886,14812.695197522416,15052.522508887305
2018-07-07 10:00:00,276.10870611168883,8737.695835378305,9013.804541489993
2018-07-07 11:00:00,299.0603244857712,6480.390280931695,6779.450605417467
2018-07-07 12:00:00,343.6808403034587,960.6745900135586,1304.3554303170172
2018-07-07 13:00:00,346.0616877316815,0.0,346.0616877316815
2018-07-07 14:00:00,373.102859221362,0.0,373.102859221362
2018-07-07 15:00:00,349.0059872740591,0.0,349.0059872740591
2018-07-07 16:00:00,330.19296207382246,0.0,330.19296207382246
2018-07-07 17:00:00,299.7446908985122,0.0,299.7446908985122
2018-07-07 18:00:00,247.68452397884164,0.0,247.68452397884164
2018-07-07 19:00:00,224.15993814875816,0.0,224.15993814875816
2018-07-07 20:00:00,171.6798267824526,0.0,171.6798267824526
2018-07-07 21:00:00,126.64334361713748,183.2883827976238,309.9317264147613
2018-07-07 22:00:00,92.5087560167961,421.7116155166349,514.220371533431
2018-07-07 23:00:00,59.21973850305717,0.0,59.21973850305717
2018-07-08 00:00:00,34.84348964331467,0.0,34.84348964331467
2018-07-08 01:00:00,20.726666731041824,0.0,20.726666731041824
2018-07-08 02:00:00,18.29542629317083,0.0,18.29542629317083
2018-07-08 03:00:00,26.65753412470938,0.0,26.65753412470938
2018-07-08 04:00:00,46.68917713590175,0.0,46.68917713590175
2018-07-08 05:00:00,77.49014448218719,0.0,77.49014448218719
2018-07-08 06:00:00,110.97233380935398,0.0,110.97233380935398
2018-07-08 07:00:00,145.62063328113868,0.0,145.62063328113868
2018-07-08 08:00:00,205.5571942195116,0.0,205.5571942195116
2018-07-08 09:00:00,250.66349584115667,0.0,250.66349584115667
2018-07-08 10:00:00,286.20661385850644,1.9999999967017947,288.2066138552082
2018-07-08 11:00:00,313.29474385653793,0.0,313.29474385653793
2018-07-08 12:00:00,338.1488635258024,0.0,338.1488635258024
2018-07-08 13:00:00,354.1309203792734,1325.9999969027647,1680.1309172820384
2018-07-08 14:00:00,368.4601550397607,101.99999980735652,470.4601548471172
2018-07-08 15:00:00,351.531540488003,0.0,351.531540488003
2018-07-08 16:00:00,342.28673893208975,0.0,342.28673893208975
2018-07-08 17:00:00,307.9705689719929,0.0,307.9705689719929
2018-07-08 18:00:00,274.6723537395758,0.0,274.6723537395758
2018-07-08 19:00:00,222.9189703383005,0.0,222.9189703383005
2018-07-08 20:00:00,169.2996467604535,0.0,169.2996467604535
2018-07-08 21:00:00,135.50357063038075,490.5507243187287,626.0542949491094
2018-07-08 22:00:00,94.17286284300077,657.4492723959471,751.6221352389479
2018-07-08 23:00:00,58.99035589498148,0.0,58.99035589498148
2018-07-09 00:00:00,34.07265489016445,387.9999994501731,422.0726543403376
2018-07-09 01:00:00,20.766919499421668,0.0,20.766919499421668
2018-07-09 02:00:00,18.093176088087255,3625.999989601765,3644.0931656898515
2018-07-09 03:00:00,27.478651525572868,1469.999995039543,1497.478646565116
2018-07-09 04:00:00,47.21891872994827,3648.9999896567824,3696.2189083867306
2018-07-09 05:00:00,76.37254360295397,5164.406939623557,5240.779483226512
2018-07-09 06:00:00,114.00373134706598,32189.674835411493,32303.678566758557
2018-07-09 07:00:00,157.01007555916783,16836.806046465677,16993.816122024844
2018-07-09 08:00:00,190.14461074689996,28983.548305750628,29173.69291649753
2018-07-09 09:00:00,240.79411108423866,25870.852276346828,26111.646387431065
2018-07-09 10:00:00,270.46489466125263,28136.41485650691,28406.879751168166
2018-07-09 11:00:00,328.5105053549306,46697.59268434222,47026.103189697154
2018-07-09 12:00:00,340.2818828554431,42964.82270512459,43305.10458798004
2018-07-09 13:00:00,357.35529686465895,32452.40155564031,32809.75685250497
2018-07-09 14:00:00,353.82503238167607,23019.694405428912,23373.519437810588
2018-07-09 15:00:00,358.4747450224788,24212.117487440257,24570.592232462735
2018-07-09 16:00:00,331.9728928733909,3875.6670441172073,4207.639936990598
2018-07-09 17:00:00,311.176122443216,2717.999993705641,3029.176116148857
2018-07-09 18:00:00,269.20584656457356,0.0,269.20584656457356
2018-07-09 19:00:00,225.19839351908553,2257.999994090746,2483.198387609831
2018-07-09 20:00:00,176.88765664775434,23668.290353388267,23845.178010036016
2018-07-09 21:00:00,129.9489591612719,39291.98656169384,39421.93552085511
2018-07-09 22:00:00,92.07956245518548,28359.722829920986,28451.802392376165
2018-07-09 23:00:00,58.56063846112437,0.0,58.56063846112437
2018-07-10 00:00:00,35.6701543337407,24399.999932245977,24435.67008657972
2018-07-10 01:00:00,20.526967569296225,0.0,20.526967569296225
2018-07-10 02:00:00,17.34154259513322,0.0,17.34154259513322
2018-07-10 03:00:00,27.378266621752843,881.999997767761,909.3782643895138
2018-07-10 04:00:00,46.50496052093477,800.9999973631487,847.5049578840835
2018-07-10 05:00:00,74.11730030240898,15413.05297343586,15487.170273738271
2018-07-10 06:00:00,113.9164314067703,17650.26864521425,17764.185076621023
2018-07-10 07:00:00,153.55723855502643,42074.846838152094,42228.40407670711
2018-07-10 08:00:00,204.07265988352611,21569.900576110293,21773.97323599382
2018-07-10 09:00:00,238.58475247104826,23363.573917581365,23602.158670052413
2018-07-10 10:00:00,291.0168874639859,22954.010928213487,23245.027815677473
2018-07-10 11:00:00,315.36613904115086,21423.335663762387,21738.701802803535
2018-07-10 12:00:00,339.65794404736516,17927.48547319958,18267.143417246953
2018-07-10 13:00:00,360.25007377540066,49971.39096021278,50331.6410339882
2018-07-10 14:00:00,346.1496174664902,37355.030493852566,37701.18011131905
2018-07-10 15:00:00,351.3218255313724,37315.51183518441,37666.83366071578
2018-07-10 16:00:00,321.9252696618689,2757.5908203071367,3079.516089969006
2018-07-10 17:00:00,294.08325573139336,1133.9999967134072,1428.0832524448008
2018-07-10 18:00:00,251.98371960975595,294.99999954924544,546.9837191590013
2018-07-10 19:00:00,221.03098627033637,525.9999982908973,747.0309845612338
2018-07-10 20:00:00,178.56150586975036,29289.999917443616,29468.561423313367
2018-07-10 21:00:00,127.72666145333422,40819.91455500355,40947.641216456876
2018-07-10 22:00:00,91.45168777786935,32329.085239468484,32420.53692724635
2018-07-10 23:00:00,58.654200665299754,0.0,58.654200665299754
2018-07-11 00:00:00,36.08851323356377,24702.99993170021,24739.088444933772
2018-07-11 01:00:00,20.159602038374885,0.0,20.159602038374885
2018-07-11 02:00:00,17.455617350754082,2351.9999931797324,2369.455610530487
2018-07-11 03:00:00,27.216559562921184,391.999998500172,419.2165580630932
2018-07-11 04:00:00,47.11437903228665,155.99999938662853,203.11437841891518
2018-07-11 05:00:00,77.67985292954762,9845.425713618366,9923.105566547916
2018-07-11 06:00:00,110.10485972810943,34073.351346959644,34183.456206687755
2018-07-11 07:00:00,152.54452207543488,23898.33701258227,24050.881534657703
2018-07-11 08:00:00,193.31149642703315,37838.448022721685,38031.75951914872
2018-07-11 09:00:00,232.6577639183737,34146.69696876604,34379.35473268441
2018-07-11 10:00:00,281.6488916392743,50381.85859994543,50663.50749158471
2018-07-11 11:00:00,309.08076903222957,21029.681329527986,21338.76209856022
2018-07-11 12:00:00,334.56207194008044,31127.448013443114,31462.010085383197
2018-07-11 13:00:00,344.42142235302606,21989.7592901866,22334.180712539626
2018-07-11 14:00:00,358.17538153222347,43864.903152473395,44223.07853400562
2018-07-11 15:00:00,347.11944449773995,23017.33485492846,23364.454299426205
2018-07-11 16:00:00,327.6582019872659,8642.754741628885,8970.412943616151
2018-07-11 17:00:00,300.96973549192546,763.7073818826568,1064.6771173745824
2018-07-11 18:00:00,263.3821186785337,818.2926137416038,1081.6747324201374
2018-07-11 19:00:00,220.30380505450216,296.9999989807674,517.3038040352695
2018-07-11 20:00:00,176.72042960498547,38809.999892829146,38986.72032243413
2018-07-11 21:00:00,133.43186825619,41018.240970647355,41151.672838903556
2018-07-11 22:00:00,89.25958022882648,28697.75883174041,28787.01841196924
2018-07-11 23:00:00,61.523246890044334,0.0,61.523246890044334
2018-07-12 00:00:00,34.890289502870196,25323.999932880204,25358.890222383077
2018-07-12 01:00:00,21.176576062922216,0.0,21.176576062922216
2018-07-12 02:00:00,18.442848323276387,0.0,18.442848323276387
2018-07-12 03:00:00,27.045386441385844,0.0,27.045386441385844
2018-07-12 04:00:00,46.1141486538661,1489.541276670286,1535.655425324152
2018-07-12 05:00:00,78.18303402041914,6277.4481039946695,6355.631138015088
2018-07-12 06:00:00,116.15840551524876,12215.04592890053,12331.20433441578
2018-07-12 07:00:00,154.9333971536795,39307.07965878816,39462.01305594185
2018-07-12 08:00:00,196.896139607783,45725.21800327417,45922.114142881954
2018-07-12 09:00:00,239.4760548381915,36844.293639573094,37083.76969441129
2018-07-12 10:00:00,270.5769987815545,29190.09271092076,29460.669709702313
2018-07-12 11:00:00,323.3983731630767,23959.101287855272,24282.49966101835
2018-07-12 12:00:00,335.7117925339971,24638.77997085377,24974.49176338777
2018-07-12 13:00:00,360.6150705381442,35598.87786097824,35959.49293151638
2018-07-12 14:00:00,356.83460315858855,15180.64469469053,15537.47929784912
2018-07-12 15:00:00,337.29420533264704,25198.188096796795,25535.482302129443
2018-07-12 16:00:00,329.2254433840252,7703.687916040193,8032.9133594242185
2018-07-12 17:00:00,296.38884919821254,332.2410267073436,628.6298759055561
2018-07-12 18:00:00,264.75849257416854,657.758971262361,922.5174638365295
2018-07-12 19:00:00,222.49329354250568,396.5708805777771,619.0641741202828
2018-07-12 20:00:00,174.94064331475357,33143.42902689625,33318.369670211
2018-07-12 21:00:00,131.40210198829732,44843.18571607804,44974.58781806634
2018-07-12 22:00:00,91.99450583637014,32006.814072849676,32098.808578686043
2018-07-12 23:00:00,59.106588374121145,0.0,59.106588374121145
2018-07-13 00:00:00,34.37330126564934,23422.99993134611,23457.37323261176
2018-07-13 01:00:00,20.99168323611447,0.0,20.99168323611447
2018-07-13 02:00:00,17.859668361300198,200.07016721757932,217.92983557887953
2018-07-13 03:00:00,26.626247935439345,4111.929821121577,4138.556069057016
2018-07-13 04:00:00,47.14091920970015,197.9999996443181,245.14091885401825
2018-07-13 05:00:00,73.04707017595258,16257.87261361875,16330.919683794702
2018-07-13 06:00:00,113.51425927223474,28372.15914382403,28485.67340309626
2018-07-13 07:00:00,151.8716386157621,41267.02769184137,41418.89933045713
2018-07-13 08:00:00,197.38417804516644,23447.90657088883,23645.290748933992
2018-07-13 09:00:00,240.34002687618081,32108.958446511613,32349.298473387797
2018-07-13 10:00:00,282.10573861316436,41282.207756094926,41564.31349470809
2018-07-13 11:00:00,309.31481546184864,26140.724857905756,26450.039673367606
2018-07-13 12:00:00,336.93881351809466,22107.003331634747,22443.942145152843
2018-07-13 13:00:00,352.28725030627004,9130.704384307648,9482.991634613918
2018-07-13 14:00:00,357.7806654301139,35459.98753249203,35817.76819792214
2018-07-13 15:00:00,359.4718589689203,44915.47843888518,45274.9502978541
2018-07-13 16:00:00,326.3244976676228,684.3688246899984,1010.6933223576211
2018-07-13 17:00:00,286.80244327477624,65.59950318087677,352.401946455653
2018-07-13 18:00:00,270.4308254132201,593.9999981313708,864.430823544591
2018-07-13 19:00:00,217.42190073315436,0.0,217.42190073315436
2018-07-13 20:00:00,174.05681884121176,16771.99995478468,16946.05677362589
2018-07-13 21:00:00,129.50570080929137,42619.830681363164,42749.33638217246
2018-07-13 22:00:00,88.57921344638795,37596.16909710863,37684.74831055501
2018-07-13 23:00:00,59.27577947973198,0.0,59.27577947973198
2018-07-14 00:00:00,34.966986114365184,24808.999930968308,24843.966917082667
2018-07-14 01:00:00,21.208274732564583,0.0,21.208274732564583
2018-07-14 02:00:00,18.069814002505666,1781.9999951003076,1800.0698091028132
2018-07-14 03:00:00,25.331527804210168,0.0,25.331527804210168
2018-07-14 04:00:00,47.09876568551918,0.0,47.09876568551918
2018-07-14 05:00:00,77.41480855045515,359.99999883928706,437.41480738974224
2018-07-14 06:00:00,110.96297007833309,996.9999978376861,1107.9629679160191
2018-07-14 07:00:00,147.80016677335345,0.0,147.80016677335345
2018-07-14 08:00:00,189.97206440959738,589.999998805618,779.9720632152155
2018-07-14 09:00:00,242.51767733487003,2397.1964308265638,2639.7141081614336
2018-07-14 10:00:00,286.3704844997219,3542.803553218213,3829.174037717934
2018-07-14 11:00:00,306.5620849630542,0.0,306.5620849630542
2018-07-14 12:00:00,350.2031081726084,0.0,350.2031081726084
2018-07-14 13:00:00,344.1328205656521,0.0,344.1328205656521
2018-07-14 14:00:00,346.12226087931646,0.0,346.12226087931646
2018-07-14 15:00:00,349.304387321567,0.0,349.304387321567
2018-07-14 16:00:00,333.26132961786936,0.0,333.26132961786936
2018-07-14 17:00:00,289.5456070063391,0.0,289.5456070063391
2018-07-14 18:00:00,254.06864080844554,0.0,254.06864080844554
2018-07-14 19:00:00,214.76350528798443,0.0,214.76350528798443
2018-07-14 20:00:00,178.6566851581403,97.9999998822706,276.6566850404109
2018-07-14 21:00:00,128.71505138233633,456.0498958001619,584.7649471824983
2018-07-14 22:00:00,92.86084812086888,1012.9501007830578,1105.8109489039268
2018-07-14 23:00:00,58.048118326929895,0.0,58.048118326929895
2018-07-15 00:00:00,35.314303592185844,0.0,35.314303592185844
2018-07-15 01:00:00,20.196269700539155,0.0,20.196269700539155
2018-07-15 02:00:00,18.45444671889979,0.0,18.45444671889979
2018-07-15 03:00:00,26.241374259120505,0.0,26.241374259120505
2018-07-15 04:00:00,46.14375793808606,0.0,46.14375793808606
2018-07-15 05:00:00,78.11834730187496,0.0,78.11834730187496
2018-07-15 06:00:00,113.44197711685021,0.0,113.44197711685021
2018-07-15 07:00:00,155.61670420955306,0.0,155.61670420955306
2018-07-15 08:00:00,192.8693764848783,0.0,192.8693764848783
2018-07-15 09:00:00,242.0987734778239,0.0,242.0987734778239
2018-07-15 10:00:00,279.5636465254529,0.0,279.5636465254529
2018-07-15 11:00:00,315.34827374735505,0.0,315.34827374735505
2018-07-15 12:00:00,341.76249636459653,0.0,341.76249636459653
2018-07-15 13:00:00,353.38151139186857,0.0,353.38151139186857
2018-07-15 14:00:00,367.72854481961525,0.0,367.72854481961525
2018-07-15 15:00:00,359.12493401263384,0.0,359.12493401263384
2018-07-15 16:00:00,335.6788002309324,0.0,335.6788002309324
2018-07-15 17:00:00,299.1643417263934,0.0,299.1643417263934
2018-07-15 18:00:00,273.9301493263092,0.0,273.9301493263092
2018-07-15 19:00:00,226.89081826754798,0.0,226.89081826754798
2018-07-15 20:00:00,177.09456231024274,0.0,177.09456231024274
2018-07-15 21:00:00,132.41805652195302,453.6544300196617,586.0724865416147
2018-07-15 22:00:00,92.66427097884986,1006.3455652529692,1099.0098362318192
2018-07-15 23:00:00,59.466666704271105,0.0,59.466666704271105
2018-07-16 00:00:00,35.406192686837905,687.9999977105273,723.4061903973652
2018-07-16 01:00:00,19.740604982612766,0.0,19.740604982612766
2018-07-16 02:00:00,17.57686497603023,3723.999989720913,3741.576854696943
2018-07-16 03:00:00,26.485400032691036,0.0,26.485400032691036
2018-07-16 04:00:00,45.88144930312889,1187.9999957472614,1233.8814450503903
2018-07-16 05:00:00,75.9693144809049,8207.154948278516,8283.12426275942
2018-07-16 06:00:00,111.80273178692387,25736.02421413896,25847.826945925885
2018-07-16 07:00:00,154.5838831257592,17413.40188420013,17567.98576732589
2018-07-16 08:00:00,191.50958158729236,36895.11363006649,37086.62321165379
2018-07-16 09:00:00,233.67129682955903,27214.769463118115,27448.440759947676
2018-07-16 10:00:00,278.96771137891824,23527.853221695106,23806.82093307403
2018-07-16 11:00:00,315.81792884112133,39915.286581882814,40231.10451072393
2018-07-16 12:00:00,330.7985303964207,39492.17768917497,39822.97621957139
2018-07-16 13:00:00,344.30745981151665,16412.217715725168,16756.52517553668
2018-07-16 14:00:00,371.433344641777,27958.546436434073,28329.97978107585
2018-07-16 15:00:00,348.50363193385044,37409.45337428774,37757.95700622159
2018-07-16 16:00:00,332.99300606095073,1217.999996339009,1550.9930023999596
2018-07-16 17:00:00,292.13920930665586,1880.999995267936,2173.139204574592
2018-07-16 18:00:00,256.9550965635308,98.99999967134735,355.95509623487817
2018-07-16 19:00:00,222.90362756085887,19.99999992233706,242.90362748319592
2018-07-16 20:00:00,171.55220753451272,17256.999951782276,17428.55215931679
2018-07-16 21:00:00,135.57056189456023,41604.92826949196,41740.49883138652
2018-07-16 22:00:00,90.28323882013463,39184.07150596847,39274.3547447886
2018-07-16 23:00:00,57.230746028205104,0.0,57.230746028205104
2018-07-17 00:00:00,34.88509339113712,21844.999938095767,21879.885031486905
2018-07-17 01:00:00,20.741797934023623,0.0,20.741797934023623
2018-07-17 02:00:00,17.588537399471395,489.99999856838076,507.5885359678521
2018-07-17 03:00:00,25.616671356380913,0.0,25.616671356380913
2018-07-17 04:00:00,45.582943676489606,890.447855856695,936.0307995331846
2018-07-17 05:00:00,74.83435783648682,7422.021882820825,7496.856240657313
2018-07-17 06:00:00,108.87097668563635,13549.970305256636,13658.841281942274
2018-07-17 07:00:00,156.63518957429733,36540.44605727995,36697.08124685425
2018-07-17 08:00:00,202.72008456493273,29822.810957105088,30025.531041670027
2018-07-17 09:00:00,234.73288609379318,26379.07490777754,26613.807793871336
2018-07-17 10:00:00,267.09381258201734,25870.34209335195,26137.435905933962
2018-07-17 11:00:00,308.0033165865495,30073.158999060193,30381.162315646747
2018-07-17 12:00:00,327.52638366953,25480.714597722246,25808.240981391777
2018-07-17 13:00:00,364.77994553881905,43669.02009635875,44033.80004189757
2018-07-17 14:00:00,351.7048218623772,39359.42109664389,39711.125918506266
2018-07-17 15:00:00,340.71782260009047,31401.896445714003,31742.614268314093
2018-07-17 16:00:00,321.17245068493395,8209.570686023122,8530.743136708057
2018-07-17 17:00:00,292.1642514407988,2146.1031299088636,2438.2673813496626
2018-07-17 18:00:00,259.3333559325739,5067.999985014262,5327.333340946836
2018-07-17 19:00:00,213.06509652676655,470.9999980559178,684.0650945826843
2018-07-17 20:00:00,180.2029428079327,27946.99992803427,28127.202870842204
2018-07-17 21:00:00,130.0041047032435,44565.720586032134,44695.724690735384
2018-07-17 22:00:00,91.7977651873436,51885.36015340964,51977.15791859697
2018-07-17 23:00:00,59.33164481436661,4114.918977118173,4174.25062193254
2018-07-18 00:00:00,34.28203181527971,24870.999927823068,24905.28195963835
2018-07-18 01:00:00,19.828164686114032,494.9999981141009,514.828162800215
2018-07-18 02:00:00,16.94733065271688,391.9999984262171,408.94732907893393
2018-07-18 03:00:00,25.410406506755393,567.9999988499485,593.4104053567039
2018-07-18 04:00:00,44.67845050733539,520.9440512263118,565.6225017336471
2018-07-18 05:00:00,76.97688157825849,9407.023058080746,9483.999939659005
2018-07-18 06:00:00,113.3347367822847,29317.372359554603,29430.70709633689
2018-07-18 07:00:00,155.92282074522484,44946.830942012384,45102.75376275761
2018-07-18 08:00:00,200.2280036691871,38166.55632904144,38366.784332710624
2018-07-18 09:00:00,235.44924236616959,27034.580900135425,27270.030142501593
2018-07-18 10:00:00,286.9303423818469,25104.545349258857,25391.475691640702
2018-07-18 11:00:00,321.29168948145116,23444.94138003688,23766.233069518334
2018-07-18 12:00:00,351.8268482577363,26405.396500597046,26757.223348854786
2018-07-18 13:00:00,367.7331561464841,36013.11397336213,36380.84712950862
2018-07-18 14:00:00,357.3660958628438,48534.88548741748,48892.25158328032
2018-07-18 15:00:00,354.81174956859786,39304.013741164476,39658.82549073308
2018-07-18 16:00:00,329.2253278893538,3158.794939350314,3488.0202672396676
2018-07-18 17:00:00,309.72030843286404,4151.894038864634,4461.614347297498
2018-07-18 18:00:00,254.38419875894328,757.1059454280859,1011.4901441870292
2018-07-18 19:00:00,220.11915852059167,593.9999985467972,814.1191570673889
2018-07-18 20:00:00,174.42151572377588,26576.999922356605,26751.421438080386
2018-07-18 21:00:00,135.4346438267049,41014.42862905077,41149.863272877476
2018-07-18 22:00:00,93.29832248164499,31833.571161513097,31926.869483994742
2018-07-18 23:00:00,58.36437920214193,0.0,58.36437920214193
2018-07-19 00:00:00,34.10889139392195,24701.999931903803,24736.108823297724
2018-07-19 01:00:00,21.35622338649568,0.0,21.35622338649568
2018-07-19 02:00:00,17.614615562451114,1371.99999675429,1389.6146123167412
2018-07-19 03:00:00,26.71959059927966,195.9999995243366,222.71959012361626
2018-07-19 04:00:00,44.480044712910015,0.0,44.480044712910015
2018-07-19 05:00:00,74.29920991935624,7343.507414660796,7417.806624580153
2018-07-19 06:00:00,114.53885307838212,19816.308059300205,19930.846912378587
2018-07-19 07:00:00,157.93715983500675,22878.839932677256,23036.777092512268
2018-07-19 08:00:00,191.87353379218527,33436.93383600493,33628.80736979711
2018-07-19 09:00:00,233.90785740466552,28130.516407232364,28364.42426463703
2018-07-19 10:00:00,295.8394590414648,18496.738069412626,18792.57752845409
2018-07-19 11:00:00,318.43327499727064,16921.63522350405,17240.06849850132
2018-07-19 12:00:00,348.8426003117987,16562.258397584374,16911.100997896174
2018-07-19 13:00:00,356.1707916629207,40806.655790995865,41162.82658265878
2018-07-19 14:00:00,353.22950725474453,31354.606213731637,31707.835720986383
2018-07-19 15:00:00,354.5806907662526,28785.718186367754,29140.29887713401
2018-07-19 16:00:00,330.45579508080584,1551.2817263092113,1881.7375213900173
2018-07-19 17:00:00,301.2650960038458,4849.999985180379,5151.265081184224
2018-07-19 18:00:00,260.7630036533167,1187.999997375538,1448.7630010288544
2018-07-19 19:00:00,209.68033781359617,1187.99999679334,1397.6803346069362
2018-07-19 20:00:00,175.7416120830743,26951.358057702044,27127.09966978512
2018-07-19 21:00:00,129.1136060322634,49182.711787053326,49311.82539308559
2018-07-19 22:00:00,92.98628201053909,33339.92984480574,33432.916126816286
2018-07-19 23:00:00,57.28205455318759,1.9999999940160584,59.28205454720366
2018-07-20 00:00:00,34.435409739553634,24973.19819506113,25007.63360480068
2018-07-20 01:00:00,20.77218609430289,137.80173448697028,158.57392058127317
2018-07-20 02:00:00,18.229796194436528,6966.999979000345,6985.229775194781
2018-07-20 03:00:00,26.234908934136943,195.9999995462541,222.23490848039108
2018-07-20 04:00:00,46.59385185376593,5100.206649070203,5146.800500923969
2018-07-20 05:00:00,74.93043888408602,15628.009583602361,15702.940022486448
2018-07-20 06:00:00,111.5297869806781,10919.193360814159,11030.723147794837
2018-07-20 07:00:00,152.06554668606026,31009.758874854706,31161.824421540765
2018-07-20 08:00:00,200.92673077576603,25194.50141751153,25395.428148287298
2018-07-20 09:00:00,235.97403791935847,24102.381372446223,24338.355410365584
2018-07-20 10:00:00,284.3418482703719,16846.586228441207,17130.928076711578
2018-07-20 11:00:00,312.78146760722177,10237.634245486202,10550.415713093422
2018-07-20 12:00:00,329.31358015233764,25877.98526369529,26207.29884384763
2018-07-20 13:00:00,352.0184831534519,20917.644158019997,21269.662641173447
2018-07-20 14:00:00,346.3441906426518,15313.860667258085,15660.204857900739
2018-07-20 15:00:00,349.9834635800951,32789.66785471882,33139.65131829892
2018-07-20 16:00:00,340.68628121313725,241.56967590095303,582.2559571140903
2018-07-20 17:00:00,301.317735584669,0.0,301.317735584669
2018-07-20 18:00:00,259.1399136909202,1088.9999966810738,1348.139910371994
2018-07-20 19:00:00,216.80273597856524,0.0,216.80273597856524
2018-07-20 20:00:00,179.58167748868854,20452.99994509357,20632.581622582256
2018-07-20 21:00:00,131.50911333930657,50373.57929684334,50505.08841018264
2018-07-20 22:00:00,88.89754666441365,51846.42041539401,51935.31796205842
2018-07-20 23:00:00,60.07242062539964,6253.999982098239,6314.072402723639
2018-07-21 00:00:00,35.25905367567152,20939.99994215781,20975.258995833487
2018-07-21 01:00:00,20.167081696928562,0.0,20.167081696928562
2018-07-21 02:00:00,18.482415479796337,0.0,18.482415479796337
2018-07-21 03:00:00,26.40977309322551,0.0,26.40977309322551
2018-07-21 04:00:00,45.10541271497662,0.0,45.10541271497662
2018-07-21 05:00:00,75.34498090140511,816.4652578073602,891.8102387087653
2018-07-21 06:00:00,114.3948915429568,1222.534736361178,1336.9296279041348
2018-07-21 07:00:00,154.17319944256974,1792.8455393757345,1947.0187388183044
2018-07-21 08:00:00,200.17733291939328,1770.9317863473248,1971.1091192667182
2018-07-21 09:00:00,247.0666194230896,2264.2226574809256,2511.2892769040154
2018-07-21 10:00:00,276.7671847389382,0.0,276.7671847389382
2018-07-21 11:00:00,303.9664972219464,0.0,303.9664972219464
2018-07-21 12:00:00,326.9794530989527,0.0,326.9794530989527
2018-07-21 13:00:00,356.48888759066716,0.0,356.48888759066716
2018-07-21 14:00:00,358.451280108332,0.0,358.451280108332
2018-07-21 15:00:00,338.00967832353547,0.0,338.00967832353547
2018-07-21 16:00:00,333.478862670386,0.0,333.478862670386
2018-07-21 17:00:00,305.84907705604775,0.0,305.84907705604775
2018-07-21 18:00:00,262.95272319199364,0.0,262.95272319199364
2018-07-21 19:00:00,221.47979497784692,0.0,221.47979497784692
2018-07-21 20:00:00,172.3761226736712,0.0,172.3761226736712
2018-07-21 21:00:00,134.48743726901697,302.06184636021794,436.549283629235
2018-07-21 22:00:00,90.35049426326714,637.9381511525362,728.2886454158033
2018-07-21 23:00:00,61.510539316114034,0.0,61.510539316114034
2018-07-22 00:00:00,34.56839135034584,0.0,34.56839135034584
2018-07-22 01:00:00,20.092322075217695,0.0,20.092322075217695
2018-07-22 02:00:00,18.10145914647994,0.0,18.10145914647994
2018-07-22 03:00:00,25.919288385436264,0.0,25.919288385436264
2018-07-22 04:00:00,46.53779528683004,0.0,46.53779528683004
2018-07-22 05:00:00,73.2715931281503,0.0,73.2715931281503
2018-07-22 06:00:00,111.2937530264562,0.0,111.2937530264562
2018-07-22 07:00:00,149.6079988423271,0.0,149.6079988423271
2018-07-22 08:00:00,191.34477039083075,0.0,191.34477039083075
2018-07-22 09:00:00,251.74713000699717,197.99999968552447,449.74712969252164
2018-07-22 10:00:00,275.7233797508348,0.0,275.7233797508348
2018-07-22 11:00:00,301.99284932642,0.0,301.99284932642
2018-07-22 12:00:00,332.1422749805233,0.0,332.1422749805233
2018-07-22 13:00:00,344.9808199709886,0.0,344.9808199709886
2018-07-22 14:00:00,340.4462152631314,0.0,340.4462152631314
2018-07-22 15:00:00,348.684166468944,0.0,348.684166468944
2018-07-22 16:00:00,335.9341273419176,0.0,335.9341273419176
2018-07-22 17:00:00,282.8079575351842,0.0,282.8079575351842
2018-07-22 18:00:00,267.60514640222283,21.99999994215225,289.6051463443751
2018-07-22 19:00:00,225.2849458968102,65.99999987960878,291.28494577641897
2018-07-22 20:00:00,173.46679062913103,0.0,173.46679062913103
2018-07-22 21:00:00,133.83212778654035,55.001329935043074,188.8334577215834
2018-07-22 22:00:00,91.82507316825875,128.9986696194688,220.82374278772758
2018-07-22 23:00:00,60.52913371910442,0.0,60.52913371910442
2018-07-23 00:00:00,35.54393879972246,308.99999910474867,344.54393790447114
2018-07-23 01:00:00,20.056134011999525,0.0,20.056134011999525
2018-07-23 02:00:00,18.075906562211067,0.0,18.075906562211067
2018-07-23 03:00:00,26.954947368433913,775.9999972425534,802.9549446109872
2018-07-23 04:00:00,46.17104781049991,5022.160994435206,5068.332042245705
2018-07-23 05:00:00,75.29561274323271,18124.058955387252,18199.354568130486
2018-07-23 06:00:00,110.30601449429447,32454.094801647727,32564.40081614202
2018-07-23 07:00:00,151.61815860214284,21745.38811260763,21897.00627120978
2018-07-23 08:00:00,195.08508047123854,24297.775471039855,24492.860551511094
2018-07-23 09:00:00,238.41393761853521,24493.31282011937,24731.726757737903
2018-07-23 10:00:00,283.95319719512645,22436.31910960873,22720.272306803854
2018-07-23 11:00:00,305.9218623507698,33343.98499087501,33649.90685322578
2018-07-23 12:00:00,341.70549226202525,21397.205784160546,21738.911276422572
2018-07-23 13:00:00,353.96790118608163,36153.366859439535,36507.33476062562
2018-07-23 14:00:00,364.98700921625465,15206.331381944969,15571.318391161221
2018-07-23 15:00:00,360.83760636874547,36357.44528045925,36718.282886828
2018-07-23 16:00:00,318.3644032456079,1464.5546165714488,1782.919019817057
2018-07-23 17:00:00,294.3134869248911,2029.4999951134364,2323.8134820383266
2018-07-23 18:00:00,261.06001304551364,445.49999839895696,706.5600114444705
2018-07-23 19:00:00,222.27724578146825,0.0,222.27724578146825
2018-07-23 20:00:00,172.07620233585993,19757.999941191996,19930.07614352785
2018-07-23 21:00:00,137.51005097912838,38004.36180907143,38141.87186005055
2018-07-23 22:00:00,89.92064693513454,25747.638005484863,25837.558652419997
2018-07-23 23:00:00,61.41247748095918,179.99999958768296,241.41247706864215
2018-07-24 00:00:00,33.87723054897776,23254.99993190085,23288.87716244983
2018-07-24 01:00:00,20.460524249674698,296.9999989861108,317.4605232357855
2018-07-24 02:00:00,18.37421828647717,0.0,18.37421828647717
2018-07-24 03:00:00,25.955021864106932,11690.529760730196,11716.484782594303
2018-07-24 04:00:00,46.1706805334682,2986.6545472325906,3032.8252277660586
2018-07-24 05:00:00,74.96196496221091,14855.55148490279,14930.513449865
2018-07-24 06:00:00,108.14761232002502,20269.488505420843,20377.63611774087
2018-07-24 07:00:00,150.71037899646262,34201.68088856219,34352.39126755864
2018-07-24 08:00:00,197.33595687767658,34845.617505673574,35042.953462551246
2018-07-24 09:00:00,240.66865466055398,29441.115820268016,29681.784474928572
2018-07-24 10:00:00,289.37189417744014,19136.624373480467,19425.99626765791
2018-07-24 11:00:00,313.9887210381197,21574.736578466567,21888.725299504684
2018-07-24 12:00:00,340.8105073279222,19356.39782795142,19697.208335279345
2018-07-24 13:00:00,354.48477570352304,37092.89235288493,37447.37712858844
2018-07-24 14:00:00,355.3218162277409,19198.801213457857,19554.123029685597
2018-07-24 15:00:00,352.99640425905494,17450.908343377152,17803.90474763621
2018-07-24 16:00:00,320.6608324350683,24830.660308458533,25151.321140893597
2018-07-24 17:00:00,293.55756897850716,8214.544570494558,8508.102139473065
2018-07-24 18:00:00,268.7369998770319,2486.7950183016555,2755.5320181786874
2018-07-24 19:00:00,220.32483488801904,296.99999944698413,517.3248343350032
2018-07-24 20:00:00,183.34635661518882,26090.501674550043,26273.848031165235
2018-07-24 21:00:00,131.87691606353738,43658.328924274734,43790.205840338276
2018-07-24 22:00:00,91.33181734238619,35133.16911105996,35224.50092840234
2018-07-24 23:00:00,59.55496016565978,0.0,59.55496016565978
2018-07-25 00:00:00,35.676037675620854,31646.99991419739,31682.67595187301
2018-07-25 01:00:00,20.202730386543507,0.0,20.202730386543507
2018-07-25 02:00:00,18.180496517095953,881.9999971079538,900.1804936250498
2018-07-25 03:00:00,26.95032310697362,2424.9999931116986,2451.9503162186716
2018-07-25 04:00:00,47.08144785567765,3114.9999918350977,3162.0814396907754
2018-07-25 05:00:00,74.8088559995435,19247.26964320749,19322.078499207033
2018-07-25 06:00:00,110.97125949281843,27017.169493552323,27128.14075304514
2018-07-25 07:00:00,154.3137797925366,42231.274639822615,42385.588419615146
2018-07-25 08:00:00,201.32004865233347,38982.36026140209,39183.68031005443
2018-07-25 09:00:00,242.78827747779775,29292.775983984622,29535.56426146242
2018-07-25 10:00:00,273.10318755055096,20625.277427010962,20898.380614561513
2018-07-25 11:00:00,310.7290658380456,19540.845791053274,19851.57485689132
2018-07-25 12:00:00,327.4748729415577,16120.533814188268,16448.008687129823
2018-07-25 13:00:00,351.249399983068,13987.62694913659,14338.876349119655
2018-07-25 14:00:00,372.811319798706,25593.283550879685,25966.094870678393
2018-07-25 15:00:00,333.19065455919804,26655.18593890259,26988.376593461788
2018-07-25 16:00:00,329.0851567304584,1361.3957170905987,1690.4808738210572
2018-07-25 17:00:00,295.71546470934015,1946.999992948917,2242.715457658257
2018-07-25 18:00:00,273.0489728736508,98.99999951250344,372.0489723861543
2018-07-25 19:00:00,214.07192392540946,56.99999984481851,271.07192377022795
2018-07-25 20:00:00,173.8654931704031,33193.999914977576,33367.86540814798
2018-07-25 21:00:00,132.64182614703455,43629.339416091585,43761.98124223862
2018-07-25 22:00:00,93.40512583347625,29687.66037838101,29781.065504214486
2018-07-25 23:00:00,57.19091464031062,0.0,57.19091464031062
2018-07-26 00:00:00,34.526725983112456,25256.99992688096,25291.526652864068
2018-07-26 01:00:00,20.729515215500456,0.0,20.729515215500456
2018-07-26 02:00:00,18.11733126284525,3429.9999897805965,3448.1173210434417
2018-07-26 03:00:00,26.325535706232877,6984.999977202691,7011.325512908923
2018-07-26 04:00:00,45.61006875548124,3900.9665387807463,3946.5766075362276
2018-07-26 05:00:00,74.38680584379568,19330.033394276717,19404.420200120512
2018-07-26 06:00:00,114.6658702210222,32162.502399450794,32277.168269671816
2018-07-26 07:00:00,145.1438348542379,28914.35506093689,29059.498895791126
2018-07-26 08:00:00,199.9082442230681,31171.533239019103,31371.441483242175
2018-07-26 09:00:00,244.29219977346892,29121.775539255468,29366.067739028935
2018-07-26 10:00:00,280.50225879195784,43650.66988919956,43931.17214799153
2018-07-26 11:00:00,302.1177945224056,32554.44356443196,32856.561358954365
2018-07-26 12:00:00,347.3791274144545,23259.78805381054,23607.16718122499
2018-07-26 13:00:00,362.55621657501297,36332.45890708465,36695.01512365966
2018-07-26 14:00:00,351.1640948235886,32503.56351650332,32854.72761132691
2018-07-26 15:00:00,341.59629846117633,49637.40734916446,49979.00364762565
2018-07-26 16:00:00,336.20443919226796,1549.501515336466,1885.705954528734
2018-07-26 17:00:00,294.1650014220374,1580.999994316001,1875.1649957380382
2018-07-26 18:00:00,257.4683340548125,593.9999990353631,851.4683330901755
2018-07-26 19:00:00,215.73643429094943,629.9999978146853,845.7364321056348
2018-07-26 20:00:00,172.8719392783151,33103.999907181984,33276.8718464603
2018-07-26 21:00:00,130.2770877348214,39876.427651581536,40006.70473931636
2018-07-26 22:00:00,92.53157622314552,29689.572151658536,29782.103727881688
2018-07-26 23:00:00,61.583926296105616,0.0,61.583926296105616
2018-07-27 00:00:00,33.2603539843422,26878.99992636548,26912.260280349823
2018-07-27 01:00:00,20.884573627781577,0.0,20.884573627781577
2018-07-27 02:00:00,17.832176919548495,8721.99997631528,8739.832153234827
2018-07-27 03:00:00,26.871253275918868,873.9999971720163,900.8712504479352
2018-07-27 04:00:00,45.14386962499713,4267.95771765307,4313.101587278068
2018-07-27 05:00:00,74.93957460926188,15743.72335429072,15818.662928899983
2018-07-27 06:00:00,114.2365189802259,29514.454215499725,29628.690734479955
2018-07-27 07:00:00,151.75563903343317,21761.23320588674,21912.988844920175
2018-07-27 08:00:00,206.78458535878877,18124.390179194634,18331.174764553423
2018-07-27 09:00:00,249.0014307982495,54326.04812604289,54575.04955684114
2018-07-27 10:00:00,274.2457509181693,29118.647439592736,29392.89319051091
2018-07-27 11:00:00,310.2716941534022,17828.80810082638,18139.07979497978
2018-07-27 12:00:00,346.41829495856285,24907.50476169635,25253.92305665491
2018-07-27 13:00:00,353.00213248665307,12109.218399386591,12462.220531873245
2018-07-27 14:00:00,361.5843285573858,24390.107780635495,24751.69210919288
2018-07-27 15:00:00,337.8724541610699,38377.91411645396,38715.78657061503
2018-07-27 16:00:00,329.05589290331784,18218.567457676116,18547.623350579437
2018-07-27 17:00:00,293.61858073802557,961.4242759667158,1255.042856704741
2018-07-27 18:00:00,248.90838094522778,2771.9999929528894,3020.908373898117
2018-07-27 19:00:00,216.37545814184796,0.0,216.37545814184796
2018-07-27 20:00:00,177.13209935687559,23971.99993523294,24149.132034589813
2018-07-27 21:00:00,129.85374302157607,43803.05121386837,43932.90495688995
2018-07-27 22:00:00,90.750954470019,42546.9485416509,42637.69949612092
2018-07-27 23:00:00,59.64725608690753,0.0,59.64725608690753
2018-07-28 00:00:00,34.73458265087349,28063.99991983665,28098.734502487525
2018-07-28 01:00:00,21.180134636302796,0.0,21.180134636302796
2018-07-28 02:00:00,17.97940269801679,0.0,17.97940269801679
2018-07-28 03:00:00,26.452095702011352,0.0,26.452095702011352
2018-07-28 04:00:00,46.19496362443752,0.0,46.19496362443752
2018-07-28 05:00:00,77.20966541327286,0.0,77.20966541327286
2018-07-28 06:00:00,109.54014022057396,3177.999990611199,3287.5401308317732
2018-07-28 07:00:00,159.96628972344124,0.0,159.96628972344124
2018-07-28 08:00:00,197.34569536071893,2206.999993704891,2404.3456890656103
2018-07-28 09:00:00,250.01944151630587,900.9999975412705,1151.0194390575766
2018-07-28 10:00:00,291.67705000623437,0.0,291.67705000623437
2018-07-28 11:00:00,305.4440789082329,0.0,305.4440789082329
2018-07-28 12:00:00,333.5583459456145,0.0,333.5583459456145
2018-07-28 13:00:00,356.98013340781415,0.0,356.98013340781415
2018-07-28 14:00:00,363.15803461007533,0.0,363.15803461007533
2018-07-28 15:00:00,352.86911383893806,0.0,352.86911383893806
2018-07-28 16:00:00,331.7442656867869,0.0,331.7442656867869
2018-07-28 17:00:00,291.72682926347375,0.0,291.72682926347375
2018-07-28 18:00:00,256.8411764368585,0.0,256.8411764368585
2018-07-28 19:00:00,209.9077249692911,0.0,209.9077249692911
2018-07-28 20:00:00,183.86482057148436,0.0,183.86482057148436
2018-07-28 21:00:00,129.04602500280444,354.0434795150684,483.0895045178728
2018-07-28 22:00:00,96.26972803277044,725.956517524461,822.2262455572314
2018-07-28 23:00:00,60.15366107266419,0.0,60.15366107266419
2018-07-29 00:00:00,34.79055466359688,0.0,34.79055466359688
2018-07-29 01:00:00,20.13055709906748,0.0,20.13055709906748
2018-07-29 02:00:00,18.100014253612965,0.0,18.100014253612965
2018-07-29 03:00:00,26.21076073200681,0.0,26.21076073200681
2018-07-29 04:00:00,44.36652364656477,0.0,44.36652364656477
2018-07-29 05:00:00,74.6977942283519,0.0,74.6977942283519
2018-07-29 06:00:00,111.72394310618796,0.0,111.72394310618796
2018-07-29 07:00:00,155.19805357681025,156.7278340381419,311.9258876149522
2018-07-29 08:00:00,195.16939851514474,335.2721647791086,530.4415632942533
2018-07-29 09:00:00,242.73705065555038,830.3340433390754,1073.0710939946257
2018-07-29 10:00:00,276.9330052551714,903.6659532440052,1180.5989584991767
2018-07-29 11:00:00,322.22747717765947,368.9999989778601,691.2274761555195
2018-07-29 12:00:00,330.60280751919936,0.0,330.60280751919936
2018-07-29 13:00:00,349.7542924865123,0.0,349.7542924865123
2018-07-29 14:00:00,356.0230094544308,0.0,356.0230094544308
2018-07-29 15:00:00,344.20226432746426,0.0,344.20226432746426
2018-07-29 16:00:00,341.89373784724603,0.0,341.89373784724603
2018-07-29 17:00:00,295.11908593794607,0.0,295.11908593794607
2018-07-29 18:00:00,262.8544678820425,0.0,262.8544678820425
2018-07-29 19:00:00,227.77475314907446,0.0,227.77475314907446
2018-07-29 20:00:00,171.28398607639684,0.0,171.28398607639684
2018-07-29 21:00:00,132.29505936173604,410.0559679639945,542.3510273257306
2018-07-29 22:00:00,95.12391245839734,421.9440298888105,517.0679423472079
2018-07-29 23:00:00,59.23227837491926,0.0,59.23227837491926
2018-07-30 00:00:00,35.03607929043991,502.9999980824371,538.036077372877
2018-07-30 01:00:00,21.410690128652767,2939.9999917466994,2961.410681875352
2018-07-30 02:00:00,17.07349151860774,0.0,17.07349151860774
2018-07-30 03:00:00,26.937117993337214,1309.7755156612102,1336.7126336545473
2018-07-30 04:00:00,46.61829657263874,1493.2244771904789,1539.8427737631177
2018-07-30 05:00:00,73.81941327315135,11063.505135323621,11137.324548596773
2018-07-30 06:00:00,107.74118674456982,25431.55097797989,25539.29216472446
2018-07-30 07:00:00,155.95646642649314,53174.97885294937,53330.93531937586
2018-07-30 08:00:00,205.12315751653097,47022.73866392783,47227.861821444356
2018-07-30 09:00:00,239.58383950690563,39799.629536726985,40039.21337623389
2018-07-30 10:00:00,294.10837431919947,42118.07957026502,42412.18794458422
2018-07-30 11:00:00,324.14320633906186,43366.221557428755,43690.36476376781
2018-07-30 12:00:00,348.9842453577893,36578.776296669035,36927.76054202683
2018-07-30 13:00:00,367.4771648897526,20432.114571179787,20799.591736069546
2018-07-30 14:00:00,349.109352598027,13930.439178574525,14279.548531172553
2018-07-30 15:00:00,357.3646722649836,30823.892350811577,31181.25702307656
2018-07-30 16:00:00,327.99750275282895,17458.07224456351,17786.069747316338
2018-07-30 17:00:00,304.05382335241,4532.999986689957,4837.053810042367
2018-07-30 18:00:00,263.7991382713378,1088.999996782609,1352.7991350539469
2018-07-30 19:00:00,211.1674616495066,1335.9999958493813,1547.1674574988879
2018-07-30 20:00:00,171.78768739622214,21865.794920560704,22037.58260795693
2018-07-30 21:00:00,129.04597719756538,46701.69179999749,46830.737777195056
2018-07-30 22:00:00,91.31983849870375,42655.83643271176,42747.156271210464
2018-07-30 23:00:00,59.859417355830495,1081.6765322644542,1141.5359496202846
2018-07-31 00:00:00,34.87114079595739,23774.99993658366,23809.871077379616
2018-07-31 01:00:00,20.388867207154853,0.0,20.388867207154853
2018-07-31 02:00:00,18.150837232011526,1601.5418722056577,1619.6927094376692
2018-07-31 03:00:00,25.53902689196717,554.458122662586,579.9971495545533
2018-07-31 04:00:00,45.640924037500604,3662.3942621335214,3708.0351861710215
2018-07-31 05:00:00,73.55491710836944,12694.999864404392,12768.554781512761
2018-07-31 06:00:00,111.2324476037835,26023.666475267375,26134.89892287116
2018-07-31 07:00:00,152.28874826291357,27899.920215498947,28052.208963761863
2018-07-31 08:00:00,198.1074766624618,29498.388657670526,29696.496134332985
2018-07-31 09:00:00,245.89556317978838,25053.69920789347,25299.594771073258
2018-07-31 10:00:00,277.6716653608811,45132.58980367963,45410.2614690405
2018-07-31 11:00:00,312.20747611769025,31253.37597529228,31565.583451409973
2018-07-31 12:00:00,338.39319471212116,38756.90598489534,39095.299179607464
2018-07-31 13:00:00,359.7190532120906,17659.222104138396,18018.941157350488
2018-07-31 14:00:00,354.0594067313152,33295.67347294153,33649.732879672854
2018-07-31 15:00:00,340.4627536292727,32231.163076569024,32571.625830198296
2018-07-31 16:00:00,329.9729706397286,3665.9999895619894,3995.972960201718
2018-07-31 17:00:00,293.65779838351693,278.9999993622153,572.6577977457323
2018-07-31 18:00:00,261.505009996121,7095.404589952432,7356.909599948553
2018-07-31 19:00:00,219.87255186503455,3627.734250125899,3847.606801990934
2018-07-31 20:00:00,169.94180995507668,27389.861055772883,27559.802865727957
2018-07-31 21:00:00,129.81561388099414,57983.439986667036,58113.25560054803
2018-07-31 22:00:00,93.3096050053098,74236.55963836264,74329.86924336795
2018-07-31 23:00:00,60.720425707483784,98.99999954846214,159.72042525594594
2018-08-01 00:00:00,34.42672542333747,22369.999937380653,22404.42666280399
2018-08-01 01:00:00,20.422642221376755,0.0,20.422642221376755
2018-08-01 02:00:00,17.6961330060321,1273.9999965031957,1291.6961295092276
2018-08-01 03:00:00,27.683315637973006,488.99999858474814,516.6833142227212
2018-08-01 04:00:00,48.22051863577753,8157.356165369527,8205.576684005304
2018-08-01 05:00:00,76.5461503881013,18341.188942372326,18417.735092760428
2018-08-01 06:00:00,109.97608530768522,25779.7185236027,25889.694608910384
2018-08-01 07:00:00,153.05756353958895,41305.19906286578,41458.256626405375
2018-08-01 08:00:00,194.517669915517,51637.53263500596,51832.050304921475
2018-08-01 09:00:00,234.7957442199619,21708.00918789406,21942.80493211402
2018-08-01 10:00:00,269.74814513424957,31626.12967443929,31895.877819573536
2018-08-01 11:00:00,313.49102435945895,22272.130871876707,22585.621896236164
2018-08-01 12:00:00,326.02526889827175,29333.91069270885,29659.935961607116
2018-08-01 13:00:00,352.9942677677283,43662.68740708401,44015.681674851745
2018-08-01 14:00:00,357.3204360202737,19428.29229279847,19785.612728818745
2018-08-01 15:00:00,344.4873277297812,22610.997125416536,22955.484453146317
2018-08-01 16:00:00,320.9949560253641,6158.846451068477,6479.841407093841
2018-08-01 17:00:00,290.9883000945556,197.99999945141,488.98829954596556
2018-08-01 18:00:00,264.98597228874013,1347.0885499378057,1612.074522226546
2018-08-01 19:00:00,217.50286004454222,1820.911439692348,2038.41429973689
2018-08-01 20:00:00,168.44741730149497,26171.07440784682,26339.521825148317
2018-08-01 21:00:00,136.79420929691264,40872.827573935836,41009.621783232746
2018-08-01 22:00:00,95.57527936325108,24947.097754484967,25042.673033848216
2018-08-01 23:00:00,61.70140807776155,0.0,61.70140807776155
2018-08-02 00:00:00,35.64926110914908,1238.9999970962951,1274.6492582054443
2018-08-02 01:00:00,21.062143820957672,0.0,21.062143820957672
2018-08-02 02:00:00,17.757132777464413,3821.999988669725,3839.7571214471895
2018-08-02 03:00:00,26.00247756009705,290.99999966608965,317.00247722618667
2018-08-02 04:00:00,46.58292456590393,1656.9999954302552,1703.582919996159
2018-08-02 05:00:00,76.80010284549269,8274.430124148816,8351.230226994308
2018-08-02 06:00:00,109.16561403233467,17770.320957019234,17879.48657105157
2018-08-02 07:00:00,154.40333306990314,30960.634721880182,31115.038054950084
2018-08-02 08:00:00,191.59962626471435,27140.89159669372,27332.491222958433
2018-08-02 09:00:00,245.033978543967,27371.8453002497,27616.87927879367
2018-08-02 10:00:00,291.3791639681248,25713.67195974099,26005.051123709116
2018-08-02 11:00:00,327.5559174495095,13363.376057576384,13690.931975025895
2018-08-02 12:00:00,351.99163500420195,20935.19036216992,21287.18199717412
2018-08-02 13:00:00,344.5705407962263,14935.862689789385,15280.43323058561
2018-08-02 14:00:00,359.22986011831574,21100.64536020928,21459.875220327594
2018-08-02 15:00:00,342.142589932645,36675.6631652401,37017.80575517275
2018-08-02 16:00:00,321.2642054659467,5332.466997564253,5653.731203030199
2018-08-02 17:00:00,296.6059521261442,593.9999982760329,890.6059504021771
2018-08-02 18:00:00,260.3467696370876,0.0,260.3467696370876
2018-08-02 19:00:00,212.0408191594218,174.26774882600878,386.30856798543056
2018-08-02 20:00:00,176.67552752618252,25398.732177809663,25575.40770533585
2018-08-02 21:00:00,127.72754267318234,35486.001483914784,35613.72902658797
2018-08-02 22:00:00,92.08180942724849,23269.998346315067,23362.080155742315
2018-08-02 23:00:00,58.80561625704979,0.0,58.80561625704979
2018-08-03 00:00:00,33.96115670976792,24583.999929866306,24617.961086576077
2018-08-03 01:00:00,20.981083749674227,0.0,20.981083749674227
2018-08-03 02:00:00,18.63264287180525,4311.999989650579,4330.632632522384
2018-08-03 03:00:00,25.629907050903554,4882.999986007839,4908.629893058743
2018-08-03 04:00:00,47.188029789393894,1690.5224416459134,1737.7104714353075
2018-08-03 05:00:00,77.03446641518991,17053.330514429337,17130.36498084453
2018-08-03 06:00:00,117.30532189197109,22813.638287192836,22930.94360908481
2018-08-03 07:00:00,151.24162047982435,27258.68001432081,27409.921634800634
2018-08-03 08:00:00,193.32021363523748,30658.12546767274,30851.445681307978
2018-08-03 09:00:00,234.503553103432,30803.080950589152,31037.584503692582
2018-08-03 10:00:00,281.96559944820376,24265.324817574976,24547.290417023178
2018-08-03 11:00:00,315.0800872694698,13844.650738313387,14159.73082558286
2018-08-03 12:00:00,349.75028680051946,18580.05719511363,18929.807481914148
2018-08-03 13:00:00,358.192650169835,20453.55891146275,20811.751561632584
2018-08-03 14:00:00,367.49256319478263,23338.764635793843,23706.257198988624
2018-08-03 15:00:00,336.3630196508859,23610.82550276196,23947.18852241285
2018-08-03 16:00:00,329.6341639286369,6247.084836261922,6576.719000190558
2018-08-03 17:00:00,298.3724268883161,1101.3549552853824,1399.7273821736985
2018-08-03 18:00:00,262.5152671944144,0.0,262.5152671944144
2018-08-03 19:00:00,221.50086331929475,4355.999988881984,4577.5008522012795
2018-08-03 20:00:00,171.36673182075958,19992.99994544443,20164.36667726519
2018-08-03 21:00:00,130.35835517087494,40372.81752608378,40503.17588125466
2018-08-03 22:00:00,90.89936584900262,32349.18226917675,32440.08163502575
2018-08-03 23:00:00,61.83391822734949,0.0,61.83391822734949
2018-08-04 00:00:00,35.19958696563169,27368.999924054922,27404.19951102056
2018-08-04 01:00:00,21.1394708568192,0.0,21.1394708568192
2018-08-04 02:00:00,17.20964412870008,0.0,17.20964412870008
2018-08-04 03:00:00,26.039045790188133,0.0,26.039045790188133
2018-08-04 04:00:00,44.245524608096204,0.0,44.245524608096204
2018-08-04 05:00:00,74.73124396164474,0.0,74.73124396164474
2018-08-04 06:00:00,113.97850555041015,53.99999969570364,167.97850524611377
2018-08-04 07:00:00,160.1470004775918,0.0,160.1470004775918
2018-08-04 08:00:00,198.7331409573489,0.0,198.7331409573489
2018-08-04 09:00:00,240.4983754440234,155.99999962147004,396.4983750654934
2018-08-04 10:00:00,290.2365738785563,0.0,290.2365738785563
2018-08-04 11:00:00,307.87703484667253,737.9999973708118,1045.8770322174844
2018-08-04 12:00:00,342.38169982048885,0.0,342.38169982048885
2018-08-04 13:00:00,359.15170435133984,0.0,359.15170435133984
2018-08-04 14:00:00,359.4305261235364,0.0,359.4305261235364
2018-08-04 15:00:00,339.938856130133,0.0,339.938856130133
2018-08-04 16:00:00,324.58948249358616,0.0,324.58948249358616
2018-08-04 17:00:00,297.06466791583637,0.0,297.06466791583637
2018-08-04 18:00:00,259.69991319815387,0.0,259.69991319815387
2018-08-04 19:00:00,208.12018103911703,0.0,208.12018103911703
2018-08-04 20:00:00,170.20777566861523,0.0,170.20777566861523
2018-08-04 21:00:00,126.54526599841586,263.6457361191338,390.19100211754966
2018-08-04 22:00:00,92.07789282392316,503.3542619463924,595.4321547703156
2018-08-04 23:00:00,58.35895972711208,0.0,58.35895972711208
2018-08-05 00:00:00,34.347454559762426,0.0,34.347454559762426
2018-08-05 01:00:00,20.37764077531571,0.0,20.37764077531571
2018-08-05 02:00:00,17.41332049515924,0.0,17.41332049515924
2018-08-05 03:00:00,27.189547503653323,0.0,27.189547503653323
2018-08-05 04:00:00,44.073292539110646,0.0,44.073292539110646
2018-08-05 05:00:00,75.93561576457034,98.99999953748085,174.93561530205116
2018-08-05 06:00:00,117.82768554261341,0.0,117.82768554261341
2018-08-05 07:00:00,148.66053139771185,0.0,148.66053139771185
2018-08-05 08:00:00,207.84693286482434,0.0,207.84693286482434
2018-08-05 09:00:00,235.92116048705935,0.0,235.92116048705935
2018-08-05 10:00:00,273.7024710878889,0.0,273.7024710878889
2018-08-05 11:00:00,320.1872445818428,0.0,320.1872445818428
2018-08-05 12:00:00,346.36462488834064,97.99999980690755,444.3646246952482
2018-08-05 13:00:00,339.9879247732984,0.0,339.9879247732984
2018-08-05 14:00:00,372.82732381744734,0.0,372.82732381744734
2018-08-05 15:00:00,334.43395048699205,0.0,334.43395048699205
2018-08-05 16:00:00,316.818665109235,0.0,316.818665109235
2018-08-05 17:00:00,310.3344398124443,0.0,310.3344398124443
2018-08-05 18:00:00,263.9558780788927,0.0,263.9558780788927
2018-08-05 19:00:00,221.20539805079056,0.0,221.20539805079056
2018-08-05 20:00:00,172.8638607592958,0.0,172.8638607592958
2018-08-05 21:00:00,131.17926565379557,103.53966175008,234.71892740387557
2018-08-05 22:00:00,89.43172359664914,308.46033746281745,397.8920610594666
2018-08-05 23:00:00,60.63817424147277,0.0,60.63817424147277
2018-08-06 00:00:00,34.53015712820128,0.0,34.53015712820128
2018-08-06 01:00:00,21.209091039121134,59.747695569354505,80.95678660847564
2018-08-06 02:00:00,18.00426292817814,1410.2523002531652,1428.2565631813434
2018-08-06 03:00:00,26.63229700575257,0.0,26.63229700575257
2018-08-06 04:00:00,44.98209264908,77.99999981621984,122.98209246529984
2018-08-06 05:00:00,73.34830671717506,15050.149851114918,15123.498157832095
2018-08-06 06:00:00,109.02558766076456,17325.566071592628,17434.591659253394
2018-08-06 07:00:00,154.65433039414327,30538.08570838631,30692.740038780452
2018-08-06 08:00:00,195.99516772787285,19178.739044699272,19374.734212427145
2018-08-06 09:00:00,244.50911770671314,37044.33020087638,37288.839318583094
2018-08-06 10:00:00,279.53683889347485,29013.065401809017,29292.60224070249
2018-08-06 11:00:00,316.9044640355041,18274.442423409182,18591.346887444688
2018-08-06 12:00:00,332.6119073533208,46253.73510354932,46586.34701090264
2018-08-06 13:00:00,337.04374738649193,52706.372167110225,53043.41591449671
2018-08-06 14:00:00,364.5434945731025,20247.967724835886,20612.511219408992
2018-08-06 15:00:00,352.0220793963159,40969.5453862649,41321.56746566122
2018-08-06 16:00:00,333.15006617348985,5537.999985106278,5871.1500512797675
2018-08-06 17:00:00,311.1587703170148,4843.74784118434,5154.906611501356
2018-08-06 18:00:00,253.61153806761902,403.25214518728006,656.8636832548991
2018-08-06 19:00:00,211.27254946698878,1.9999999910908195,213.2725494580796
2018-08-06 20:00:00,180.85927411512654,22836.999936149867,23017.859210264996
2018-08-06 21:00:00,134.685169831008,33258.67044523492,33393.355615065935
2018-08-06 22:00:00,90.67691325643582,19947.329408230296,20038.006321486733
2018-08-06 23:00:00,56.774292437525986,0.0,56.774292437525986
2018-08-07 00:00:00,35.133453040534604,21078.999939347752,21114.133392388285
2018-08-07 01:00:00,20.86949108851669,0.0,20.86949108851669
2018-08-07 02:00:00,18.081449406951936,1273.9999964903902,1292.0814458973423
2018-08-07 03:00:00,26.828838573925438,0.0,26.828838573925438
2018-08-07 04:00:00,44.26910772479482,0.0,44.26910772479482
2018-08-07 05:00:00,75.06231869316622,16812.455647880503,16887.51796657367
2018-08-07 06:00:00,110.11385286002245,44765.97965814572,44876.09351100574
2018-08-07 07:00:00,153.66629740209984,26571.91001544115,26725.576312843255
2018-08-07 08:00:00,202.0587399851334,24707.407225502724,24909.46596548786
2018-08-07 09:00:00,251.21041619813982,23089.52921392092,23340.73963011906
2018-08-07 10:00:00,287.12684444401395,28352.52506737371,28639.651911817724
2018-08-07 11:00:00,314.0638723345885,25457.022489297862,25771.08636163245
2018-08-07 12:00:00,339.9316849531602,27672.544732687937,28012.47641764109
2018-08-07 13:00:00,363.78091015052837,26700.59175398563,27064.372664136157
2018-08-07 14:00:00,371.89042815032906,31935.079507402435,32306.969935552766
2018-08-07 15:00:00,337.8131940033365,39039.55649440737,39377.369688410705
2018-08-07 16:00:00,315.39053620896794,3385.397298728979,3700.787834937947
2018-08-07 17:00:00,291.7846992811683,395.9999989019268,687.7846981830951
2018-08-07 18:00:00,271.62669015548704,1583.9999966423566,1855.6266867978434
2018-08-07 19:00:00,220.357809877997,51.99999974425962,272.35780962225664
2018-08-07 20:00:00,175.60165750709524,26246.999925482745,26422.601582989842
2018-08-07 21:00:00,135.31135249175003,48650.47233561873,48785.783688110474
2018-08-07 22:00:00,90.38270585207522,44731.527404419074,44821.91011027115
2018-08-07 23:00:00,60.22012569929654,0.0,60.22012569929654
2018-08-08 00:00:00,35.52638148488848,19990.99994110487,20026.52632258976
2018-08-08 01:00:00,21.154890493910003,0.0,21.154890493910003
2018-08-08 02:00:00,17.172931623913378,1566.4763568578983,1583.6492884818117
2018-08-08 03:00:00,27.18333356245998,1.5236388376329952,28.706972400092972
2018-08-08 04:00:00,47.58917578121424,463.8248077800345,511.41398356124876
2018-08-08 05:00:00,73.7732704989265,4806.844056745642,4880.6173272445685
2018-08-08 06:00:00,112.61242673994752,27351.628402094884,27464.240828834827
2018-08-08 07:00:00,155.54484949181494,33384.294266974364,33539.83911646619
2018-08-08 08:00:00,195.4300264628456,40904.1561588977,41099.58618536054
2018-08-08 09:00:00,237.59516252227343,29972.366044415056,30209.961206937332
2018-08-08 10:00:00,281.36973536926087,14486.373875411064,14767.743610780326
2018-08-08 11:00:00,325.630856562586,14363.391778994705,14689.022635557292
2018-08-08 12:00:00,350.8079209942073,17351.829188417665,17702.63710941187
2018-08-08 13:00:00,343.572726425567,31640.07084829422,31983.64357471979
2018-08-08 14:00:00,370.469384684754,14510.295084029502,14880.764468714257
2018-08-08 15:00:00,333.8511208541564,24229.967921311523,24563.81904216568
2018-08-08 16:00:00,325.9202174986084,5081.956830510753,5407.877048009362
2018-08-08 17:00:00,302.8769281139661,4496.999988050914,4799.876916164881
2018-08-08 18:00:00,264.04482335000796,597.9999975770792,862.0448209270871
2018-08-08 19:00:00,222.44353192106564,4357.999987076781,4580.443518997847
2018-08-08 20:00:00,179.46689747264918,16878.99995144847,17058.466848921118
2018-08-08 21:00:00,127.81765820256038,43715.50297247498,43843.32063067754
2018-08-08 22:00:00,94.24648618023687,25523.49683473276,25617.743320912992
2018-08-08 23:00:00,59.16974792519369,0.0,59.16974792519369
2018-08-09 00:00:00,35.65807339372856,22583.99993622913,22619.658009622864
2018-08-09 01:00:00,20.659856845043358,0.0,20.659856845043358
2018-08-09 02:00:00,18.031467915581857,2448.999994088584,2467.0314620041654
2018-08-09 03:00:00,26.475090684860938,1777.9010210339352,1804.376111718796
2018-08-09 04:00:00,45.83017118536205,7544.57329634736,7590.403467532723
2018-08-09 05:00:00,71.86547059567138,22876.20972653323,22948.0751971289
2018-08-09 06:00:00,109.59194907792315,24600.506002873568,24710.097951951495
2018-08-09 07:00:00,156.04694781991876,26497.999429718744,26654.04637753866
2018-08-09 08:00:00,200.83429529613906,19552.107717321745,19752.94201261789
2018-08-09 09:00:00,239.9354244577333,31116.043658629027,31355.97908308676
2018-08-09 10:00:00,277.3014251235714,43100.4733502933,43377.77477541687
2018-08-09 11:00:00,311.2715538834359,34758.98907171646,35070.26062559989
2018-08-09 12:00:00,351.76070870926935,23421.863580379875,23773.62428908914
2018-08-09 13:00:00,352.0425029854945,11997.690182226455,12349.73268521195
2018-08-09 14:00:00,360.1049693311767,20753.019588865238,21113.12455819641
2018-08-09 15:00:00,361.16124723412406,27200.62252734803,27561.783774582156
2018-08-09 16:00:00,324.8822322772488,4999.07062351383,5323.952855791079
2018-08-09 17:00:00,295.404739507338,3582.9293517666383,3878.3340912739764
2018-08-09 18:00:00,263.6395199651594,98.9999999200759,362.6395198852353
2018-08-09 19:00:00,226.20599066878498,98.9999997631698,325.2059904319548
2018-08-09 20:00:00,176.75689106410448,20190.999940762165,20367.756831826267
2018-08-09 21:00:00,126.35712380928314,33948.82067733016,34075.17780113944
2018-08-09 22:00:00,94.59509362696355,25295.17915471849,25389.774248345457
2018-08-09 23:00:00,59.03005334942968,195.9999998022279,255.03005315165757
2018-08-10 00:00:00,34.468829122581646,20739.99994179464,20774.468770917218
2018-08-10 01:00:00,20.64065163230208,0.0,20.64065163230208
2018-08-10 02:00:00,17.47076426340599,8329.999977019694,8347.4707412831
2018-08-10 03:00:00,25.99328469540039,94.27166898630333,120.26495368170372
2018-08-10 04:00:00,44.25504046644209,6687.728314119154,6731.983354585595
2018-08-10 05:00:00,72.64027223724956,10798.545013374132,10871.185285611382
2018-08-10 06:00:00,111.51047421050217,35975.45444707491,36086.964921285406
2018-08-10 07:00:00,154.90998716505322,24534.56381126775,24689.473798432802
2018-08-10 08:00:00,198.77978415284426,21079.881490993655,21278.6612751465
2018-08-10 09:00:00,241.1181561363904,28930.53004708577,29171.648203222165
2018-08-10 10:00:00,279.29081052521985,28971.13827444452,29250.429084969743
2018-08-10 11:00:00,312.9040286447324,13405.40746077053,13718.311489415264
2018-08-10 12:00:00,332.9809377754816,18738.99401061961,19071.97494839509
2018-08-10 13:00:00,367.9938656485617,16127.083237628704,16495.077103277265
2018-08-10 14:00:00,362.74209590164946,50825.43796133389,51188.18005723554
2018-08-10 15:00:00,353.65695522045235,19527.884799448504,19881.541754668957
2018-08-10 16:00:00,338.98516178400484,1960.078679825576,2299.063841609581
2018-08-10 17:00:00,288.33289644459205,19.99999994270105,308.3328963872931
2018-08-10 18:00:00,263.9389898394737,1063.9999970384586,1327.9389868779324
2018-08-10 19:00:00,218.2594598676643,395.99999871123583,614.2594585789002
2018-08-10 20:00:00,172.8868783814729,16179.999950525531,16352.886828907005
2018-08-10 21:00:00,128.53718065004207,12534.763688577492,12663.300869227534
2018-08-10 22:00:00,90.5400444269111,31935.89676851112,32026.43681293804
2018-08-10 23:00:00,61.85870647158646,11640.33938949555,11702.198095967136
2018-08-11 00:00:00,33.87698285135271,23103.59930124213,23137.47628409348
2018-08-11 01:00:00,20.222237630423166,66.40063270393922,86.6228703343624
2018-08-11 02:00:00,17.12130110202314,0.0,17.12130110202314
2018-08-11 03:00:00,27.40688922339436,0.0,27.40688922339436
2018-08-11 04:00:00,45.99885318156458,179.9999994819049,225.99885266346945
2018-08-11 05:00:00,75.36572552235539,195.999999296648,271.3657248190034
2018-08-11 06:00:00,109.4885358017122,293.9999990722532,403.4885348739655
2018-08-11 07:00:00,150.6643446027781,81.99999959474351,232.66434419752164
2018-08-11 08:00:00,198.4196734356081,0.0,198.4196734356081
2018-08-11 09:00:00,237.18304898600582,368.99999905951466,606.1830480455205
2018-08-11 10:00:00,287.1022840374977,0.0,287.1022840374977
2018-08-11 11:00:00,327.8567682479781,0.0,327.8567682479781
2018-08-11 12:00:00,342.61654260984363,0.0,342.61654260984363
2018-08-11 13:00:00,356.21075024313984,0.0,356.21075024313984
2018-08-11 14:00:00,350.7932259668789,0.0,350.7932259668789
2018-08-11 15:00:00,355.54456474144484,0.0,355.54456474144484
2018-08-11 16:00:00,324.44569554734227,0.0,324.44569554734227
2018-08-11 17:00:00,297.67906214492166,0.0,297.67906214492166
2018-08-11 18:00:00,263.0424303300751,0.0,263.0424303300751
2018-08-11 19:00:00,220.41089552271887,0.0,220.41089552271887
2018-08-11 20:00:00,172.0250671835742,0.0,172.0250671835742
2018-08-11 21:00:00,137.5867068464848,397.1129030277375,534.6996098742222
2018-08-11 22:00:00,91.36939916929266,790.8870939981423,882.256493167435
2018-08-11 23:00:00,60.93003451919152,0.0,60.93003451919152
2018-08-12 00:00:00,36.23017748825023,0.0,36.23017748825023
2018-08-12 01:00:00,21.311697322120622,0.0,21.311697322120622
2018-08-12 02:00:00,17.921070447629504,0.0,17.921070447629504
2018-08-12 03:00:00,25.07357427442932,0.0,25.07357427442932
2018-08-12 04:00:00,43.62769081530379,0.0,43.62769081530379
2018-08-12 05:00:00,74.22748817589078,0.0,74.22748817589078
2018-08-12 06:00:00,108.17004456644244,0.0,108.17004456644244
2018-08-12 07:00:00,150.9987447411541,0.0,150.9987447411541
2018-08-12 08:00:00,199.50516699517053,0.0,199.50516699517053
2018-08-12 09:00:00,238.2348546136684,0.0,238.2348546136684
2018-08-12 10:00:00,289.0570944343795,0.0,289.0570944343795
2018-08-12 11:00:00,330.3066517485209,0.0,330.3066517485209
2018-08-12 12:00:00,334.08877134429224,0.0,334.08877134429224
2018-08-12 13:00:00,353.21659628551083,0.0,353.21659628551083
2018-08-12 14:00:00,357.29891837220737,0.0,357.29891837220737
2018-08-12 15:00:00,355.7924785726817,0.0,355.7924785726817
2018-08-12 16:00:00,309.9889817779273,0.0,309.9889817779273
2018-08-12 17:00:00,308.97589308457293,0.0,308.97589308457293
2018-08-12 18:00:00,261.0096107057217,0.0,261.0096107057217
2018-08-12 19:00:00,213.20119256507905,0.0,213.20119256507905
2018-08-12 20:00:00,174.4295919027996,0.0,174.4295919027996
2018-08-12 21:00:00,135.5230973193747,459.71021439283845,595.2333117122132
2018-08-12 22:00:00,93.06834669148061,5248.289768807162,5341.358115498642
2018-08-12 23:00:00,59.987357082669924,0.0,59.987357082669924
2018-08-13 00:00:00,35.66770701519582,1454.9999968544323,1490.6677038696282
2018-08-13 01:00:00,21.045787849845595,0.0,21.045787849845595
2018-08-13 02:00:00,17.32795808618291,0.0,17.32795808618291
2018-08-13 03:00:00,26.43059992729072,0.0,26.43059992729072
2018-08-13 04:00:00,45.97531173768358,2841.9999913986653,2887.975303136349
2018-08-13 05:00:00,74.05350527211124,7018.777698019996,7092.831203292108
2018-08-13 06:00:00,115.20382251328533,22040.309234856366,22155.51305736965
2018-08-13 07:00:00,155.95916554092082,31375.647885301292,31531.607050842213
2018-08-13 08:00:00,188.90913725914956,21218.62796315614,21407.53710041529
2018-08-13 09:00:00,241.63659212643097,21992.74395368081,22234.38054580724
2018-08-13 10:00:00,272.8135402201788,27059.90499914688,27332.71853936706
2018-08-13 11:00:00,308.99616794029606,30279.72549100261,30588.721658942908
2018-08-13 12:00:00,356.36194054128265,17593.36790747207,17949.729848013354
2018-08-13 13:00:00,351.69476056003543,16865.25032861381,17216.945089173845
2018-08-13 14:00:00,357.50012111707144,13376.914144559403,13734.414265676474
2018-08-13 15:00:00,349.8029533801747,25500.994806174174,25850.797759554345
2018-08-13 16:00:00,310.36459718395076,1633.7349281401775,1944.0995253241285
2018-08-13 17:00:00,308.5711123122618,491.99999861708585,800.5711109293476
2018-08-13 18:00:00,267.61548147080146,0.0,267.61548147080146
2018-08-13 19:00:00,216.70368700476536,0.0,216.70368700476536
2018-08-13 20:00:00,178.52611891081136,16893.999953481794,17072.526072392604
2018-08-13 21:00:00,133.87450542480022,33173.78924618785,33307.66375161265
2018-08-13 22:00:00,90.94514153678446,30812.21057152388,30903.15571306066
2018-08-13 23:00:00,57.86133676723513,0.0,57.86133676723513
2018-08-14 00:00:00,35.1833266064383,6714.999983303597,6750.183309910035
2018-08-14 01:00:00,19.638194508305723,0.0,19.638194508305723
2018-08-14 02:00:00,18.041945546888442,2449.999992769111,2468.0419383159992
2018-08-14 03:00:00,26.66343868370165,293.999999316644,320.66343800034565
2018-08-14 04:00:00,43.3736482745694,0.0,43.3736482745694
2018-08-14 05:00:00,73.53331263307307,12635.468375643482,12709.001688276556
2018-08-14 06:00:00,108.33602215415821,24857.31437434197,24965.65039649613
2018-08-14 07:00:00,154.14997917361416,24470.799444979482,24624.9494241531
2018-08-14 08:00:00,202.3940747559471,49830.23328094867,50032.62735570461
2018-08-14 09:00:00,233.22069561276606,29933.161064063755,30166.381759676526
2018-08-14 10:00:00,278.40980781460394,27438.039505291246,27716.449313105848
2018-08-14 11:00:00,327.72378115286233,30695.338107904798,31023.06188905766
2018-08-14 12:00:00,342.7042000888491,10600.193353407934,10942.897553496783
2018-08-14 13:00:00,336.95448963219366,28113.267323870583,28450.221813502776
2018-08-14 14:00:00,353.74490929815295,21392.033207851564,21745.77811714972
2018-08-14 15:00:00,354.4716839788583,36543.25953775123,36897.73122173009
2018-08-14 16:00:00,342.2575660669199,9060.891573518835,9403.149139585756
2018-08-14 17:00:00,296.83387008951684,4872.999986134206,5169.833856223722
2018-08-14 18:00:00,270.11774414458625,791.9999982640416,1062.1177424086277
2018-08-14 19:00:00,219.30384831844972,0.0,219.30384831844972
2018-08-14 20:00:00,170.79759757386017,30479.603506375657,30650.401103949516
2018-08-14 21:00:00,130.2842216728568,34066.50906140855,34196.79328308141
2018-08-14 22:00:00,91.56938131121427,36668.88714283809,36760.456524149304
2018-08-14 23:00:00,59.83125399689318,0.0,59.83125399689318
2018-08-15 00:00:00,34.91199887625377,20612.99994620625,20647.91194508251
2018-08-15 01:00:00,19.80934011256425,0.0,19.80934011256425
2018-08-15 02:00:00,17.296011437455483,783.99999836167,801.2960097991255
2018-08-15 03:00:00,25.721925084923146,390.9999986819171,416.72192376684023
2018-08-15 04:00:00,47.02891608628737,0.0,47.02891608628737
2018-08-15 05:00:00,72.41233224495137,11367.272214040175,11439.684546285127
2018-08-15 06:00:00,110.84182368037452,24610.560623838646,24721.402447519024
2018-08-15 07:00:00,162.43012862229452,50607.10808590071,50769.53821452301
2018-08-15 08:00:00,202.98248362193857,18814.1559032075,19017.138386829436
2018-08-15 09:00:00,249.50201580228298,35288.2959578523,35537.79797365458
2018-08-15 10:00:00,281.63810708649703,22693.389758754543,22975.02786584104
2018-08-15 11:00:00,319.0090485182608,20759.932981410493,21078.942029928752
2018-08-15 12:00:00,331.93040228174345,28734.211644501236,29066.14204678298
2018-08-15 13:00:00,372.04297310801854,18666.721302686547,19038.764275794565
2018-08-15 14:00:00,342.9223599136423,11290.350854049357,11633.273213962999
2018-08-15 15:00:00,334.0309217595354,9918.99997307596,10253.030894835494
2018-08-15 16:00:00,335.0733921083364,2672.999992652376,3008.0733847607125
2018-08-15 17:00:00,304.0086921156643,391.999999351602,696.0086914672663
2018-08-15 18:00:00,264.0549032685685,0.0,264.0549032685685
2018-08-15 19:00:00,219.97072727751396,58.99999994022432,278.9707272177383
2018-08-15 20:00:00,167.98640625890897,0.0,167.98640625890897
2018-08-15 21:00:00,134.70995152437862,27266.34431724772,27401.054268772095
2018-08-15 22:00:00,95.24769154657375,24252.655537804963,24347.903229351537
2018-08-15 23:00:00,59.777990737351416,0.0,59.777990737351416
2018-08-16 00:00:00,34.83760636637122,19753.99994610724,19788.837552473608
2018-08-16 01:00:00,20.802888700324456,0.0,20.802888700324456
2018-08-16 02:00:00,17.750687952408356,2351.999993281649,2369.7506812340575
2018-08-16 03:00:00,25.757218321365443,195.99999950616515,221.7572178275306
2018-08-16 04:00:00,44.211396717016704,0.0,44.211396717016704
2018-08-16 05:00:00,79.27237485659822,7491.910230623587,7571.182605480185
2018-08-16 06:00:00,113.03928856688397,17114.893157142666,17227.93244570955
2018-08-16 07:00:00,158.84316142405453,30152.81586978961,30311.659031213658
2018-08-16 08:00:00,196.2273839009644,39264.55927428727,39460.78665818823
2018-08-16 09:00:00,239.8230166259197,28501.82569448416,28741.64871111008
2018-08-16 10:00:00,285.7054646928831,25512.372922591057,25798.07838728394
2018-08-16 11:00:00,314.7077578362729,34476.74662918944,34791.45438702571
2018-08-16 12:00:00,341.60806263150414,35024.11923779397,35365.72730042548
2018-08-16 13:00:00,347.96158779142434,39930.78150348559,40278.74309127701
2018-08-16 14:00:00,349.06029816476837,17650.226849603445,17999.287147768213
2018-08-16 15:00:00,338.30576632560417,33967.743636242456,34306.04940256807
2018-08-16 16:00:00,339.03834888078205,15933.004080307674,16272.042429188454
2018-08-16 17:00:00,292.38013943124383,0.0,292.38013943124383
2018-08-16 18:00:00,266.5211087036282,0.0,266.5211087036282
2018-08-16 19:00:00,225.7522973087918,3763.9999888274606,3989.752286136252
2018-08-16 20:00:00,177.46926604171227,18662.99994453815,18840.469210579868
2018-08-16 21:00:00,130.5012498233919,34038.64112572156,34169.14237554496
2018-08-16 22:00:00,92.34983929348365,26846.358700385787,26938.70853967927
2018-08-16 23:00:00,59.415067549919364,0.0,59.415067549919364
2018-08-17 00:00:00,33.75116033957997,28960.999914100183,28994.75107443976
2018-08-17 01:00:00,20.648336400218575,0.0,20.648336400218575
2018-08-17 02:00:00,18.339827609101075,7251.999976038928,7270.3398036480285
2018-08-17 03:00:00,25.723560958542706,0.0,25.723560958542706
2018-08-17 04:00:00,45.144309334508975,409.9999983570327,455.1443076915416
2018-08-17 05:00:00,76.57882320360015,9589.99997288989,9666.578796093489
2018-08-17 06:00:00,112.7033874211263,23519.583900829086,23632.287288250216
2018-08-17 07:00:00,151.60300994691224,30728.85317339255,30880.456183339462
2018-08-17 08:00:00,195.94409804828763,18898.685273537612,19094.629371585903
2018-08-17 09:00:00,233.1046393603247,33633.09866352361,33866.203302883936
2018-08-17 10:00:00,278.3350928381059,17345.320596091515,17623.655688929623
2018-08-17 11:00:00,320.94640138823695,19219.838143690267,19540.784545078506
2018-08-17 12:00:00,328.1956110951587,22281.886411898573,22610.08202299373
2018-08-17 13:00:00,364.1788665361055,12934.040807310173,13298.219673846279
2018-08-17 14:00:00,367.25381621555505,30835.640777057775,31202.894593273333
2018-08-17 15:00:00,355.36863699923765,39293.44515227484,39648.81378927408
2018-08-17 16:00:00,328.6940239115381,4954.606380268515,5283.300404180053
2018-08-17 17:00:00,287.4799461477595,296.99999912727094,584.4799452750304
2018-08-17 18:00:00,266.3333839699711,494.9999987199126,761.3333826898837
2018-08-17 19:00:00,221.6758992620089,494.9999992563903,716.6758985183991
2018-08-17 20:00:00,175.33292317997825,15036.999956657031,15212.332879837008
2018-08-17 21:00:00,132.44922146543237,35686.88791795744,35819.33713942288
2018-08-17 22:00:00,91.98653000369191,37757.11186994682,37849.09839995051
2018-08-17 23:00:00,61.17146172605201,0.0,61.17146172605201
2018-08-18 00:00:00,35.31772799805792,20975.99994220603,21011.317670204095
2018-08-18 01:00:00,20.56253310358706,0.0,20.56253310358706
2018-08-18 02:00:00,18.58593937990458,0.0,18.58593937990458
2018-08-18 03:00:00,25.135411945938408,0.0,25.135411945938408
2018-08-18 04:00:00,46.54975350700532,0.0,46.54975350700532
2018-08-18 05:00:00,71.10187591033815,0.0,71.10187591033815
2018-08-18 06:00:00,115.72737841395195,0.0,115.72737841395195
2018-08-18 07:00:00,160.91958565571758,0.0,160.91958565571758
2018-08-18 08:00:00,201.34727651845827,0.0,201.34727651845827
2018-08-18 09:00:00,241.31952221882966,0.0,241.31952221882966
2018-08-18 10:00:00,291.97304874055556,0.0,291.97304874055556
2018-08-18 11:00:00,313.4841044782979,0.0,313.4841044782979
2018-08-18 12:00:00,333.66570121427753,0.0,333.66570121427753
2018-08-18 13:00:00,340.83679865656603,0.0,340.83679865656603
2018-08-18 14:00:00,346.91859722677145,0.0,346.91859722677145
2018-08-18 15:00:00,348.7807984579939,0.0,348.7807984579939
2018-08-18 16:00:00,317.8648037583067,0.0,317.8648037583067
2018-08-18 17:00:00,295.51498914518436,0.0,295.51498914518436
2018-08-18 18:00:00,263.3935639019578,0.0,263.3935639019578
2018-08-18 19:00:00,223.34417038306515,0.0,223.34417038306515
2018-08-18 20:00:00,178.55524164573643,0.0,178.55524164573643
2018-08-18 21:00:00,134.05674763086512,276.7246394346042,410.78138706546935
2018-08-18 22:00:00,96.05344923067598,575.2753579124773,671.3288071431532
2018-08-18 23:00:00,58.92552895203032,0.0,58.92552895203032
2018-08-19 00:00:00,34.401534203774204,0.0,34.401534203774204
2018-08-19 01:00:00,21.632939323875274,0.0,21.632939323875274
2018-08-19 02:00:00,17.808753206320784,0.0,17.808753206320784
2018-08-19 03:00:00,26.516026552827256,0.0,26.516026552827256
2018-08-19 04:00:00,47.3255992902226,0.0,47.3255992902226
2018-08-19 05:00:00,73.28383214207088,0.0,73.28383214207088
2018-08-19 06:00:00,108.98764323267005,0.0,108.98764323267005
2018-08-19 07:00:00,149.15475234326482,0.0,149.15475234326482
2018-08-19 08:00:00,197.92002105301754,0.0,197.92002105301754
2018-08-19 09:00:00,251.86802429346025,0.0,251.86802429346025
2018-08-19 10:00:00,288.2902031848038,0.0,288.2902031848038
2018-08-19 11:00:00,301.90858731709045,0.0,301.90858731709045
2018-08-19 12:00:00,349.6901325569422,0.0,349.6901325569422
2018-08-19 13:00:00,363.215618775532,0.0,363.215618775532
2018-08-19 14:00:00,372.0035404395925,0.0,372.0035404395925
2018-08-19 15:00:00,360.38024833031704,0.0,360.38024833031704
2018-08-19 16:00:00,334.180682369545,0.0,334.180682369545
2018-08-19 17:00:00,311.27442371505197,0.0,311.27442371505197
2018-08-19 18:00:00,273.17599368999373,0.0,273.17599368999373
2018-08-19 19:00:00,213.79646841500193,8576.999974114291,8790.796442529292
2018-08-19 20:00:00,177.52427964071,6740.4253046940685,6917.949584334778
2018-08-19 21:00:00,132.2710964002776,250.8855948434415,383.1566912437191
2018-08-19 22:00:00,92.06040856870149,376.6890792531328,468.7494878218343
2018-08-19 23:00:00,56.79842385991963,0.0,56.79842385991963
2018-08-20 00:00:00,34.74240228161567,3227.999992483964,3262.74239476558
2018-08-20 01:00:00,20.172276669642958,3037.9999921233675,3058.1722687930105
2018-08-20 02:00:00,17.980199446163954,881.999998034691,899.9801974808549
2018-08-20 03:00:00,26.686107141740884,0.0,26.686107141740884
2018-08-20 04:00:00,44.105241583808755,0.0,44.105241583808755
2018-08-20 05:00:00,76.27171825667043,11163.344863541337,11239.616581798007
2018-08-20 06:00:00,117.36364476297129,35640.65500214856,35758.018646911536
2018-08-20 07:00:00,147.80989572513948,32015.896439317414,32163.706335042556
2018-08-20 08:00:00,194.67667488106832,26181.385898686334,26376.062573567408
2018-08-20 09:00:00,230.56265325184944,27503.572911776428,27734.13556502828
2018-08-20 10:00:00,283.6436540325616,20101.065513962883,20384.709167995443
2018-08-20 11:00:00,310.00346333467013,34131.53549201068,34441.53895534534
2018-08-20 12:00:00,339.3111120359796,35673.36705438313,36012.678166419115
2018-08-20 13:00:00,364.525356804783,40468.098316255346,40832.62367306014
2018-08-20 14:00:00,356.4700573597455,23544.588606546393,23901.058663906144
2018-08-20 15:00:00,336.2990435510203,48164.91171705186,48501.21076060289
2018-08-20 16:00:00,336.1068179051755,3679.2326688401026,4015.339486745278
2018-08-20 17:00:00,309.6174921446684,3175.7831385307554,3485.400630675424
2018-08-20 18:00:00,254.7729910584685,449.5614255116708,704.3344165701393
2018-08-20 19:00:00,218.03572852862158,268.38880587369533,486.4245344023169
2018-08-20 20:00:00,177.35479537974788,13750.611158094223,13927.965953473971
2018-08-20 21:00:00,132.1784449541823,28951.603906161235,29083.782351115413
2018-08-20 22:00:00,92.58602230090247,24590.39594129975,24682.98196360065
2018-08-20 23:00:00,57.51484369659168,0.0,57.51484369659168
2018-08-21 00:00:00,34.251740338138134,19590.99994003623,19625.25168037437
2018-08-21 01:00:00,21.354967133685285,0.0,21.354967133685285
2018-08-21 02:00:00,17.563520211352994,5804.9999844400045,5822.563504651358
2018-08-21 03:00:00,26.888690514299153,881.9999969124009,908.8886874267
2018-08-21 04:00:00,45.477380494976615,197.999999213605,243.47737970858165
2018-08-21 05:00:00,71.53424488332664,7777.461276334966,7848.995521218292
2018-08-21 06:00:00,110.30719957153843,23988.69326423243,24099.000463803968
2018-08-21 07:00:00,146.376583543486,28640.541653543638,28786.91823708712
2018-08-21 08:00:00,203.34880061490878,42383.94587042912,42587.29467104403
2018-08-21 09:00:00,239.35304323017957,21985.659666264957,22225.01270949514
2018-08-21 10:00:00,270.80815364839043,31893.76154429994,32164.569697948333
2018-08-21 11:00:00,326.0450035431455,36133.27038587957,36459.31538942272
2018-08-21 12:00:00,332.5749493559131,30978.309839691432,31310.884789047348
2018-08-21 13:00:00,354.38218384927484,21333.469969623864,21687.85215347314
2018-08-21 14:00:00,356.62629401365206,38047.20300696182,38403.82930097547
2018-08-21 15:00:00,341.30143551104175,25440.895171138807,25782.19660664985
2018-08-21 16:00:00,337.8149318114306,1952.2159407400907,2290.030872551521
2018-08-21 17:00:00,294.0242131649108,6871.571529537545,7165.595742702456
2018-08-21 18:00:00,268.67200290344414,2683.999994337333,2952.6719972407777
2018-08-21 19:00:00,220.25851459050517,53.99999986623584,274.25851445674095
2018-08-21 20:00:00,172.65473214565304,23106.99993636858,23279.65466851423
2018-08-21 21:00:00,126.04018355230308,42669.31296351397,42795.35314706627
2018-08-21 22:00:00,93.12381262554024,38814.68680664342,38907.81061926896
2018-08-21 23:00:00,58.84725816482414,0.0,58.84725816482414
2018-08-22 00:00:00,33.92560529487136,18910.9999422664,18944.925547561274
2018-08-22 01:00:00,20.03818245939859,0.0,20.03818245939859
2018-08-22 02:00:00,17.26542710697647,1175.9999962763382,1193.2654233833146
2018-08-22 03:00:00,26.59401438435937,881.9999966841092,908.5940110684685
2018-08-22 04:00:00,44.450638146023906,98.99999998649916,143.45063813252307
2018-08-22 05:00:00,74.25151932876558,24844.590079444013,24918.84159877278
2018-08-22 06:00:00,112.52865841266588,19198.49072405397,19311.019382466635
2018-08-22 07:00:00,155.65803671026222,29558.31666624961,29713.974702959873
2018-08-22 08:00:00,196.6248143718899,26183.16909754958,26379.79391192147
2018-08-22 09:00:00,231.0453460859623,23441.845407130262,23672.890753216227
2018-08-22 10:00:00,288.13525639392356,20828.107616918445,21116.24287331237
2018-08-22 11:00:00,310.67051547884535,18812.87802546929,19123.54854094814
2018-08-22 12:00:00,326.0358631176459,16897.07039859632,17223.10626171397
2018-08-22 13:00:00,343.37143535444784,25233.167481499648,25576.538916854093
2018-08-22 14:00:00,356.63674748140454,28091.399420360434,28448.036167841838
2018-08-22 15:00:00,350.03779509367746,22933.403090152424,23283.440885246102
2018-08-22 16:00:00,344.26543356070067,11793.561257492911,12137.826691053611
2018-08-22 17:00:00,295.6355085506174,258.66976868370176,554.3052772343191
2018-08-22 18:00:00,248.6245655829876,632.3302288571977,880.9547944401853
2018-08-22 19:00:00,215.61977793464234,296.9999989069439,512.6197768415863
2018-08-22 20:00:00,179.67603566115156,18662.99994907381,18842.675984734964
2018-08-22 21:00:00,134.70306072235113,37675.8136328219,37810.51669354425
2018-08-22 22:00:00,94.24907725861837,36147.18616411938,36241.435241378
2018-08-22 23:00:00,61.02477631404,0.0,61.02477631404
2018-08-23 00:00:00,36.20031699891278,20635.99993959521,20672.200256594122
2018-08-23 01:00:00,20.102445521815696,195.99999934685889,216.10244486867458
2018-08-23 02:00:00,17.768219568147863,1175.9999965416578,1193.7682161098057
2018-08-23 03:00:00,25.983408863821477,1305.0383945767219,1331.0218034405434
2018-08-23 04:00:00,45.11256223192288,93.51650871613947,138.62907094806235
2018-08-23 05:00:00,76.4421930755804,9407.445066720398,9483.887259795978
2018-08-23 06:00:00,114.14648659265342,12002.142711489007,12116.28919808166
2018-08-23 07:00:00,153.62372091160148,43471.90892123794,43625.53264214954
2018-08-23 08:00:00,190.96644166083638,34463.1942295156,34654.16067117643
2018-08-23 09:00:00,241.74740487918092,28980.04155944168,29221.78896432086
2018-08-23 10:00:00,280.22979491449547,31439.546566118628,31719.77636103313
2018-08-23 11:00:00,312.77025063035137,26327.294828619495,26640.06507924985
2018-08-23 12:00:00,339.69049008913237,27808.609161532124,28148.29965162126
2018-08-23 13:00:00,342.69071714114716,27566.81129002713,27909.502007168274
2018-08-23 14:00:00,366.0370254397605,20463.161486639925,20829.19851207969
2018-08-23 15:00:00,357.3318673230017,31007.677378787674,31365.009246110676
2018-08-23 16:00:00,335.2940525641907,3916.611074909459,4251.90512747365
2018-08-23 17:00:00,295.93448336494805,98.99999941511724,394.9344827800653
2018-08-23 18:00:00,265.61795420664237,494.9999984674907,760.6179526741331
2018-08-23 19:00:00,218.99886776426573,0.0,218.99886776426573
2018-08-23 20:00:00,178.59150967727925,16935.999952077484,17114.591461754764
2018-08-23 21:00:00,128.05183251393913,35718.41485968902,35846.466692202965
2018-08-23 22:00:00,95.26786327701441,29251.584951348646,29346.85281462566
2018-08-23 23:00:00,58.55584410643591,0.0,58.55584410643591
2018-08-24 00:00:00,34.87667269395365,25296.999925435848,25331.8765981298
2018-08-24 01:00:00,20.59139308962419,2669.1554699312187,2689.7468630208436
2018-08-24 02:00:00,17.648752672386856,1152.8445186277588,1170.4932713001456
2018-08-24 03:00:00,26.72550631404383,2468.3357925820187,2495.0612988960625
2018-08-24 04:00:00,46.179855252196575,4556.664189183238,4602.844044435435
2018-08-24 05:00:00,76.46815261151738,16604.57569187516,16681.043844486678
2018-08-24 06:00:00,112.04833809557203,31609.080612392805,31721.128950488375
2018-08-24 07:00:00,152.92030266783334,29655.812216152175,29808.73251882001
2018-08-24 08:00:00,191.43812707835087,27520.498539374144,27711.936666452493
2018-08-24 09:00:00,243.11634707495975,28815.416330183474,29058.532677258438
2018-08-24 10:00:00,277.7243603544672,38641.95444352987,38919.67880388434
2018-08-24 11:00:00,307.9599842122967,19917.93125936404,20225.891243576334
2018-08-24 12:00:00,345.9874533038819,26421.883794031382,26767.871247335264
2018-08-24 13:00:00,369.861364698432,18093.7612962031,18463.62266090153
2018-08-24 14:00:00,354.77325219045866,37156.08505593329,37510.85830812375
2018-08-24 15:00:00,349.55481143975476,11728.152209962831,12077.707021402586
2018-08-24 16:00:00,319.2304536939326,2980.3187363034103,3299.549189997343
2018-08-24 17:00:00,292.2158237962387,997.5290097620285,1289.7448335582671
2018-08-24 18:00:00,258.1272587459307,150.2490684796821,408.37632722561284
2018-08-24 19:00:00,213.34967717277806,551.7509295313423,765.1006067041203
2018-08-24 20:00:00,179.97142659226347,13596.999957913378,13776.971384505641
2018-08-24 21:00:00,137.95039899085674,41656.70536174964,41794.6557607405
2018-08-24 22:00:00,88.76101910039637,43039.29440105274,43128.05542015314
2018-08-24 23:00:00,57.370880007329816,428.5381007991351,485.90898080646497
2018-08-25 00:00:00,34.20872422237007,26702.461818450396,26736.670542672768
2018-08-25 01:00:00,19.875296815041466,0.0,19.875296815041466
2018-08-25 02:00:00,17.68381863473323,0.0,17.68381863473323
2018-08-25 03:00:00,26.651821504069602,0.0,26.651821504069602
2018-08-25 04:00:00,45.383415063981595,0.0,45.383415063981595
2018-08-25 05:00:00,76.856756580754,0.0,76.856756580754
2018-08-25 06:00:00,112.70501610598012,65.99999983680352,178.70501594278363
2018-08-25 07:00:00,153.84617325786814,0.0,153.84617325786814
2018-08-25 08:00:00,203.96926844968527,0.0,203.96926844968527
2018-08-25 09:00:00,237.85205103276314,0.0,237.85205103276314
2018-08-25 10:00:00,289.24429228087166,0.0,289.24429228087166
2018-08-25 11:00:00,320.7611315995615,0.0,320.7611315995615
2018-08-25 12:00:00,333.85676509595214,1260.9999964056983,1594.8567615016505
2018-08-25 13:00:00,367.5749208824949,0.0,367.5749208824949
2018-08-25 14:00:00,356.6207494962408,0.0,356.6207494962408
2018-08-25 15:00:00,344.87179094870055,0.0,344.87179094870055
2018-08-25 16:00:00,321.3323892785045,97.99999996582396,419.3323892443285
2018-08-25 17:00:00,296.3147415114307,0.0,296.3147415114307
2018-08-25 18:00:00,265.6546387246638,0.0,265.6546387246638
2018-08-25 19:00:00,220.62977578786544,0.0,220.62977578786544
2018-08-25 20:00:00,174.13209120231375,0.0,174.13209120231375
2018-08-25 21:00:00,128.1705421009161,1195.9001519692963,1324.0706940702123
2018-08-25 22:00:00,93.48483841436092,2401.0998364816382,2494.584674895999
2018-08-25 23:00:00,60.373023363298515,0.0,60.373023363298515
2018-08-26 00:00:00,34.119194553509956,0.0,34.119194553509956
2018-08-26 01:00:00,19.845088691597837,0.0,19.845088691597837
2018-08-26 02:00:00,17.386950228620695,0.0,17.386950228620695
2018-08-26 03:00:00,25.34487966898542,0.0,25.34487966898542
2018-08-26 04:00:00,47.19012857445479,0.0,47.19012857445479
2018-08-26 05:00:00,76.74674771301783,0.0,76.74674771301783
2018-08-26 06:00:00,113.91941330504045,0.0,113.91941330504045
2018-08-26 07:00:00,155.090814330652,0.0,155.090814330652
2018-08-26 08:00:00,199.36618142808578,0.0,199.36618142808578
2018-08-26 09:00:00,234.38558575389877,0.0,234.38558575389877
2018-08-26 10:00:00,274.1218660323517,0.0,274.1218660323517
2018-08-26 11:00:00,305.14843687005566,0.0,305.14843687005566
2018-08-26 12:00:00,340.8038265309424,0.0,340.8038265309424
2018-08-26 13:00:00,362.943465370465,0.0,362.943465370465
2018-08-26 14:00:00,357.9507582942349,899.9999976094832,1257.9507559037181
2018-08-26 15:00:00,352.1448741442796,3959.999988331029,4312.144862475308
2018-08-26 16:00:00,329.8681300698485,0.0,329.8681300698485
2018-08-26 17:00:00,314.517984568427,0.0,314.517984568427
2018-08-26 18:00:00,267.0496837479186,0.0,267.0496837479186
2018-08-26 19:00:00,217.2405015479998,0.0,217.2405015479998
2018-08-26 20:00:00,176.3900150829287,0.0,176.3900150829287
2018-08-26 21:00:00,135.85715121482403,98.21904604286796,234.076197257692
2018-08-26 22:00:00,94.50059989957144,422.7809527160532,517.2815526156246
2018-08-26 23:00:00,60.642227286342276,0.0,60.642227286342276
2018-08-27 00:00:00,35.37237414238681,1887.9999940979349,1923.372368240322
2018-08-27 01:00:00,21.281368222023985,0.0,21.281368222023985
2018-08-27 02:00:00,17.49992111880283,1851.6989313905372,1869.1988525093402
2018-08-27 03:00:00,27.091807717303816,10.301063299747613,37.39287101705143
2018-08-27 04:00:00,46.46105341786937,890.9999978776626,937.461051295532
2018-08-27 05:00:00,76.879827309768,11693.89432839687,11770.774155706637
2018-08-27 06:00:00,113.95312839154482,17733.185652372562,17847.138780764104
2018-08-27 07:00:00,150.14359986950683,41102.69414711902,41252.83774698853
2018-08-27 08:00:00,201.08364208767628,13348.622627962763,13549.70627005044
2018-08-27 09:00:00,230.87781104533107,25887.64512497602,26118.522936021356
2018-08-27 10:00:00,273.6305707312372,5407.363813358188,5680.994384089426
2018-08-27 11:00:00,311.53640347202963,11171.545248930648,11483.081652402678
2018-08-27 12:00:00,339.45194793166576,11086.77422271496,11426.226170646623
2018-08-27 13:00:00,366.58474597064026,9517.579201195189,9884.163947165829
2018-08-27 14:00:00,365.757722992646,6551.132393844374,6916.89011683702
2018-08-27 15:00:00,341.7716511621576,17684.74630474182,18026.517955903975
2018-08-27 16:00:00,325.8602087960236,4642.8164289514525,4968.676637747476
2018-08-27 17:00:00,292.9968286350387,98.99999999294766,391.99682862798636
2018-08-27 18:00:00,268.0411147606876,0.0,268.0411147606876
2018-08-27 19:00:00,220.0022055933156,296.99999889671466,517.0022044900303
2018-08-27 20:00:00,181.3346317994285,13458.99996083212,13640.33459263155
2018-08-27 21:00:00,138.5225133814868,31087.456092048706,31225.97860543019
2018-08-27 22:00:00,92.03627648932505,20723.543765921542,20815.580042410867
2018-08-27 23:00:00,58.983391201406945,0.0,58.983391201406945
2018-08-28 00:00:00,35.948904233665026,25560.99992533773,25596.9488295714
2018-08-28 01:00:00,20.215391993591954,0.0,20.215391993591954
2018-08-28 02:00:00,17.67196217046456,195.99999934211223,213.67196151257681
2018-08-28 03:00:00,25.393675983943524,1469.9999955271526,1495.3936715110963
2018-08-28 04:00:00,44.9042315070392,0.0,44.9042315070392
2018-08-28 05:00:00,76.39482965457368,15787.99995248205,15864.394782136624
2018-08-28 06:00:00,114.15527018613372,17812.03631978791,17926.19158997404
2018-08-28 07:00:00,153.00573120492328,33591.645302550285,33744.6510337552
2018-08-28 08:00:00,199.93961515876563,43021.017983543956,43220.95759870272
2018-08-28 09:00:00,238.19538720949998,24115.045009841004,24353.240397050504
2018-08-28 10:00:00,294.0838334653148,25328.057977779863,25622.14181124518
2018-08-28 11:00:00,310.67358242139636,23961.213051654282,24271.88663407568
2018-08-28 12:00:00,343.0173789250291,17981.651594409137,18324.668973334163
2018-08-28 13:00:00,360.69901496213413,22223.9546632877,22584.653678249833
2018-08-28 14:00:00,336.7320744302828,9183.27774877714,9520.009823207423
2018-08-28 15:00:00,338.00914699664963,18218.12818454689,18556.13733154354
2018-08-28 16:00:00,318.01681702557664,5705.742567873574,6023.759384899151
2018-08-28 17:00:00,296.0398894311438,3794.228905050237,4090.2687944813806
2018-08-28 18:00:00,262.0655837083058,1385.9999966853647,1648.0655803936706
2018-08-28 19:00:00,221.22389051072594,98.99999967653316,320.22389018725914
2018-08-28 20:00:00,172.04380294046373,25374.99992671117,25547.04372965164
2018-08-28 21:00:00,134.8416447980935,44812.89516655339,44947.73681135148
2018-08-28 22:00:00,89.17764999786206,43752.104583601955,43841.28223359982
2018-08-28 23:00:00,58.795016276039746,0.0,58.795016276039746
2018-08-29 00:00:00,34.72201029953568,26483.99992516617,26518.721935465706
2018-08-29 01:00:00,20.489589667478057,0.0,20.489589667478057
2018-08-29 02:00:00,18.396491231151998,1371.9999968059635,1390.3964880371157
2018-08-29 03:00:00,26.06723086138685,1175.9999970666454,1202.0672279280323
2018-08-29 04:00:00,46.20723363157762,428.0437595228958,474.2509931544734
2018-08-29 05:00:00,75.16963929723539,25915.533377939555,25990.703017236792
2018-08-29 06:00:00,108.36586807698303,19612.90756428178,19721.273432358765
2018-08-29 07:00:00,151.18414201583607,27110.174391915836,27261.358533931674
2018-08-29 08:00:00,198.91833979050318,13405.972242813521,13604.890582604026
2018-08-29 09:00:00,246.86567880478378,35278.50389622421,35525.36957502899
2018-08-29 10:00:00,282.97958127775155,34294.500776582965,34577.48035786072
2018-08-29 11:00:00,312.17071015567075,16027.568056886434,16339.738767042105
2018-08-29 12:00:00,333.45550499508323,26670.17373285707,27003.629237852154
2018-08-29 13:00:00,344.45729414719904,29740.644428266292,30085.101722413492
2018-08-29 14:00:00,364.0293043668161,17083.97707980296,17448.006384169777
2018-08-29 15:00:00,355.022764015755,11659.682549276877,12014.705313292632
2018-08-29 16:00:00,331.52412532550505,4989.317404619499,5320.841529945004
2018-08-29 17:00:00,291.03121764247896,98.9999997867383,390.0312174292173
2018-08-29 18:00:00,262.62461635540205,98.99999956722588,361.624615922628
2018-08-29 19:00:00,218.25199890188907,5741.99998515254,5960.251984054429
2018-08-29 20:00:00,167.83015771280986,19103.999946138152,19271.830103850967
2018-08-29 21:00:00,129.3083962082062,42605.13426978173,42734.44266598993
2018-08-29 22:00:00,91.97960846574318,35975.8655044758,36067.84511294154
2018-08-29 23:00:00,60.947456777772956,0.0,60.947456777772956
2018-08-30 00:00:00,34.56755109321643,31499.99990694082,31534.567458034027
2018-08-30 01:00:00,20.733651263335688,0.0,20.733651263335688
2018-08-30 02:00:00,18.26370384879649,4377.999988242119,4396.263692090915
2018-08-30 03:00:00,26.691246424663802,1077.9999962007994,1104.691242625463
2018-08-30 04:00:00,44.398529460644696,593.9999976430478,638.3985271036925
2018-08-30 05:00:00,76.68602684054409,13419.778837869102,13496.464864709646
2018-08-30 06:00:00,117.21108818976799,32131.75264616751,32248.96373435728
2018-08-30 07:00:00,155.99290789188717,33763.528407836464,33919.52131572835
2018-08-30 08:00:00,190.21074894877123,34997.00577458044,35187.216523529205
2018-08-30 09:00:00,230.94567158070527,26812.56024757532,27043.50591915602
2018-08-30 10:00:00,282.6749420470913,28738.968596261286,29021.643538308377
2018-08-30 11:00:00,322.353038578987,23475.40511973058,23797.758158309567
2018-08-30 12:00:00,336.52645123559375,48214.143718028165,48550.67016926376
2018-08-30 13:00:00,341.0794613277013,31760.03519339303,32101.11465472073
2018-08-30 14:00:00,338.4474487794721,22583.447618192673,22921.895066972145
2018-08-30 15:00:00,341.8173274402306,51516.236542473765,51858.053869913994
2018-08-30 16:00:00,320.6581771927189,2770.1363176390905,3090.794494831809
2018-08-30 17:00:00,308.541883543439,4314.999986568356,4623.541870111794
2018-08-30 18:00:00,273.02980644771503,296.9999992223254,570.0298056700404
2018-08-30 19:00:00,214.4570676624906,692.999997887538,907.4570655500286
2018-08-30 20:00:00,176.71723020614763,17212.999954538085,17389.717184744233
2018-08-30 21:00:00,129.30645279284587,40452.95692889541,40582.26338168826
2018-08-30 22:00:00,92.12282698953115,40417.0428482024,40509.16567519194
2018-08-30 23:00:00,58.834229413891165,0.0,58.834229413891165
2018-08-31 00:00:00,36.50357578534628,26963.999923166368,27000.50349895171
2018-08-31 01:00:00,20.469674040733867,0.0,20.469674040733867
2018-08-31 02:00:00,18.379547418850024,8623.999978570399,8642.379525989249
2018-08-31 03:00:00,26.467670357089844,202.99999895014653,229.4676693072364
2018-08-31 04:00:00,45.93395009797774,1235.6979630444616,1281.6319131424393
2018-08-31 05:00:00,76.43916478196763,33474.98546586819,33551.42463065015
2018-08-31 06:00:00,113.7286409356533,15653.216389743971,15766.945030679626
2018-08-31 07:00:00,151.83125130576525,24749.540268204284,24901.37151951005
2018-08-31 08:00:00,190.55266437943664,11422.57088540076,11613.123549780199
2018-08-31 09:00:00,238.08841305148445,35779.66517807956,36017.75359113103
2018-08-31 10:00:00,270.4561976155704,31421.939900240737,31692.396097856305
2018-08-31 11:00:00,315.3008775818097,24133.803473663924,24449.104351245733
2018-08-31 12:00:00,327.9577766454448,38123.777474504925,38451.73525115037
2018-08-31 13:00:00,346.5051841102008,31138.779913565013,31485.285097675216
2018-08-31 14:00:00,360.3428598212165,22502.78405165525,22863.12691147647
2018-08-31 15:00:00,361.17740999106786,18076.4451181347,18437.622528125765
2018-08-31 16:00:00,340.51443238929966,4466.79308886776,4807.30752125706
2018-08-31 17:00:00,307.27497532257587,2146.6549250625644,2453.92990038514
2018-08-31 18:00:00,260.92542194161626,328.3450674420724,589.2704893836885
2018-08-31 19:00:00,223.6343559003684,179.9999995099032,403.6343554102716
2018-08-31 20:00:00,173.7745883545738,16844.999948390443,17018.774536745015
2018-08-31 21:00:00,126.70883908799131,68722.69964072248,68849.40847981046
2018-08-31 22:00:00,89.15444853385657,89323.29991230805,89412.4543608419
2018-08-31 23:00:00,56.59982572798651,0.0,56.59982572798651
2018-09-01 00:00:00,35.679733765359344,26594.99993208448,26630.67966584984
2018-09-01 01:00:00,19.752027130968003,0.0,19.752027130968003
2018-09-01 02:00:00,17.807665314378376,0.0,17.807665314378376
2018-09-01 03:00:00,27.524295649490142,0.0,27.524295649490142
2018-09-01 04:00:00,45.035791142145634,197.999999414404,243.03579055654964
2018-09-01 05:00:00,78.01316366869236,1880.9999940163727,1959.0131576850654
2018-09-01 06:00:00,114.34663974594937,4636.999984200731,4751.346623946681
2018-09-01 07:00:00,149.87891640711268,1959.9999952335404,2109.878911640653
2018-09-01 08:00:00,197.93932084004936,98.99999979437864,296.939320634428
2018-09-01 09:00:00,249.45160634337043,9503.99997394106,9753.451580284429
2018-09-01 10:00:00,279.37139046734444,98.9999994788441,378.3713899461885
2018-09-01 11:00:00,322.40546261539544,0.0,322.40546261539544
2018-09-01 12:00:00,350.76914361201136,0.0,350.76914361201136
2018-09-01 13:00:00,345.5890535097252,0.0,345.5890535097252
2018-09-01 14:00:00,352.7372080875854,0.0,352.7372080875854
2018-09-01 15:00:00,349.54560122610354,0.0,349.54560122610354
2018-09-01 16:00:00,337.8645030725494,0.0,337.8645030725494
2018-09-01 17:00:00,299.89993639252924,0.0,299.89993639252924
2018-09-01 18:00:00,268.5703516049793,0.0,268.5703516049793
2018-09-01 19:00:00,221.77624505635794,0.0,221.77624505635794
2018-09-01 20:00:00,179.74247456936482,0.0,179.74247456936482
2018-09-01 21:00:00,129.39722110669513,681.314930327019,810.7121514337141
2018-09-01 22:00:00,91.12116679312302,4417.685055457182,4508.806222250305
2018-09-01 23:00:00,61.60675456092285,0.0,61.60675456092285
2018-09-02 00:00:00,34.70138999244707,0.0,34.70138999244707
2018-09-02 01:00:00,21.021927022370342,0.0,21.021927022370342
2018-09-02 02:00:00,18.550605795675395,0.0,18.550605795675395
2018-09-02 03:00:00,26.13260410223001,0.0,26.13260410223001
2018-09-02 04:00:00,45.91809368192325,0.0,45.91809368192325
2018-09-02 05:00:00,73.69695293321683,0.0,73.69695293321683
2018-09-02 06:00:00,112.24838828677713,0.0,112.24838828677713
2018-09-02 07:00:00,156.32803571245728,0.0,156.32803571245728
2018-09-02 08:00:00,195.21374808376436,0.0,195.21374808376436
2018-09-02 09:00:00,251.63965994439943,0.0,251.63965994439943
2018-09-02 10:00:00,282.6361170548016,0.0,282.6361170548016
2018-09-02 11:00:00,314.3591440719489,0.0,314.3591440719489
2018-09-02 12:00:00,343.24033808864544,0.0,343.24033808864544
2018-09-02 13:00:00,346.31241181417954,826.2505123343499,1172.5629241485294
2018-09-02 14:00:00,362.9623045032263,870.7494830072171,1233.7117875104434
2018-09-02 15:00:00,353.3311410411369,0.0,353.3311410411369
2018-09-02 16:00:00,333.6375174810714,0.0,333.6375174810714
2018-09-02 17:00:00,309.90141362077145,0.0,309.90141362077145
2018-09-02 18:00:00,267.2194331716147,0.0,267.2194331716147
2018-09-02 19:00:00,226.28295248605838,0.0,226.28295248605838
2018-09-02 20:00:00,174.97784160927057,0.0,174.97784160927057
2018-09-02 21:00:00,128.1836074607734,405.86403935007314,534.0476468108466
2018-09-02 22:00:00,91.60914750950458,5104.135945529394,5195.745093038899
2018-09-02 23:00:00,58.348228924383235,0.0,58.348228924383235
2018-09-03 00:00:00,34.69396130932988,2821.999990887124,2856.6939521964537
2018-09-03 01:00:00,20.764895173090157,0.0,20.764895173090157
2018-09-03 02:00:00,17.73197673243002,2841.9999924342774,2859.7319691667067
2018-09-03 03:00:00,27.02128066688956,0.0,27.02128066688956
2018-09-03 04:00:00,46.54880373615693,685.9999983202974,732.5488020564544
2018-09-03 05:00:00,73.96885194819524,14384.743741351327,14458.712593299522
2018-09-03 06:00:00,109.53835728818547,19469.92326972189,19579.461627010074
2018-09-03 07:00:00,151.2706972138192,31003.806948822716,31155.077646036538
2018-09-03 08:00:00,194.33948633665085,29853.659711091495,30047.999197428144
2018-09-03 09:00:00,250.84034266012662,36511.2457621682,36762.086104828326
2018-09-03 10:00:00,276.16597127081275,17994.204130627157,18270.370101897966
2018-09-03 11:00:00,332.1328509101618,23664.371838297215,23996.504689207373
2018-09-03 12:00:00,349.0297235858253,19417.365557026664,19766.395280612494
2018-09-03 13:00:00,361.7310498247797,18031.007471356374,18392.738521181152
2018-09-03 14:00:00,353.26351371162167,13719.510345817293,14072.773859528912
2018-09-03 15:00:00,350.7643493976368,23368.735994455987,23719.50034385363
2018-09-03 16:00:00,318.05600360318266,2851.685499616718,3169.7415032199015
2018-09-03 17:00:00,298.7631083131707,333.7390369251832,632.5021452383539
2018-09-03 18:00:00,266.5289879105646,197.99999986918496,464.5289877797495
2018-09-03 19:00:00,221.27467431284333,98.99999944065571,320.2746737534991
2018-09-03 20:00:00,168.76026973181678,9015.999972225867,9184.760241957685
2018-09-03 21:00:00,128.06237812941242,30150.42862092489,30278.490999054302
2018-09-03 22:00:00,95.77700449332552,25619.571221547005,25715.34822604033
2018-09-03 23:00:00,58.88075470519069,2.999999993516328,61.880754698707015
2018-09-04 00:00:00,35.89436647862014,8770.999974940403,8806.894341419023
2018-09-04 01:00:00,20.360672221940458,0.0,20.360672221940458
2018-09-04 02:00:00,17.599832830317844,3037.9999906087314,3055.599823439049
2018-09-04 03:00:00,25.782240197095927,0.0,25.782240197095927
2018-09-04 04:00:00,46.377598887131214,293.9999989292164,340.3775978163477
2018-09-04 05:00:00,74.12240273374057,14871.59644856082,14945.718851294561
2018-09-04 06:00:00,117.60909747735624,15165.355743007542,15282.9648404849
2018-09-04 07:00:00,150.77777799500686,57877.60599305059,58028.3837710456
2018-09-04 08:00:00,195.08842093812035,42917.62544072511,43112.71386166323
2018-09-04 09:00:00,240.8911947425059,40156.5856132543,40397.476807996805
2018-09-04 10:00:00,272.6019177592354,28504.723744254392,28777.32566201363
2018-09-04 11:00:00,317.74228540169435,21839.217682514653,22156.959967916344
2018-09-04 12:00:00,339.8736712507885,31504.96962285431,31844.843294105103
2018-09-04 13:00:00,360.9063141307455,27675.455121388146,28036.36143551889
2018-09-04 14:00:00,364.9772255528968,28979.47990819087,29344.457133743766
2018-09-04 15:00:00,341.7366486841717,37469.38370306814,37811.12035175232
2018-09-04 16:00:00,339.09348507363967,2842.9999924448016,3182.0934775184414
2018-09-04 17:00:00,290.02923084495154,696.999998260825,987.0292291057765
2018-09-04 18:00:00,258.6902679706784,49.99999986324276,308.69026783392115
2018-09-04 19:00:00,226.04735593167737,566.9999990466185,793.0473549782959
2018-09-04 20:00:00,174.1964859813495,30713.999913807835,30888.19639978918
2018-09-04 21:00:00,129.06574408582546,40454.91322211387,40583.97896619969
2018-09-04 22:00:00,94.206817348762,43395.086540952136,43489.2933583009
2018-09-04 23:00:00,62.67845828539514,0.0,62.67845828539514
2018-09-05 00:00:00,34.669547793892036,25147.999929492395,25182.669477286287
2018-09-05 01:00:00,21.093342418058104,0.0,21.093342418058104
2018-09-05 02:00:00,17.721446890226353,0.0,17.721446890226353
2018-09-05 03:00:00,26.08879772589396,3130.9999903469943,3157.0887880728883
2018-09-05 04:00:00,43.542008073674644,11634.656437426966,11678.198445500639
2018-09-05 05:00:00,71.47672998374367,30014.536975804665,30086.013705788406
2018-09-05 06:00:00,110.4162684062263,19245.529385984126,19355.945654390354
2018-09-05 07:00:00,157.0740350014837,54035.2761995568,54192.35023455829
2018-09-05 08:00:00,198.02575102792406,34810.70248651308,35008.728237541
2018-09-05 09:00:00,232.3564093531038,28909.02284373467,29141.379253087776
2018-09-05 10:00:00,280.39216691261595,37662.501169619536,37942.89333653215
2018-09-05 11:00:00,313.94319693221837,26242.82204637081,26556.765243303027
2018-09-05 12:00:00,343.57514502250535,35670.28345768236,36013.858602704866
2018-09-05 13:00:00,360.067916890041,30717.296792628113,31077.36470951815
2018-09-05 14:00:00,353.0298790373396,32578.00564860754,32931.03552764488
2018-09-05 15:00:00,343.4677090089678,39490.39018984357,39833.85789885254
2018-09-05 16:00:00,328.0410241248927,14271.057557018099,14599.098581142991
2018-09-05 17:00:00,290.85444311996,4862.550058360205,5153.404501480165
2018-09-05 18:00:00,263.7372521735213,655.3676240686652,919.1048762421866
2018-09-05 19:00:00,221.1716361801341,692.9999982642619,914.171634444396
2018-09-05 20:00:00,179.01126058135662,16061.999954571527,16241.011215152887
2018-09-05 21:00:00,132.3282637558859,40395.5958186106,40527.92408236649
2018-09-05 22:00:00,92.57125328483687,38176.40396499543,38268.975218280255
2018-09-05 23:00:00,58.25641666967314,395.9999994376973,454.25641610737034
2018-09-06 00:00:00,34.41304796205603,29982.999923692605,30017.41297165466
2018-09-06 01:00:00,21.435135134654075,0.0,21.435135134654075
2018-09-06 02:00:00,17.959073991310607,0.0,17.959073991310607
2018-09-06 03:00:00,25.71487277843452,0.0,25.71487277843452
2018-09-06 04:00:00,44.104163165412004,395.9999987098119,440.1041618752239
2018-09-06 05:00:00,72.12848567353265,18008.991856660028,18081.12034233356
2018-09-06 06:00:00,110.78187378823014,38997.3901107313,39108.17198451953
2018-09-06 07:00:00,148.18522048783967,24312.09104713674,24460.27626762458
2018-09-06 08:00:00,206.7041381673396,30399.69311571216,30606.3972538795
2018-09-06 09:00:00,242.25385468271787,20853.594737637854,21095.848592320577
2018-09-06 10:00:00,273.31524531235004,31779.48908387034,32052.80432918269
2018-09-06 11:00:00,320.3744456727428,21894.485779269704,22214.860224942444
2018-09-06 12:00:00,335.7327760643454,30915.71212891488,31251.444904979224
2018-09-06 13:00:00,348.9611442785314,27289.400429852423,27638.361574130955
2018-09-06 14:00:00,357.0059299712534,23099.381429118937,23456.38735909019
2018-09-06 15:00:00,344.57690372214756,38977.12996753958,39321.70687126173
2018-09-06 16:00:00,322.62426666585833,5595.639456619788,5918.263723285646
2018-09-06 17:00:00,286.8072689591159,181.9999991764426,468.8072681355585
2018-09-06 18:00:00,265.4850590165243,295.9999987580459,561.4850577745704
2018-09-06 19:00:00,221.21181300711743,989.9999973538472,1211.2118103609648
2018-09-06 20:00:00,174.6607587593203,19112.999948759207,19287.660707518527
2018-09-06 21:00:00,132.75705875846342,38903.812255527395,39036.569314285865
2018-09-06 22:00:00,93.9012377025459,43108.18750968248,43202.08874738502
2018-09-06 23:00:00,58.80129281227917,0.0,58.80129281227917
2018-09-07 00:00:00,34.91103135913643,22064.99993973235,22099.910971091485
2018-09-07 01:00:00,21.536739161040096,0.0,21.536739161040096
2018-09-07 02:00:00,17.15750453941108,0.0,17.15750453941108
2018-09-07 03:00:00,24.874220621864367,0.0,24.874220621864367
2018-09-07 04:00:00,48.380193046906626,0.0,48.380193046906626
2018-09-07 05:00:00,72.61106180546051,10827.091443012854,10899.702504818313
2018-09-07 06:00:00,113.19010294466591,29635.745970610606,29748.93607355527
2018-09-07 07:00:00,151.8689188833838,41950.47392098901,42102.34283987239
2018-09-07 08:00:00,206.6103024407502,25306.033087090324,25512.643389531073
2018-09-07 09:00:00,247.44921158257463,30432.965309395164,30680.41452097774
2018-09-07 10:00:00,279.78797660075094,72966.10248523083,73245.89046183159
2018-09-07 11:00:00,303.50351815016757,34142.13570224374,34445.6392203939
2018-09-07 12:00:00,349.7755843691898,26745.65125897056,27095.426843339752
2018-09-07 13:00:00,361.9327274358219,32951.74426832217,33313.67699575799
2018-09-07 14:00:00,348.3888624995159,24731.14251380313,25079.53137630265
2018-09-07 15:00:00,353.3008162365812,36289.57150237153,36642.87231860811
2018-09-07 16:00:00,330.6183687300821,18746.58445423768,19077.202822967767
2018-09-07 17:00:00,296.6258854585865,5675.7569846243305,5972.382870082917
2018-09-07 18:00:00,260.29461963003376,0.0,260.29461963003376
2018-09-07 19:00:00,222.95031163850888,197.99999961727195,420.95031125578083
2018-09-07 20:00:00,182.18320254016183,14873.999960746569,15056.18316328673
2018-09-07 21:00:00,125.13036599696844,40154.48938404242,40279.61975003939
2018-09-07 22:00:00,92.21106967241286,36679.510403437926,36771.72147311034
2018-09-07 23:00:00,59.189968299352586,0.0,59.189968299352586
2018-09-08 00:00:00,35.36719788985232,26564.999925370706,26600.367123260563
2018-09-08 01:00:00,20.91766952792994,0.0,20.91766952792994
2018-09-08 02:00:00,18.23014500318181,0.0,18.23014500318181
2018-09-08 03:00:00,25.99453877103398,0.0,25.99453877103398
2018-09-08 04:00:00,47.32953372585014,0.0,47.32953372585014
2018-09-08 05:00:00,78.79988052301294,1484.9999952230705,1563.7998757460837
2018-09-08 06:00:00,112.0321061698821,0.0,112.0321061698821
2018-09-08 07:00:00,161.06101738078024,0.0,161.06101738078024
2018-09-08 08:00:00,198.51144415237349,0.0,198.51144415237349
2018-09-08 09:00:00,243.92662805805193,0.0,243.92662805805193
2018-09-08 10:00:00,268.20851386593984,0.0,268.20851386593984
2018-09-08 11:00:00,314.39795880396395,0.0,314.39795880396395
2018-09-08 12:00:00,342.13213861320645,0.0,342.13213861320645
2018-09-08 13:00:00,364.74310088589425,0.0,364.74310088589425
2018-09-08 14:00:00,359.948972881685,0.0,359.948972881685
2018-09-08 15:00:00,335.1403128762756,0.0,335.1403128762756
2018-09-08 16:00:00,322.5970259907236,0.0,322.5970259907236
2018-09-08 17:00:00,306.5754267333917,0.0,306.5754267333917
2018-09-08 18:00:00,254.07371258356454,0.0,254.07371258356454
2018-09-08 19:00:00,215.53328551038084,0.0,215.53328551038084
2018-09-08 20:00:00,169.84024527788287,0.0,169.84024527788287
2018-09-08 21:00:00,135.46568178196708,127.4799366106845,262.94561839265157
2018-09-08 22:00:00,95.27298914941315,3352.520053252011,3447.7930424014244
2018-09-08 23:00:00,60.49540777175514,0.0,60.49540777175514
2018-09-09 00:00:00,34.8907196892423,0.0,34.8907196892423
2018-09-09 01:00:00,20.460166396446795,0.0,20.460166396446795
2018-09-09 02:00:00,18.179047139645753,0.0,18.179047139645753
2018-09-09 03:00:00,25.313232949934307,0.0,25.313232949934307
2018-09-09 04:00:00,47.31717669939505,0.0,47.31717669939505
2018-09-09 05:00:00,78.25055996831915,805.3444014151407,883.5949613834599
2018-09-09 06:00:00,109.66319706494389,2176.655589584671,2286.318786649615
2018-09-09 07:00:00,151.23616662954868,0.0,151.23616662954868
2018-09-09 08:00:00,206.04404387801674,0.0,206.04404387801674
2018-09-09 09:00:00,239.48337080829887,0.0,239.48337080829887
2018-09-09 10:00:00,285.273896392482,0.0,285.273896392482
2018-09-09 11:00:00,326.83992157873297,0.0,326.83992157873297
2018-09-09 12:00:00,342.8675817336338,0.0,342.8675817336338
2018-09-09 13:00:00,348.3585743522351,1681.5617426289487,2029.920316981184
2018-09-09 14:00:00,345.16122572427236,3467.438243142249,3812.599468866521
2018-09-09 15:00:00,343.4934313931417,0.0,343.4934313931417
2018-09-09 16:00:00,320.2648433152574,0.0,320.2648433152574
2018-09-09 17:00:00,291.50817727348533,0.0,291.50817727348533
2018-09-09 18:00:00,264.063162069122,0.0,264.063162069122
2018-09-09 19:00:00,213.18017970778268,0.0,213.18017970778268
2018-09-09 20:00:00,177.4860119105,0.0,177.4860119105
2018-09-09 21:00:00,128.06970980327333,234.24436577376545,362.31407557703875
2018-09-09 22:00:00,96.35766618355922,3750.7556225751778,3847.1132887587373
2018-09-09 23:00:00,60.871204547970784,0.0,60.871204547970784
2018-09-10 00:00:00,33.43408007795952,0.0,33.43408007795952
2018-09-10 01:00:00,21.325651492894988,0.0,21.325651492894988
2018-09-10 02:00:00,18.401146520196168,1861.9999933716024,1880.4011398917985
2018-09-10 03:00:00,26.065423384155203,1763.9999946513742,1790.065418035529
2018-09-10 04:00:00,46.85451141698738,0.0,46.85451141698738
2018-09-10 05:00:00,74.06427061687697,26636.447965144383,26710.512235761256
2018-09-10 06:00:00,108.44217427838348,17812.446342710213,17920.888516988594
2018-09-10 07:00:00,161.06974655226304,41647.55197568718,41808.62172223944
2018-09-10 08:00:00,198.64928578020368,36599.73701253507,36798.38629831528
2018-09-10 09:00:00,250.37984872851854,28898.180231619546,29148.560080348063
2018-09-10 10:00:00,282.68291376373156,22230.16452670077,22512.847440464502
2018-09-10 11:00:00,303.4871169521828,25712.280396346236,26015.767513298422
2018-09-10 12:00:00,331.8467193000349,26018.31151428008,26350.15823358012
2018-09-10 13:00:00,359.6737083677689,20536.486811021452,20896.160519389225
2018-09-10 14:00:00,372.01104598485597,17268.545388754945,17640.556434739803
2018-09-10 15:00:00,343.21360903703163,22916.84702884806,23260.06063788509
2018-09-10 16:00:00,341.767143833512,16172.999955241034,16514.767099074546
2018-09-10 17:00:00,305.7724689154469,791.9999982144858,1097.7724671299327
2018-09-10 18:00:00,260.6615635491722,98.99999944802488,359.66156299719705
2018-09-10 19:00:00,218.20799222791987,989.999997749856,1208.2079899777762
2018-09-10 20:00:00,172.38403256327132,16781.99995124763,16954.383983810905
2018-09-10 21:00:00,135.04515673268259,27249.07214449613,27384.117301228816
2018-09-10 22:00:00,92.39395035214417,37416.92768030851,37509.321630660656
2018-09-10 23:00:00,60.62927639443638,0.0,60.62927639443638
2018-09-11 00:00:00,35.88001565656025,22548.999939802023,22584.879955458586
2018-09-11 01:00:00,20.344477821816195,0.0,20.344477821816195
2018-09-11 02:00:00,18.121471456567466,0.0,18.121471456567466
2018-09-11 03:00:00,25.73109797141926,2155.999993309085,2181.731091280504
2018-09-11 04:00:00,44.39339325040837,395.9999988976772,440.3933921480856
2018-09-11 05:00:00,75.70552685837936,24099.02969934309,24174.73522620147
2018-09-11 06:00:00,112.58645547682957,23413.666912941357,23526.253368418184
2018-09-11 07:00:00,159.61386133084753,32463.412414871047,32623.026276201894
2018-09-11 08:00:00,203.63670946197095,37189.98993478063,37393.6266442426
2018-09-11 09:00:00,241.90076194698088,24976.973846770437,25218.874608717415
2018-09-11 10:00:00,275.37692946299956,44983.983144154845,45259.36007361785
2018-09-11 11:00:00,314.99863272284506,28824.537134347956,29139.5357670708
2018-09-11 12:00:00,326.95195351361576,30180.300744912667,30507.25269842628
2018-09-11 13:00:00,338.13797115627915,49649.80710556051,49987.94507671678
2018-09-11 14:00:00,351.64842233188267,33823.57630760933,34175.22472994121
2018-09-11 15:00:00,344.0295442601755,20784.721760119217,21128.75130437939
2018-09-11 16:00:00,342.87706950565007,15404.999955743777,15747.877025249429
2018-09-11 17:00:00,305.2798565450488,4949.9999882118545,5255.279844756904
2018-09-11 18:00:00,268.30441232751963,0.0,268.30441232751963
2018-09-11 19:00:00,220.63931957062863,3563.999992131847,3784.6393117024763
2018-09-11 20:00:00,173.95792851072093,16854.999952276652,17028.95788078737
2018-09-11 21:00:00,131.99898455615488,39247.67876192558,39379.67774648173
2018-09-11 22:00:00,95.4299940380876,44415.32100363823,44510.75099767632
2018-09-11 23:00:00,60.35126732399232,0.0,60.35126732399232
2018-09-12 00:00:00,35.585668646344914,19744.999944950974,19780.585613597323
2018-09-12 01:00:00,20.06107560744621,0.0,20.06107560744621
2018-09-12 02:00:00,17.569652662560205,0.0,17.569652662560205
2018-09-12 03:00:00,26.55482534488606,3242.8211679600518,3269.3759933049378
2018-09-12 04:00:00,47.58400484586284,5703.844270325074,5751.428275170936
2018-09-12 05:00:00,75.57128442434833,20306.33448106364,20381.905765487987
2018-09-12 06:00:00,112.47281581552608,22731.76566728804,22844.238483103567
2018-09-12 07:00:00,155.91102393416566,46579.967788235605,46735.87881216977
2018-09-12 08:00:00,200.4657060970972,29625.847833290427,29826.313539387524
2018-09-12 09:00:00,241.10190455450953,32656.335017320187,32897.436921874694
2018-09-12 10:00:00,279.99930245783406,25733.849446732005,26013.84874918984
2018-09-12 11:00:00,308.6157636753761,33205.42322251711,33514.038986192485
2018-09-12 12:00:00,349.7241373864426,22102.05160993882,22451.77574732526
2018-09-12 13:00:00,351.0175836057077,40568.87972218897,40919.897305794686
2018-09-12 14:00:00,371.21350852066575,22265.841906974594,22637.055415495255
2018-09-12 15:00:00,344.78956629779265,29170.936073215235,29515.725639513024
2018-09-12 16:00:00,328.5763043675954,8385.100841467249,8713.677145834843
2018-09-12 17:00:00,297.6738684373381,3444.8579932410357,3742.531861678374
2018-09-12 18:00:00,260.63729206674566,1073.1419955828408,1333.7792876495864
2018-09-12 19:00:00,218.0324965111497,98.99999984696441,317.03249635811414
2018-09-12 20:00:00,170.78253609087415,16437.999954545863,16608.78249063674
2018-09-12 21:00:00,130.80337689268353,42483.93162141132,42614.734998304004
2018-09-12 22:00:00,92.5084283931932,45094.068131601525,45186.57655999471
2018-09-12 23:00:00,58.02704242978628,0.0,58.02704242978628
2018-09-13 00:00:00,36.53563815426893,22516.999938568242,22553.53557672251
2018-09-13 01:00:00,19.688640401756828,0.0,19.688640401756828
2018-09-13 02:00:00,18.222744655064798,0.0,18.222744655064798
2018-09-13 03:00:00,26.625174504057483,933.499618780031,960.1247932840885
2018-09-13 04:00:00,44.14810019741968,2445.681961492094,2489.8300616895144
2018-09-13 05:00:00,73.20395293444523,14207.695674859253,14280.8996277937
2018-09-13 06:00:00,112.5986182131424,32915.205644314454,33027.80426252759
2018-09-13 07:00:00,152.25305854890854,21330.975658180912,21483.22871672982
2018-09-13 08:00:00,189.73200763576114,25320.514731118932,25510.246738754693
2018-09-13 09:00:00,240.83009300547667,26745.82978437321,26986.659877378683
2018-09-13 10:00:00,285.4042844081875,25305.367264016844,25590.77154842503
2018-09-13 11:00:00,301.6492942968074,24794.030200315246,25095.679494612057
2018-09-13 12:00:00,332.1637985536413,50968.414510342554,51300.57830889619
2018-09-13 13:00:00,350.65486648107856,26879.72943984827,27230.384306329353
2018-09-13 14:00:00,345.6534973068053,28408.48019596711,28754.133693273914
2018-09-13 15:00:00,350.834228050864,19893.943853627483,20244.77808167835
2018-09-13 16:00:00,333.16116833302306,1025.984063075233,1359.1452314082562
2018-09-13 17:00:00,302.9839587229446,1459.6465541866032,1762.6305129095479
2018-09-13 18:00:00,265.55859812452223,296.9999993688373,562.5585974933595
2018-09-13 19:00:00,222.26975426393403,100.99999956667789,323.2697538306119
2018-09-13 20:00:00,182.84653445059587,21354.999938608682,21537.84647305928
2018-09-13 21:00:00,128.8506772576057,47118.773502164375,47247.62417942198
2018-09-13 22:00:00,88.00031293530756,40888.226252533495,40976.22656546881
2018-09-13 23:00:00,59.32994299428917,0.0,59.32994299428917
2018-09-14 00:00:00,35.15193694199584,23768.999934422904,23804.1518713649
2018-09-14 01:00:00,20.27493848729212,593.9999989774886,614.2749374647808
2018-09-14 02:00:00,17.29726356644876,12097.232285663937,12114.529549230385
2018-09-14 03:00:00,27.121242230800377,7786.9476531760765,7814.068895406877
2018-09-14 04:00:00,46.67575649941495,6717.882051284768,6764.557807784182
2018-09-14 05:00:00,73.13980430105029,33507.04164216596,33580.18144646701
2018-09-14 06:00:00,111.4221822757772,24905.43732061995,25016.859502895728
2018-09-14 07:00:00,154.3281742563608,50083.62561801445,50237.95379227081
2018-09-14 08:00:00,189.54392639290393,18033.783946166317,18223.327872559217
2018-09-14 09:00:00,252.22661995598588,37477.71917378241,37729.9457937384
2018-09-14 10:00:00,269.7298375970365,28685.045101984266,28954.774939581304
2018-09-14 11:00:00,318.4548796641026,24880.29470678461,25198.749586448714
2018-09-14 12:00:00,340.8060036382326,26476.2886855658,26817.09468920403
2018-09-14 13:00:00,351.5290982146762,8682.276096039077,9033.805194253753
2018-09-14 14:00:00,369.2531503460759,13701.415982110098,14070.669132456176
2018-09-14 15:00:00,346.9925199175997,13369.00887972738,13716.00139964498
2018-09-14 16:00:00,325.8275708607641,1705.1961107623251,2031.0236816230893
2018-09-14 17:00:00,295.6589184582626,859.8038835251978,1155.4628019834604
2018-09-14 18:00:00,263.13943995980856,0.0,263.13943995980856
2018-09-14 19:00:00,210.19838772735812,0.0,210.19838772735812
2018-09-14 20:00:00,177.50380559422567,16548.999949108755,16726.503754702982
2018-09-14 21:00:00,129.55059936623687,37151.24305797793,37280.79365734417
2018-09-14 22:00:00,91.67499754672019,23900.756770934844,23992.431768481565
2018-09-14 23:00:00,62.74479293782727,0.0,62.74479293782727
2018-09-15 00:00:00,34.39376136300345,22838.999936179654,22873.39369754266
2018-09-15 01:00:00,20.706108220004282,0.0,20.706108220004282
2018-09-15 02:00:00,17.19633694297066,2276.9999944096603,2294.196331352631
2018-09-15 03:00:00,25.92678434264731,0.0,25.92678434264731
2018-09-15 04:00:00,45.441917709306985,0.0,45.441917709306985
2018-09-15 05:00:00,75.3935956721247,2082.152499295133,2157.546094967258
2018-09-15 06:00:00,110.24887113374852,92.84749376207586,203.09636489582437
2018-09-15 07:00:00,159.03679972484073,98.99999996741104,258.0367996922518
2018-09-15 08:00:00,202.66056132973014,0.0,202.66056132973014
2018-09-15 09:00:00,245.03378426859004,0.0,245.03378426859004
2018-09-15 10:00:00,284.57833920830865,0.0,284.57833920830865
2018-09-15 11:00:00,314.0233381216915,0.0,314.0233381216915
2018-09-15 12:00:00,345.3725654406817,0.0,345.3725654406817
2018-09-15 13:00:00,369.6615526750391,0.0,369.6615526750391
2018-09-15 14:00:00,358.605241284606,0.0,358.605241284606
2018-09-15 15:00:00,345.01875703908183,0.0,345.01875703908183
2018-09-15 16:00:00,341.23623330916894,0.0,341.23623330916894
2018-09-15 17:00:00,297.3039999118379,0.0,297.3039999118379
2018-09-15 18:00:00,263.28718179487123,0.0,263.28718179487123
2018-09-15 19:00:00,222.76039125679276,0.0,222.76039125679276
2018-09-15 20:00:00,172.96453073335425,0.0,172.96453073335425
2018-09-15 21:00:00,131.4894725957543,590.7954700342161,722.2849426299704
2018-09-15 22:00:00,88.819346196147,4184.204517246775,4273.023863442922
2018-09-15 23:00:00,60.87650890715066,0.0,60.87650890715066
2018-09-16 00:00:00,33.5042083591991,0.0,33.5042083591991
2018-09-16 01:00:00,21.022968122290628,0.0,21.022968122290628
2018-09-16 02:00:00,18.700562342160215,0.0,18.700562342160215
2018-09-16 03:00:00,25.7785565100117,0.0,25.7785565100117
2018-09-16 04:00:00,46.19145825873804,0.0,46.19145825873804
2018-09-16 05:00:00,76.48872278219457,0.0,76.48872278219457
2018-09-16 06:00:00,112.53429144645374,0.0,112.53429144645374
2018-09-16 07:00:00,157.90212724179588,0.0,157.90212724179588
2018-09-16 08:00:00,200.45244123537907,0.0,200.45244123537907
2018-09-16 09:00:00,248.60591041407076,0.0,248.60591041407076
2018-09-16 10:00:00,285.6042785615045,0.0,285.6042785615045
2018-09-16 11:00:00,315.979940019486,0.0,315.979940019486
2018-09-16 12:00:00,325.69447478152813,0.0,325.69447478152813
2018-09-16 13:00:00,364.4837178329282,97.99999961117776,462.483717444106
2018-09-16 14:00:00,369.20654472632305,0.0,369.20654472632305
2018-09-16 15:00:00,352.5168620318716,1439.9999958818687,1792.5168579137403
2018-09-16 16:00:00,324.9303654535835,899.9999973891042,1224.9303628426878
2018-09-16 17:00:00,299.6974890659369,2045.045871217092,2344.743360283029
2018-09-16 18:00:00,263.9853706932202,294.9541212372308,558.939491930451
2018-09-16 19:00:00,218.02425058295887,0.0,218.02425058295887
2018-09-16 20:00:00,176.88819822993923,0.0,176.88819822993923
2018-09-16 21:00:00,133.1962315906945,257.0275804340975,390.223812024792
2018-09-16 22:00:00,89.35245069416783,4813.972405749895,4903.324856444063
2018-09-16 23:00:00,60.83671531564236,0.0,60.83671531564236
2018-09-17 00:00:00,35.26353185678809,2142.999992562592,2178.26352441938
2018-09-17 01:00:00,19.866807640297097,0.0,19.866807640297097
2018-09-17 02:00:00,18.196049689848977,1665.999995357335,1684.1960450471838
2018-09-17 03:00:00,27.559191797498436,0.0,27.559191797498436
2018-09-17 04:00:00,44.37097513763061,768.9999983649111,813.3709735025418
2018-09-17 05:00:00,75.59792291737858,15067.428198012556,15143.026120929939
2018-09-17 06:00:00,110.37329775037867,29912.022012372516,30022.395310122898
2018-09-17 07:00:00,147.57637258531685,27096.48911012206,27244.065482707378
2018-09-17 08:00:00,196.5478515473776,30770.321201458006,30966.86905300538
2018-09-17 09:00:00,236.89846562351693,27578.699107286127,27815.597572909646
2018-09-17 10:00:00,277.088394126559,33305.06657488557,33582.154969012125
2018-09-17 11:00:00,312.25052212740474,19643.874538838325,19956.12506096573
2018-09-17 12:00:00,326.1423575746653,44690.219393758176,45016.361751332835
2018-09-17 13:00:00,364.3817095596469,30324.63041042533,30689.01211998497
2018-09-17 14:00:00,361.2378838728199,10222.194038676069,10583.431922548889
2018-09-17 15:00:00,338.84425944657266,19745.054601017557,20083.89886046413
2018-09-17 16:00:00,338.1370392056425,33055.99991092388,33394.13695012952
2018-09-17 17:00:00,300.692986914865,22841.59301384539,23142.286000760258
2018-09-17 18:00:00,255.7598528520288,29497.40683724632,29753.16669009835
2018-09-17 19:00:00,218.28072525955173,0.0,218.28072525955173
2018-09-17 20:00:00,174.81856515190987,23529.224380711898,23704.04294586381
2018-09-17 21:00:00,130.4570633218761,37157.000581062435,37287.45764438431
2018-09-17 22:00:00,90.59782024261304,37397.462849694944,37488.06066993755
2018-09-17 23:00:00,60.44720591318547,5014.311897968065,5074.759103881251
2018-09-18 00:00:00,33.799113740506115,23722.999935040705,23756.799048781213
2018-09-18 01:00:00,21.068642657178195,0.0,21.068642657178195
2018-09-18 02:00:00,18.24367593584057,293.999999235964,312.2436751718045
2018-09-18 03:00:00,26.431273381950568,1650.6266758419315,1677.0579492238824
2018-09-18 04:00:00,45.5080466124732,6391.373299306889,6436.8813459193625
2018-09-18 05:00:00,75.6439648770706,16610.221435372863,16685.865400249935
2018-09-18 06:00:00,113.4261172432908,26587.389712199467,26700.815829442756
2018-09-18 07:00:00,149.84026487157735,28152.511311091435,28302.351575963017
2018-09-18 08:00:00,191.0484957723214,38885.78022675319,39076.82872252551
2018-09-18 09:00:00,232.8999395468805,24803.17729322647,25036.07723277335
2018-09-18 10:00:00,278.75267443334235,20000.42978635412,20279.182460787466
2018-09-18 11:00:00,304.8513746066951,31755.602761371545,32060.45413597824
2018-09-18 12:00:00,335.31191724582675,28158.05417882113,28493.366096066955
2018-09-18 13:00:00,355.94579455744986,23330.450112107625,23686.395906665075
2018-09-18 14:00:00,352.8187483899288,7312.509146502122,7665.327894892052
2018-09-18 15:00:00,347.4246313507017,16922.698674379943,17270.12330573064
2018-09-18 16:00:00,344.71906747278877,6621.917002718344,6966.636070191133
2018-09-18 17:00:00,309.4607600492777,260.25760070912446,569.7183607584022
2018-09-18 18:00:00,257.3400912771269,100.9999996422418,358.34009091936866
2018-09-18 19:00:00,222.20714018555657,38.684187899277006,260.8913280848336
2018-09-18 20:00:00,175.40108777117183,22752.08047645042,22927.481564221598
2018-09-18 21:00:00,129.76412237199554,41148.961305808676,41278.72542818067
2018-09-18 22:00:00,91.4684215785922,37656.27374447189,37747.74216605048
2018-09-18 23:00:00,60.82116481676222,0.0,60.82116481676222
2018-09-19 00:00:00,34.67236255698421,29378.999919039532,29413.67228159651
2018-09-19 01:00:00,21.2765188371663,0.0,21.2765188371663
2018-09-19 02:00:00,18.08580617184054,1371.9999962811337,1390.0858024529741
2018-09-19 03:00:00,25.767667034453993,1762.9999947346346,1788.7676617690886
2018-09-19 04:00:00,46.30532336889992,5134.804380959929,5181.109704328829
2018-09-19 05:00:00,73.73578112447665,11358.7817284327,11432.517509557176
2018-09-19 06:00:00,107.74446533962987,38535.05417799382,38642.79864333346
2018-09-19 07:00:00,154.84257334326514,30090.703972399242,30245.546545742505
2018-09-19 08:00:00,201.34100301147842,36582.18204779543,36783.52305080691
2018-09-19 09:00:00,233.01616229229444,19791.849515971982,20024.86567826428
2018-09-19 10:00:00,289.7299083710219,32235.96649593555,32525.696404306575
2018-09-19 11:00:00,317.66137486778314,28427.290233937838,28744.95160880562
2018-09-19 12:00:00,343.8924426703657,12319.77743685325,12663.669879523615
2018-09-19 13:00:00,355.59213605007477,13426.228038435293,13781.820174485367
2018-09-19 14:00:00,362.54164960663115,11262.793643826444,11625.335293433076
2018-09-19 15:00:00,349.5753717746384,22868.934560468544,23218.50993224318
2018-09-19 16:00:00,323.5350856277413,1334.3390282500272,1657.8741138777687
2018-09-19 17:00:00,296.3484419866463,271.2939959306536,567.6424379172998
2018-09-19 18:00:00,265.92197759870396,2158.9999950126985,2424.9219726114025
2018-09-19 19:00:00,216.051389238263,1401.999995413899,1618.051384652162
2018-09-19 20:00:00,182.4876981638169,23048.99993171497,23231.487629878782
2018-09-19 21:00:00,136.47425940449853,34392.72996080138,34529.20422020588
2018-09-19 22:00:00,91.51171642803263,34100.26985411251,34191.781570540545
2018-09-19 23:00:00,59.88522794422453,473.99999871744546,533.88522666167
2018-09-20 00:00:00,36.20620400315348,27481.999923216114,27518.206127219262
2018-09-20 01:00:00,21.36473368690679,0.0,21.36473368690679
2018-09-20 02:00:00,17.147359515316914,2841.9999908169784,2859.147350332295
2018-09-20 03:00:00,25.996208742367102,1955.9999943408186,1981.996203083186
2018-09-20 04:00:00,47.35295674473653,2611.9999922538,2659.3529489985367
2018-09-20 05:00:00,76.49120731764941,12532.395289149566,12608.886496467218
2018-09-20 06:00:00,114.60911568657068,20338.498493286945,20453.107608973514
2018-09-20 07:00:00,156.05451713751654,31316.435961183226,31472.490478320746
2018-09-20 08:00:00,191.53222282660096,28845.664527167024,29037.19674999362
2018-09-20 09:00:00,243.92652134972343,42502.54837243266,42746.47489378239
2018-09-20 10:00:00,285.0242418446804,34944.456893010865,35229.481134855545
2018-09-20 11:00:00,312.36213276631344,14762.207121276075,15074.56925404239
2018-09-20 12:00:00,342.08124585718485,22606.741694139844,22948.82293999703
2018-09-20 13:00:00,352.73511278708884,30257.54572670695,30610.280839494037
2018-09-20 14:00:00,365.37384713811605,14709.746769947124,15075.120617085242
2018-09-20 15:00:00,346.4464575192958,7968.09783766367,8314.544295182966
2018-09-20 16:00:00,332.8506101056082,2023.4343418468304,2356.2849519524384
2018-09-20 17:00:00,288.46748363438,4821.226236577385,5109.693720211765
2018-09-20 18:00:00,273.4608457884017,656.9999987009237,930.4608444893254
2018-09-20 19:00:00,220.99526909095812,0.0,220.99526909095812
2018-09-20 20:00:00,174.88487997400745,22038.999938357465,22213.884818331473
2018-09-20 21:00:00,136.97286620193563,44582.18166130248,44719.15452750442
2018-09-20 22:00:00,96.16749972481614,52955.59156370617,53051.75906343098
2018-09-20 23:00:00,57.48767207263026,10639.226472990063,10696.714145062693
2018-09-21 00:00:00,34.6961337228365,24926.99992929443,24961.696063017265
2018-09-21 01:00:00,21.048910143682686,0.0,21.048910143682686
2018-09-21 02:00:00,17.11932496063857,4115.999988368834,4133.119313329473
2018-09-21 03:00:00,25.900849534677906,488.9999988831403,514.9008484178182
2018-09-21 04:00:00,45.05905471248046,3261.0865982607666,3306.1456529732473
2018-09-21 05:00:00,78.17088525446049,21400.02791562207,21478.198800876533
2018-09-21 06:00:00,109.281732186629,9721.708628899523,9830.990361086151
2018-09-21 07:00:00,159.03477986686346,27776.439636536263,27935.47441640313
2018-09-21 08:00:00,197.47930487469347,12797.258124745487,12994.737429620182
2018-09-21 09:00:00,242.28598079831,21147.71105697992,21389.99703777823
2018-09-21 10:00:00,268.251620782429,11148.541926670783,11416.793547453213
2018-09-21 11:00:00,324.43950118449766,18990.24388180935,19314.683382993848
2018-09-21 12:00:00,349.86302198489307,22740.305618027407,23090.1686400123
2018-09-21 13:00:00,363.7049475818361,15794.80767078948,16158.512618371313
2018-09-21 14:00:00,361.51435447429793,23600.382898535194,23961.89725300949
2018-09-21 15:00:00,345.2163084810526,29043.60847387336,29388.824782354415
2018-09-21 16:00:00,335.8705647668784,6604.876951913171,6940.747516680049
2018-09-21 17:00:00,296.072434440247,613.99999905753,910.072433497777
2018-09-21 18:00:00,261.79267702218124,3583.9999891702955,3845.792666192477
2018-09-21 19:00:00,222.13181907287026,0.0,222.13181907287026
2018-09-21 20:00:00,168.70851436497463,16656.99995223076,16825.708466595734
2018-09-21 21:00:00,131.29897879798446,35505.64204283214,35636.941021630126
2018-09-21 22:00:00,88.01454618579317,52299.40980629336,52387.42435247915
2018-09-21 23:00:00,60.755268829494455,3826.947892069336,3887.70316089883
2018-09-22 00:00:00,34.38333416890998,23332.999932576666,23367.383266745575
2018-09-22 01:00:00,20.77116079787364,0.0,20.77116079787364
2018-09-22 02:00:00,16.9584920503819,98.99999984052084,115.95849189090275
2018-09-22 03:00:00,26.18617829500868,0.0,26.18617829500868
2018-09-22 04:00:00,45.897513243588705,29.999999921215043,75.89751316480375
2018-09-22 05:00:00,75.74008531453983,99.9999998102372,175.740085124777
2018-09-22 06:00:00,112.71311971943918,0.0,112.71311971943918
2018-09-22 07:00:00,150.42645269765745,0.0,150.42645269765745
2018-09-22 08:00:00,193.97437591606808,0.0,193.97437591606808
2018-09-22 09:00:00,235.50679216691103,0.0,235.50679216691103
2018-09-22 10:00:00,270.94202208416846,98.99999967652288,369.9420217606914
2018-09-22 11:00:00,320.4592027078645,0.0,320.4592027078645
2018-09-22 12:00:00,337.33360120450754,0.0,337.33360120450754
2018-09-22 13:00:00,353.2698727726897,0.0,353.2698727726897
2018-09-22 14:00:00,346.797335468338,0.0,346.797335468338
2018-09-22 15:00:00,359.8651426740836,0.0,359.8651426740836
2018-09-22 16:00:00,332.34916640179506,0.0,332.34916640179506
2018-09-22 17:00:00,297.83450253544686,0.0,297.83450253544686
2018-09-22 18:00:00,263.7860399978948,0.0,263.7860399978948
2018-09-22 19:00:00,214.54414460332507,0.0,214.54414460332507
2018-09-22 20:00:00,175.84836863145335,0.0,175.84836863145335
2018-09-22 21:00:00,130.25184709661198,2152.251682715444,2282.5035298120556
2018-09-22 22:00:00,92.63774559518896,6076.7482955145115,6169.3860411097
2018-09-22 23:00:00,60.381412969082625,0.0,60.381412969082625
2018-09-23 00:00:00,34.950659647028374,0.0,34.950659647028374
2018-09-23 01:00:00,20.163250652932007,0.0,20.163250652932007
2018-09-23 02:00:00,17.528101410668967,0.0,17.528101410668967
2018-09-23 03:00:00,27.270253391715528,0.0,27.270253391715528
2018-09-23 04:00:00,45.0004033584714,0.0,45.0004033584714
2018-09-23 05:00:00,73.92498536704419,0.0,73.92498536704419
2018-09-23 06:00:00,114.69834415264194,0.0,114.69834415264194
2018-09-23 07:00:00,154.30558170656195,0.0,154.30558170656195
2018-09-23 08:00:00,188.48545390435396,0.0,188.48545390435396
2018-09-23 09:00:00,230.96610226407552,0.0,230.96610226407552
2018-09-23 10:00:00,290.56092026122144,0.0,290.56092026122144
2018-09-23 11:00:00,304.31006378194365,0.0,304.31006378194365
2018-09-23 12:00:00,344.65686750341035,0.0,344.65686750341035
2018-09-23 13:00:00,340.4622667432647,0.0,340.4622667432647
2018-09-23 14:00:00,368.73937376282936,0.0,368.73937376282936
2018-09-23 15:00:00,342.7884840343844,983.9999962033289,1326.7884802377134
2018-09-23 16:00:00,322.95260473310424,0.0,322.95260473310424
2018-09-23 17:00:00,304.8451258150376,0.0,304.8451258150376
2018-09-23 18:00:00,264.8383891583543,0.0,264.8383891583543
2018-09-23 19:00:00,212.06887369414002,97.99999993562056,310.0688736297606
2018-09-23 20:00:00,178.4826095912278,0.0,178.4826095912278
2018-09-23 21:00:00,133.2752818929735,382.20903911972295,515.4843210126965
2018-09-23 22:00:00,90.97348460381085,8169.79093608473,8260.764420688542
2018-09-23 23:00:00,58.1356868993713,0.0,58.1356868993713
2018-09-24 00:00:00,34.667906635568535,2584.999991830322,2619.6678984658906
2018-09-24 01:00:00,20.96219148634918,0.0,20.96219148634918
2018-09-24 02:00:00,17.638487707374374,2155.9999937257767,2173.638481433151
2018-09-24 03:00:00,26.178657975549267,195.99999933173493,222.17865730728425
2018-09-24 04:00:00,44.15278244125166,98.99999961192113,143.15278205317279
2018-09-24 05:00:00,75.21910546710284,14164.268967471922,14239.48807293902
2018-09-24 06:00:00,110.09266498311646,31449.67219285126,31559.764857834372
2018-09-24 07:00:00,154.5226085926153,27803.286497510147,27957.809106102763
2018-09-24 08:00:00,201.8584773190859,16765.649269461508,16967.507746780593
2018-09-24 09:00:00,240.45561395978316,28127.22929281341,28367.684906773193
2018-09-24 10:00:00,277.5848760133814,19497.068917787376,19774.65379380076
2018-09-24 11:00:00,306.00146647911436,20131.93062399997,20437.93209047908
2018-09-24 12:00:00,345.13677105377894,18896.872675317074,19242.009446370852
2018-09-24 13:00:00,349.2078089740078,28622.32179602243,28971.529604996438
2018-09-24 14:00:00,375.3247349713962,14992.699142402762,15368.023877374158
2018-09-24 15:00:00,345.7060021137206,26108.616172418166,26454.322174531888
2018-09-24 16:00:00,335.3597006942228,8126.383732815155,8461.743433509379
2018-09-24 17:00:00,305.94122314022206,3270.999989367663,3576.941212507885
2018-09-24 18:00:00,259.9848176267862,790.9999981962968,1050.984815823083
2018-09-24 19:00:00,212.71607677795856,989.999996696554,1202.7160734745128
2018-09-24 20:00:00,176.63988730998724,22950.81579131381,23127.455678623803
2018-09-24 21:00:00,130.46866780208245,44309.111391689315,44439.5800594914
2018-09-24 22:00:00,96.97145481103591,40618.072517546905,40715.04397235794
2018-09-24 23:00:00,60.43834217632386,0.0,60.43834217632386
2018-09-25 00:00:00,35.381520964587274,24992.99992857037,25028.381449534958
2018-09-25 01:00:00,21.261227286227246,1079.999997871335,1101.2612251575622
2018-09-25 02:00:00,17.469757336931746,2841.9999909475364,2859.4697482844676
2018-09-25 03:00:00,26.23631388427482,2830.999991431301,2857.236305315576
2018-09-25 04:00:00,45.9416080377723,98.99999994789243,144.94160798566475
2018-09-25 05:00:00,77.13521346263082,7447.521274043184,7524.656487505815
2018-09-25 06:00:00,115.14866729825172,35516.379850468526,35631.528517766776
2018-09-25 07:00:00,151.41927429365182,39980.7008519169,40132.120126210546
2018-09-25 08:00:00,199.03898352363348,21310.311267537385,21509.350251061016
2018-09-25 09:00:00,234.92101254055896,38994.55213496138,39229.473147501936
2018-09-25 10:00:00,282.36495984614317,27066.760800178192,27349.125760024333
2018-09-25 11:00:00,329.981497114934,27747.169558658567,28077.151055773502
2018-09-25 12:00:00,334.9936837948859,36980.16371517243,37315.15739896732
2018-09-25 13:00:00,350.66448077133055,23029.708460547194,23380.372941318525
2018-09-25 14:00:00,364.266247246454,16358.072409154433,16722.338656400883
2018-09-25 15:00:00,343.4805207071379,25753.658823864647,26097.139344571788
2018-09-25 16:00:00,336.6137896296862,1963.9999957312784,2300.613785360965
2018-09-25 17:00:00,294.31390192086496,1682.9999957537264,1977.313897674591
2018-09-25 18:00:00,265.7545385341756,2276.9999938525752,2542.7545323867507
2018-09-25 19:00:00,219.55967103333228,0.0,219.55967103333228
2018-09-25 20:00:00,178.61986158518962,22469.99993394362,22648.61979552881
2018-09-25 21:00:00,132.3404189586954,19713.19873727412,19845.53915623282
2018-09-25 22:00:00,89.86462277112079,29682.42530869143,29772.28993146255
2018-09-25 23:00:00,59.710831854857105,5230.375801186914,5290.086633041771
2018-09-26 00:00:00,34.0284912305308,19772.99994425033,19807.02843548086
2018-09-26 01:00:00,20.07639179570772,0.0,20.07639179570772
2018-09-26 02:00:00,17.621997987166147,1690.2692122777617,1707.8912102649278
2018-09-26 03:00:00,26.635272133768858,1075.7307805239711,1102.36605265774
2018-09-26 04:00:00,44.54783764707434,1672.9999947740084,1717.5478324210826
2018-09-26 05:00:00,76.44542233357394,16857.96800090323,16934.4134232368
2018-09-26 06:00:00,113.50301228428398,17275.01840387247,17388.521416156756
2018-09-26 07:00:00,148.2713841890777,38333.75507916257,38482.026463351634
2018-09-26 08:00:00,201.81874268863345,18088.644856388953,18290.463599077586
2018-09-26 09:00:00,240.66028762202149,19810.3211037759,20050.98139139792
2018-09-26 10:00:00,278.2487365496537,21800.877707156324,22079.126443705976
2018-09-26 11:00:00,315.71761375508777,29904.55586587388,30220.27347962897
2018-09-26 12:00:00,345.92252031640993,29130.471770918324,29476.394291234734
2018-09-26 13:00:00,366.14318173786967,40126.67777045346,40492.82095219133
2018-09-26 14:00:00,361.123412268353,37948.15258685943,38309.275999127785
2018-09-26 15:00:00,342.4729287069894,23688.556017797862,24031.02894650485
2018-09-26 16:00:00,331.42752140390314,2278.9999936009135,2610.427515004817
2018-09-26 17:00:00,292.05013020703007,3609.3433707695194,3901.39350097655
2018-09-26 18:00:00,267.7473370111721,881.7918600222393,1149.5391970334115
2018-09-26 19:00:00,230.39916779969678,66.86475614195706,297.26392394165384
2018-09-26 20:00:00,178.1333554341894,24936.796306345797,25114.92966177998
2018-09-26 21:00:00,133.52294357121755,28111.252738859977,28244.7756824312
2018-09-26 22:00:00,91.92085866628176,38769.433359806106,38861.35421847239
2018-09-26 23:00:00,59.06739231553914,386.51734044855306,445.58473276409217
2018-09-27 00:00:00,35.41162873259967,26385.99992547025,26421.41155420285
2018-09-27 01:00:00,20.611722611516395,0.0,20.611722611516395
2018-09-27 02:00:00,17.769684671309342,1175.9999958210894,1193.7696804923987
2018-09-27 03:00:00,26.290530261324747,1175.99999626315,1202.290526524475
2018-09-27 04:00:00,46.27346291830615,1229.9999966418484,1276.2734595601546
2018-09-27 05:00:00,73.49382429335242,16346.703383254917,16420.19720754827
2018-09-27 06:00:00,108.9076020448151,19382.51417598633,19491.421778031145
2018-09-27 07:00:00,153.23221580933256,42375.47239175957,42528.70460756891
2018-09-27 08:00:00,200.6981660205892,80939.09889323989,81139.79705926047
2018-09-27 09:00:00,249.2499765708614,116478.79050169348,116728.04047826437
2018-09-27 10:00:00,282.7081505103275,32759.857445406975,33042.5655959173
2018-09-27 11:00:00,317.6414054286559,37433.78557415195,37751.42697958061
2018-09-27 12:00:00,326.1722375056284,27161.80400983784,27487.976247343464
2018-09-27 13:00:00,355.32377238613526,22617.422423191307,22972.74619557744
2018-09-27 14:00:00,353.950381391006,30966.213516298383,31320.16389768939
2018-09-27 15:00:00,361.5754889089381,17086.33641301671,17447.91190192565
2018-09-27 16:00:00,315.670807402174,5695.999985249285,6011.670792651458
2018-09-27 17:00:00,291.05427995852915,1426.9999958294925,1718.0542757880216
2018-09-27 18:00:00,263.95464765709744,0.0,263.95464765709744
2018-09-27 19:00:00,213.02737790295606,131.01523586832272,344.04261377127875
2018-09-27 20:00:00,182.83230554029421,23758.1583364973,23940.990642037592
2018-09-27 21:00:00,139.62830289280492,28740.203841347386,28879.832144240187
2018-09-27 22:00:00,94.23610758303889,34697.06183243003,34791.29794001307
2018-09-27 23:00:00,60.19773916366455,4.5605179210857045,64.75825708475026
2018-09-28 00:00:00,36.480097049871226,22464.999936395416,22501.48003344529
2018-09-28 01:00:00,20.450316791850668,0.0,20.450316791850668
2018-09-28 02:00:00,17.42377422465226,0.0,17.42377422465226
2018-09-28 03:00:00,26.267008764383696,12178.8835413442,12205.150550108585
2018-09-28 04:00:00,45.369775116822346,3508.0163771778443,3553.3861522946668
2018-09-28 05:00:00,76.09171811342179,39436.89763095947,39512.9893490729
2018-09-28 06:00:00,113.09637317212716,25776.47234761166,25889.568720783787
2018-09-28 07:00:00,157.9644292865715,50906.04600984971,51064.010439136284
2018-09-28 08:00:00,204.09606224672572,32256.694393331803,32460.790455578528
2018-09-28 09:00:00,230.50222816294337,19998.086812284197,20228.58904044714
2018-09-28 10:00:00,281.55810344738455,31163.448781958694,31445.006885406074
2018-09-28 11:00:00,301.850109904668,20613.070096960844,20914.920206865514
2018-09-28 12:00:00,348.04281583292527,14606.315958716154,14954.358774549077
2018-09-28 13:00:00,356.46865260454496,23078.619153197193,23435.08780580174
2018-09-28 14:00:00,356.93258806407215,11879.740282593784,12236.672870657858
2018-09-28 15:00:00,350.300094520109,22463.649705964213,22813.949800484323
2018-09-28 16:00:00,328.9792411290183,8421.058022430601,8750.03726355962
2018-09-28 17:00:00,296.7221903528417,988.9999968463289,1285.7221871991703
2018-09-28 18:00:00,253.9267803987151,789.5801457791928,1043.5069261779079
2018-09-28 19:00:00,212.5983144029959,26.419852607980907,239.0181670109768
2018-09-28 20:00:00,172.59901659491976,21562.216216719167,21734.81523331409
2018-09-28 21:00:00,126.9166230473163,39653.337208969984,39780.2538320173
2018-09-28 22:00:00,94.69245334201736,48698.44626547103,48793.13871881305
2018-09-28 23:00:00,59.77488075994722,197.99999920254484,257.77487996249204
2018-09-29 00:00:00,34.23179967962239,29697.999917088495,29732.231716768118
2018-09-29 01:00:00,20.800223515317832,0.0,20.800223515317832
2018-09-29 02:00:00,17.571883463123697,395.9999991862327,413.5718826493563
2018-09-29 03:00:00,25.732627164543494,0.0,25.732627164543494
2018-09-29 04:00:00,46.546885201200354,0.0,46.546885201200354
2018-09-29 05:00:00,74.13846333962539,1484.9999961049316,1559.1384594445572
2018-09-29 06:00:00,115.42179827724419,0.0,115.42179827724419
2018-09-29 07:00:00,156.010587334367,177.30676169594835,333.31734903031537
2018-09-29 08:00:00,197.89913670296005,184.50580145511427,382.4049381580743
2018-09-29 09:00:00,231.88302248997888,360.1874348771301,592.0704573671089
2018-09-29 10:00:00,278.14815634573876,0.0,278.14815634573876
2018-09-29 11:00:00,325.56818763589087,98.99999995971878,424.56818759560963
2018-09-29 12:00:00,338.8333655188696,0.0,338.8333655188696
2018-09-29 13:00:00,356.11754965137925,0.0,356.11754965137925
2018-09-29 14:00:00,344.1213316270463,0.0,344.1213316270463
2018-09-29 15:00:00,335.6980222262806,0.0,335.6980222262806
2018-09-29 16:00:00,330.27303821037856,0.0,330.27303821037856
2018-09-29 17:00:00,293.32905715439335,0.0,293.32905715439335
2018-09-29 18:00:00,270.47379904769684,0.0,270.47379904769684
2018-09-29 19:00:00,224.32497182147003,0.0,224.32497182147003
2018-09-29 20:00:00,178.87325646829365,9303.999969229482,9482.873225697776
2018-09-29 21:00:00,131.55340648673172,2961.9382003656656,3093.491606852397
2018-09-29 22:00:00,96.44704985094646,28749.061712022914,28845.50876187386
2018-09-29 23:00:00,59.62617676432549,1879.9999944071449,1939.6261711714706
2018-09-30 00:00:00,34.74283005621105,0.0,34.74283005621105
2018-09-30 01:00:00,20.595850980028274,0.0,20.595850980028274
2018-09-30 02:00:00,17.858675898342955,0.0,17.858675898342955
2018-09-30 03:00:00,26.03334658937434,0.0,26.03334658937434
2018-09-30 04:00:00,44.99858474391314,0.0,44.99858474391314
2018-09-30 05:00:00,76.36481679563491,0.0,76.36481679563491
2018-09-30 06:00:00,111.57664115966392,0.0,111.57664115966392
2018-09-30 07:00:00,151.50652863837124,0.0,151.50652863837124
2018-09-30 08:00:00,203.4169825454797,0.0,203.4169825454797
2018-09-30 09:00:00,238.40199939199036,0.0,238.40199939199036
2018-09-30 10:00:00,280.73765949510874,0.0,280.73765949510874
2018-09-30 11:00:00,325.87873685795114,0.0,325.87873685795114
2018-09-30 12:00:00,344.29317017366463,0.0,344.29317017366463
2018-09-30 13:00:00,353.42874667780256,0.0,353.42874667780256
2018-09-30 14:00:00,356.2966778179316,0.0,356.2966778179316
2018-09-30 15:00:00,360.30722955863104,0.0,360.30722955863104
2018-09-30 16:00:00,321.90346720371184,0.0,321.90346720371184
2018-09-30 17:00:00,304.74660647958217,0.0,304.74660647958217
2018-09-30 18:00:00,266.4682748878166,0.0,266.4682748878166
2018-09-30 19:00:00,224.65430498539516,0.0,224.65430498539516
2018-09-30 20:00:00,173.42332025061947,0.0,173.42332025061947
2018-09-30 21:00:00,138.43626373988843,13788.87084231054,13927.307106050428
2018-09-30 22:00:00,94.23929902422519,31882.12902968801,31976.368328712237
2018-09-30 23:00:00,56.97727818763781,0.0,56.97727818763781
2018-10-01 00:00:00,36.014283956901636,299.9999992909814,336.0142832478831
2018-10-01 01:00:00,19.65609884484438,0.0,19.65609884484438
2018-10-01 02:00:00,17.73361933786856,0.0,17.73361933786856
2018-10-01 03:00:00,26.593357968780147,2939.9999918979934,2966.593349866773
2018-10-01 04:00:00,46.86967845397389,98.99999978608965,145.8696782400635
2018-10-01 05:00:00,77.32870700634845,8316.618997086745,8393.947704093092
2018-10-01 06:00:00,115.90291351649213,26750.777285384378,26866.680198900867
2018-10-01 07:00:00,154.42275268942927,64010.575203233275,64164.99795592271
2018-10-01 08:00:00,192.97909311356247,36686.750310066804,36879.72940318036
2018-10-01 09:00:00,234.69903553271018,37116.538873050034,37351.23790858274
2018-10-01 10:00:00,291.4223143083291,37811.86741018412,38103.28972449245
2018-10-01 11:00:00,310.59806871388236,21646.25367982567,21956.851748539557
2018-10-01 12:00:00,348.2339379510097,33574.17789476265,33922.41183271367
2018-10-01 13:00:00,334.7814789518699,29733.797250274532,30068.5787292264
2018-10-01 14:00:00,356.00786785874493,23234.44169136197,23590.449559220713
2018-10-01 15:00:00,355.53361862248113,10816.77499707383,11172.30861569631
2018-10-01 16:00:00,329.5966791830841,3861.4254702553444,4191.022149438429
2018-10-01 17:00:00,302.7864044739283,1102.195565614557,1404.9819700884848
2018-10-01 18:00:00,256.5103431099331,1944.8044238855036,2201.3147669954365
2018-10-01 19:00:00,208.20449037627492,98.99999970265556,307.20449007893046
2018-10-01 20:00:00,180.124980030453,5971.9999841209865,6152.12496415144
2018-10-01 21:00:00,132.08393336606193,31922.609444232876,32054.693377598946
2018-10-01 22:00:00,93.3451094645322,28666.390387780768,28759.7354972453
2018-10-01 23:00:00,59.75938122783052,0.0,59.75938122783052
2018-10-02 00:00:00,35.082785076925774,3834.9999883616074,3870.0827734385325
2018-10-02 01:00:00,21.61284309529696,0.0,21.61284309529696
2018-10-02 02:00:00,16.88985339127224,740.0629899590508,756.9528433503231
2018-10-02 03:00:00,26.927440181735072,2494.937000267864,2521.864440449599
2018-10-02 04:00:00,45.72098712199413,593.9999983419069,639.7209854639011
2018-10-02 05:00:00,73.4712739569576,28883.96192620881,28957.433200165768
2018-10-02 06:00:00,110.27138955683898,32601.656090360986,32711.927479917824
2018-10-02 07:00:00,153.86600279132847,34363.64653645304,34517.51253924436
2018-10-02 08:00:00,193.18463922460256,35832.4781925503,36025.6628317749
2018-10-02 09:00:00,238.37420928707914,26669.37923798871,26907.753447275783
2018-10-02 10:00:00,267.2634995341052,28431.20140297129,28698.46490250539
2018-10-02 11:00:00,317.89823514511363,25170.13599013184,25488.034225276955
2018-10-02 12:00:00,342.9914592359286,23445.469268918394,23788.46072815432
2018-10-02 13:00:00,344.69777696727215,32451.720933878343,32796.41871084562
2018-10-02 14:00:00,345.8561408372059,12091.051089927369,12436.907230764573
2018-10-02 15:00:00,352.40970223989746,23299.46971430502,23651.879416544918
2018-10-02 16:00:00,335.73866069218667,3020.828759655956,3356.567420348143
2018-10-02 17:00:00,298.68077652632377,4058.9999879779753,4357.680764504299
2018-10-02 18:00:00,264.77122843886025,98.99999981436603,363.77122825322624
2018-10-02 19:00:00,221.69907051565787,489.9999989846693,711.6990695003271
2018-10-02 20:00:00,174.1778709158159,22073.999938733446,22248.177809649264
2018-10-02 21:00:00,130.20313182056213,23179.26340407969,23309.466535900254
2018-10-02 22:00:00,91.5814867125534,26215.736458228184,26307.317944940736
2018-10-02 23:00:00,60.71281804595297,0.0,60.71281804595297
2018-10-03 00:00:00,35.63082045565838,20678.99994476628,20714.63076522194
2018-10-03 01:00:00,20.358545578560957,0.0,20.358545578560957
2018-10-03 02:00:00,17.83404143703806,1470.9999956342235,1488.8340370712617
2018-10-03 03:00:00,25.56626314767781,1567.9999958045498,1593.5662589522276
2018-10-03 04:00:00,48.133147286389246,306.99999976082324,355.1331470472125
2018-10-03 05:00:00,75.37893730404642,12244.394072372488,12319.773009676535
2018-10-03 06:00:00,111.2959768289036,30968.60981599515,31079.905792824058
2018-10-03 07:00:00,147.7467209351763,37087.28003072367,37235.02675165885
2018-10-03 08:00:00,192.8316487161398,46054.29137417393,46247.123022890075
2018-10-03 09:00:00,247.55874819528523,34271.11650157636,34518.675249771644
2018-10-03 10:00:00,278.8611128150993,26901.2695109877,27180.130623802797
2018-10-03 11:00:00,328.3016544626938,24250.23459506612,24578.53624952881
2018-10-03 12:00:00,343.111684467496,32732.817304728575,33075.928989196065
2018-10-03 13:00:00,360.028685497213,14368.95297590347,14728.981661400685
2018-10-03 14:00:00,337.20025391554066,8826.53738665245,9163.73764056799
2018-10-03 15:00:00,356.42635923605064,22275.42138352306,22631.847742759106
2018-10-03 16:00:00,329.753520499555,7233.9764286832215,7563.729949182778
2018-10-03 17:00:00,286.748026647354,628.097783333794,914.845809981148
2018-10-03 18:00:00,263.29816135341133,207.99999903812585,471.2981603915372
2018-10-03 19:00:00,218.81877032401516,98.99999984493408,317.81877016894924
2018-10-03 20:00:00,177.1533416493088,18464.999949808684,18642.153291457995
2018-10-03 21:00:00,131.88145274632316,29566.568463863085,29698.44991660941
2018-10-03 22:00:00,94.4407415124758,32135.431366043256,32229.872107555726
2018-10-03 23:00:00,58.24978128557691,0.0,58.24978128557691
2018-10-04 00:00:00,34.59636724129146,5461.999983738561,5496.596350979852
2018-10-04 01:00:00,20.909716671157554,0.0,20.909716671157554
2018-10-04 02:00:00,17.951238865307495,2743.999993201105,2761.951232066413
2018-10-04 03:00:00,25.450809047462492,489.9999994075704,515.4508084550329
2018-10-04 04:00:00,47.776871601072486,0.0,47.776871601072486
2018-10-04 05:00:00,74.44356032217652,15365.711094183243,15440.15465450542
2018-10-04 06:00:00,112.9709347754999,24762.344373252934,24875.315308028432
2018-10-04 07:00:00,149.62239271642392,32152.94257132468,32302.5649640411
2018-10-04 08:00:00,196.8035712487859,26527.216685626332,26724.020256875116
2018-10-04 09:00:00,242.02391727267636,28724.77574516963,28966.79966244231
2018-10-04 10:00:00,287.3946483158676,26565.65783620032,26853.05248451619
2018-10-04 11:00:00,316.4467629818254,22062.90084365774,22379.347606639563
2018-10-04 12:00:00,342.9911314699126,17722.578122884766,18065.569254354683
2018-10-04 13:00:00,353.79182617859135,18071.500789143145,18425.292615321734
2018-10-04 14:00:00,364.81299622587426,29254.31926493896,29619.132261164832
2018-10-04 15:00:00,353.0534192228631,18044.91002534375,18397.963444566612
2018-10-04 16:00:00,333.02533194406976,19985.14185025471,20318.167182198777
2018-10-04 17:00:00,302.2487858201619,5374.999982895778,5677.248768715939
2018-10-04 18:00:00,259.3394514322333,0.0,259.3394514322333
2018-10-04 19:00:00,220.79911974010082,0.0,220.79911974010082
2018-10-04 20:00:00,178.99546830489982,21352.9999382029,21531.995406507795
2018-10-04 21:00:00,131.74613057728365,36673.332220533724,36805.078351111006
2018-10-04 22:00:00,96.39055269315713,37843.667569100544,37940.0581217937
2018-10-04 23:00:00,59.0699334336844,0.0,59.0699334336844
2018-10-05 00:00:00,35.7816640348861,24885.99993298669,24921.781597021578
2018-10-05 01:00:00,20.06469820984225,0.0,20.06469820984225
2018-10-05 02:00:00,18.084591544826587,24503.999935180196,24522.084526725015
2018-10-05 03:00:00,26.36092334351477,882.9999969415165,909.3609202850313
2018-10-05 04:00:00,44.21306115264254,484.9999986749288,529.2130598275712
2018-10-05 05:00:00,71.11948000076953,13934.53845025716,14005.65793025793
2018-10-05 06:00:00,109.97263155505183,27913.54879130992,28023.52142286497
2018-10-05 07:00:00,154.27241960389378,43845.17765037942,43999.450069983315
2018-10-05 08:00:00,201.1091684786637,42070.99142486462,42272.100593343275
2018-10-05 09:00:00,240.660316895976,25360.331743463947,25600.992060359924
2018-10-05 10:00:00,271.92997362906476,14183.742927166382,14455.672900795447
2018-10-05 11:00:00,306.5594587993937,33127.02218039882,33433.58163919821
2018-10-05 12:00:00,341.42581971508446,12639.221736262953,12980.647555978037
2018-10-05 13:00:00,341.8560238301304,17763.526057434232,18105.38208126436
2018-10-05 14:00:00,350.0889606602276,12884.818429304843,13234.90738996507
2018-10-05 15:00:00,353.1575493669682,36506.17268434532,36859.330233712295
2018-10-05 16:00:00,329.3596725030413,2785.90712709323,3115.266799596271
2018-10-05 17:00:00,305.9728328918615,2440.99999320265,2746.972826094511
2018-10-05 18:00:00,258.19861553514113,836.9999978459341,1095.1986133810753
2018-10-05 19:00:00,217.54437554183122,0.0,217.54437554183122
2018-10-05 20:00:00,171.93001752887727,15414.999957823055,15586.929975351932
2018-10-05 21:00:00,133.8714955461278,31302.415263094863,31436.28675864099
2018-10-05 22:00:00,96.51612153926857,23840.58458255928,23937.10070409855
2018-10-05 23:00:00,58.859189640935895,98.9999996968444,157.8591893377803
2018-10-06 00:00:00,35.32728726097038,24898.999934040177,24934.327221301148
2018-10-06 01:00:00,20.464304612632116,0.0,20.464304612632116
2018-10-06 02:00:00,17.786125544717983,0.0,17.786125544717983
2018-10-06 03:00:00,27.2169929887879,0.0,27.2169929887879
2018-10-06 04:00:00,45.18705260170051,0.0,45.18705260170051
2018-10-06 05:00:00,76.85356459080417,2276.9999930865615,2353.8535576773656
2018-10-06 06:00:00,111.39539369194989,0.0,111.39539369194989
2018-10-06 07:00:00,156.44315011253664,494.99999813485266,651.4431482473894
2018-10-06 08:00:00,206.43302656995604,0.0,206.43302656995604
2018-10-06 09:00:00,247.48869989830766,0.0,247.48869989830766
2018-10-06 10:00:00,283.29065907011113,0.0,283.29065907011113
2018-10-06 11:00:00,313.99079598152457,0.0,313.99079598152457
2018-10-06 12:00:00,330.0706775970737,0.0,330.0706775970737
2018-10-06 13:00:00,352.71848018801046,0.0,352.71848018801046
2018-10-06 14:00:00,358.9016785550999,0.0,358.9016785550999
2018-10-06 15:00:00,351.38678346607855,0.0,351.38678346607855
2018-10-06 16:00:00,325.17441396365285,0.0,325.17441396365285
2018-10-06 17:00:00,293.40288966815433,0.0,293.40288966815433
2018-10-06 18:00:00,255.34821256397635,0.0,255.34821256397635
2018-10-06 19:00:00,213.60201769518977,0.0,213.60201769518977
2018-10-06 20:00:00,167.19470406367492,0.0,167.19470406367492
2018-10-06 21:00:00,131.7151454455319,6962.420538860633,7094.135684306165
2018-10-06 22:00:00,89.89985164601549,3892.579431132219,3982.479282778234
2018-10-06 23:00:00,58.53833966986936,0.0,58.53833966986936
2018-10-07 00:00:00,35.19840480661855,0.0,35.19840480661855
2018-10-07 01:00:00,20.802881100795535,0.0,20.802881100795535
2018-10-07 02:00:00,17.845159171517995,0.0,17.845159171517995
2018-10-07 03:00:00,27.139611914653575,0.0,27.139611914653575
2018-10-07 04:00:00,44.69848454799579,0.0,44.69848454799579
2018-10-07 05:00:00,76.23379097888616,126.56318010895968,202.79697108784586
2018-10-07 06:00:00,108.64507367421623,467.4368186011774,576.0818922753936
2018-10-07 07:00:00,146.36533696183386,0.0,146.36533696183386
2018-10-07 08:00:00,197.15067464870668,0.0,197.15067464870668
2018-10-07 09:00:00,243.2727572693828,0.0,243.2727572693828
2018-10-07 10:00:00,274.5621795813021,0.0,274.5621795813021
2018-10-07 11:00:00,302.5670603662288,0.0,302.5670603662288
2018-10-07 12:00:00,325.75411498119337,0.0,325.75411498119337
2018-10-07 13:00:00,357.0065240053992,77.99999966202878,435.006523667428
2018-10-07 14:00:00,357.69203803857795,0.0,357.69203803857795
2018-10-07 15:00:00,352.71328982503815,368.99999939188064,721.7132892169187
2018-10-07 16:00:00,322.59365767915455,0.0,322.59365767915455
2018-10-07 17:00:00,302.7914296737529,51.99999999473275,354.79142966848565
2018-10-07 18:00:00,257.14329562385456,0.0,257.14329562385456
2018-10-07 19:00:00,222.44598774388564,0.0,222.44598774388564
2018-10-07 20:00:00,171.4651361515453,0.0,171.4651361515453
2018-10-07 21:00:00,135.89695516509914,434.1065438668328,570.0034990319318
2018-10-07 22:00:00,90.62896422466875,6492.893436702893,6583.522400927563
2018-10-07 23:00:00,58.172434624854674,0.0,58.172434624854674
2018-10-08 00:00:00,34.02228463633745,1625.9999955928415,1660.0222802291794
2018-10-08 01:00:00,20.215407639758027,0.0,20.215407639758027
2018-10-08 02:00:00,17.296529436608797,3189.9999910972324,3207.2965205338414
2018-10-08 03:00:00,26.036996120452457,391.9999986274352,418.0369947478876
2018-10-08 04:00:00,46.00377982202879,1463.9999964328583,1510.0037762548873
2018-10-08 05:00:00,75.87788466617351,16042.518480916828,16118.396365583001
2018-10-08 06:00:00,109.39789956093928,35818.588222005754,35927.98612156669
2018-10-08 07:00:00,158.61101609348924,24349.98831478785,24508.59933088134
2018-10-08 08:00:00,197.14341571664067,42303.60110336215,42500.74451907879
2018-10-08 09:00:00,236.78557490008996,31848.032714498302,32084.81828939839
2018-10-08 10:00:00,278.00842085095496,34693.72747587698,34971.735896727936
2018-10-08 11:00:00,313.00550441463986,62476.467637094014,62789.47314150866
2018-10-08 12:00:00,347.51023342119123,29717.18181915228,30064.692052573468
2018-10-08 13:00:00,353.08898376205434,25213.719727738804,25566.80871150086
2018-10-08 14:00:00,356.27222829485686,22648.858328123308,23005.130556418164
2018-10-08 15:00:00,333.9830532041145,9655.503073552136,9989.486126756252
2018-10-08 16:00:00,331.8884826709158,1016.8121582543916,1348.7006409253074
2018-10-08 17:00:00,288.20564710342774,1286.999996027952,1575.2056431313795
2018-10-08 18:00:00,266.5990656979851,1979.9999933859056,2246.599059083891
2018-10-08 19:00:00,229.79654124552903,103.9999995082105,333.79654075373946
2018-10-08 20:00:00,180.80558169651326,17374.9999491869,17555.805530883412
2018-10-08 21:00:00,138.1121988819971,27698.432011501387,27836.54421038339
2018-10-08 22:00:00,93.58031095005924,39522.56779952577,39616.148110475835
2018-10-08 23:00:00,58.52629377608673,0.0,58.52629377608673
2018-10-09 00:00:00,34.29710986623928,22429.999934033112,22464.29704389935
2018-10-09 01:00:00,19.810167081668258,0.0,19.810167081668258
2018-10-09 02:00:00,18.117391781243875,0.0,18.117391781243875
2018-10-09 03:00:00,25.705848877814404,1567.9999956881372,1593.7058445659516
2018-10-09 04:00:00,47.22578006380136,491.9999988922455,539.2257789560468
2018-10-09 05:00:00,75.14236387459006,8326.028816949649,8401.17118082424
2018-10-09 06:00:00,112.08568754819728,38154.132992053586,38266.218679601785
2018-10-09 07:00:00,148.29548448422494,30726.88805204186,30875.183536526085
2018-10-09 08:00:00,200.59645669859196,27404.193680174318,27604.790136872907
2018-10-09 09:00:00,239.66338789174995,29966.10157014033,30205.76495803208
2018-10-09 10:00:00,285.40436765424136,40491.3594494933,40776.76381714754
2018-10-09 11:00:00,325.2217490253395,25644.8972183784,25970.11896740374
2018-10-09 12:00:00,325.5736876927833,26368.64498292659,26694.218670619375
2018-10-09 13:00:00,346.97848784126404,24857.448133426755,25204.426621268016
2018-10-09 14:00:00,338.1023250345531,14244.153241335101,14582.255566369655
2018-10-09 15:00:00,356.4473224937527,19224.151049925666,19580.598372419416
2018-10-09 16:00:00,313.6368096876562,6219.999982403364,6533.636792091022
2018-10-09 17:00:00,308.75185026534484,411.9999986652617,720.7518489306065
2018-10-09 18:00:00,269.43541552887075,97.99999972981745,367.43541525868824
2018-10-09 19:00:00,224.1473975526947,296.99999878937285,521.1473963420676
2018-10-09 20:00:00,179.2790751126644,22732.999934211526,22912.27900932419
2018-10-09 21:00:00,133.11258889504825,44086.126356382,44219.23894527705
2018-10-09 22:00:00,94.60814338670349,28312.873432170065,28407.48157555677
2018-10-09 23:00:00,58.466878682287074,0.0,58.466878682287074
2018-10-10 00:00:00,36.00240106291025,25232.99992771888,25269.002328781786
2018-10-10 01:00:00,20.20848417709482,2.3120853203053864,22.52056949740021
2018-10-10 02:00:00,16.881446221607284,4.687914657334471,21.56936087894175
2018-10-10 03:00:00,25.755182372785818,3233.999990506653,3259.7551728794388
2018-10-10 04:00:00,47.09490017456039,603.9999985016203,651.0948986761807
2018-10-10 05:00:00,75.48041950299151,8849.068524514296,8924.54894401729
2018-10-10 06:00:00,111.82740377288447,22287.2780417032,22399.105445476085
2018-10-10 07:00:00,158.87320965841633,32860.771444063605,33019.64465372202
2018-10-10 08:00:00,198.8393838930208,33191.42765918109,33390.26704307411
2018-10-10 09:00:00,243.8079978348759,23392.629096395525,23636.4370942304
2018-10-10 10:00:00,279.2658777331878,30603.723968203405,30882.989845936594
2018-10-10 11:00:00,310.86723542346,18398.14155889159,18709.00879431505
2018-10-10 12:00:00,347.7796894891161,22591.43069245204,22939.210381941157
2018-10-10 13:00:00,356.00089075190397,13297.82299798492,13653.82388873682
2018-10-10 14:00:00,357.01090033486196,7344.345812727635,7701.356713062498
2018-10-10 15:00:00,351.57081719632174,16076.382846526625,16427.953663722947
2018-10-10 16:00:00,325.8328167405727,18402.819635142536,18728.65245188311
2018-10-10 17:00:00,302.5063160858683,3977.2731355192036,4279.779451605072
2018-10-10 18:00:00,260.33520432903777,532.883875888976,793.2190802180137
2018-10-10 19:00:00,229.4905418757993,197.99999937364285,427.4905412494421
2018-10-10 20:00:00,181.07325053326628,22396.59422528088,22577.667475814145
2018-10-10 21:00:00,130.24671095550104,47527.272485950205,47657.5191969057
2018-10-10 22:00:00,92.31324830910853,41933.132982177114,42025.44623048622
2018-10-10 23:00:00,59.919896771769714,64.17626601103062,124.09616278280032
2018-10-11 00:00:00,32.90943601198316,30796.823646808378,30829.73308282036
2018-10-11 01:00:00,20.804211524027885,0.0,20.804211524027885
2018-10-11 02:00:00,17.629883877101722,0.0,17.629883877101722
2018-10-11 03:00:00,25.429256262848583,0.0,25.429256262848583
2018-10-11 04:00:00,45.35882674266372,0.0,45.35882674266372
2018-10-11 05:00:00,76.89848442254839,12970.126728609133,13047.02521303168
2018-10-11 06:00:00,107.45008710638527,18892.90818092105,19000.358268027438
2018-10-11 07:00:00,152.27226855630965,43232.33117095106,43384.60343950737
2018-10-11 08:00:00,200.1423337452935,16413.225017478744,16613.367351224035
2018-10-11 09:00:00,239.57834004919903,26268.74559708782,26508.323937137022
2018-10-11 10:00:00,283.3746699331914,29318.63649025925,29602.011160192444
2018-10-11 11:00:00,305.6966369312636,12528.01793148803,12833.714568419295
2018-10-11 12:00:00,333.7020973217052,16678.47184762171,17012.173944943417
2018-10-11 13:00:00,350.0326743379379,26370.466293304024,26720.49896764196
2018-10-11 14:00:00,362.15859315080206,19851.81580375864,20213.97439690944
2018-10-11 15:00:00,349.070931736707,25876.254238475467,26225.32517021217
2018-10-11 16:00:00,321.96985600372875,23031.999939455163,23353.969795458892
2018-10-11 17:00:00,294.3625746764759,5056.1907374813345,5350.55331215781
2018-10-11 18:00:00,270.4126756171428,251.8092463335152,522.221921950658
2018-10-11 19:00:00,221.22939124557325,1088.9999962867885,1310.229387532362
2018-10-11 20:00:00,173.81142761657534,16134.999954801548,16308.81138241812
2018-10-11 21:00:00,125.62515210598829,29353.9202262441,29479.54537835009
2018-10-11 22:00:00,94.93028670778517,30412.07960825211,30507.009894959894
2018-10-11 23:00:00,60.334968027579635,0.0,60.334968027579635
2018-10-12 00:00:00,34.53939384547802,25691.999924235333,25726.539318080806
2018-10-12 01:00:00,20.51407801608587,0.0,20.51407801608587
2018-10-12 02:00:00,17.591127616858124,0.0,17.591127616858124
2018-10-12 03:00:00,25.692734159681216,11665.999967811367,11691.69270197105
2018-10-12 04:00:00,46.254162466105825,1313.9999958260883,1360.254158292194
2018-10-12 05:00:00,77.68169668707156,13903.08009250387,13980.761789190941
2018-10-12 06:00:00,110.79970545239968,28238.32050015153,28349.120205603933
2018-10-12 07:00:00,148.67546563736215,30170.420433293817,30319.095898931177
2018-10-12 08:00:00,200.88226458756893,25123.366816790418,25324.249081377988
2018-10-12 09:00:00,253.78736030517865,36761.047507484545,37014.83486778972
2018-10-12 10:00:00,270.35498734619784,23143.66571719387,23414.020704540068
2018-10-12 11:00:00,308.27367341208674,29277.084222368132,29585.357895780224
2018-10-12 12:00:00,338.4445274335449,32666.066779660134,33004.51130709368
2018-10-12 13:00:00,349.27292517049136,20690.768275576746,21040.041200747233
2018-10-12 14:00:00,341.256975375495,7041.033112323637,7382.290087699132
2018-10-12 15:00:00,363.7428422037374,21881.14579320565,22244.888635409392
2018-10-12 16:00:00,332.5829830929997,7907.104713243695,8239.687696336694
2018-10-12 17:00:00,301.93355758351686,4467.895250862447,4769.828808445964
2018-10-12 18:00:00,265.0342980195262,692.9999984099065,958.0342964294327
2018-10-12 19:00:00,219.61191418735896,0.0,219.61191418735896
2018-10-12 20:00:00,172.68781779202038,332.99999942502455,505.68781721704494
2018-10-12 21:00:00,128.40609870799904,32331.07135674255,32459.47745545055
2018-10-12 22:00:00,92.94277097988376,27191.92847676284,27284.87124774272
2018-10-12 23:00:00,58.462244986721714,0.0,58.462244986721714
2018-10-13 00:00:00,35.497282978704376,21781.999944947573,21817.497227926277
2018-10-13 01:00:00,20.730951015114435,0.0,20.730951015114435
2018-10-13 02:00:00,17.379506017365095,0.0,17.379506017365095
2018-10-13 03:00:00,27.101167105207267,0.0,27.101167105207267
2018-10-13 04:00:00,44.60143724124299,737.9999980747748,782.6014353160178
2018-10-13 05:00:00,75.55490975267071,1781.9999947467252,1857.554904499396
2018-10-13 06:00:00,109.6994198800393,0.0,109.6994198800393
2018-10-13 07:00:00,152.78097431922237,98.9999997830233,251.7809741022457
2018-10-13 08:00:00,203.25371827156658,0.0,203.25371827156658
2018-10-13 09:00:00,239.63512546274399,0.0,239.63512546274399
2018-10-13 10:00:00,279.0956492099899,151.99999962562873,431.09564883561865
2018-10-13 11:00:00,308.24648237150603,0.0,308.24648237150603
2018-10-13 12:00:00,331.30454887881535,0.0,331.30454887881535
2018-10-13 13:00:00,356.77008862454153,98.99999987849202,455.7700885030336
2018-10-13 14:00:00,351.0445251688305,0.0,351.0445251688305
2018-10-13 15:00:00,333.82829907438196,0.0,333.82829907438196
2018-10-13 16:00:00,331.9733250315111,0.0,331.9733250315111
2018-10-13 17:00:00,299.4004399040297,0.0,299.4004399040297
2018-10-13 18:00:00,265.8785314434549,0.0,265.8785314434549
2018-10-13 19:00:00,221.63460811271258,0.0,221.63460811271258
2018-10-13 20:00:00,180.1550767401908,0.0,180.1550767401908
2018-10-13 21:00:00,128.3897608954128,10171.530625801122,10299.920386696538
2018-10-13 22:00:00,90.78160723581253,5286.469331104926,5377.250938340739
2018-10-13 23:00:00,61.665092518049526,0.0,61.665092518049526
2018-10-14 00:00:00,35.76609537879007,0.0,35.76609537879007
2018-10-14 01:00:00,20.478525012917324,0.0,20.478525012917324
2018-10-14 02:00:00,18.316517382592888,0.0,18.316517382592888
2018-10-14 03:00:00,27.81999350539975,0.0,27.81999350539975
2018-10-14 04:00:00,47.351674448170925,0.0,47.351674448170925
2018-10-14 05:00:00,75.92834795342515,0.0,75.92834795342515
2018-10-14 06:00:00,111.4708991957906,0.0,111.4708991957906
2018-10-14 07:00:00,156.71566159626894,0.0,156.71566159626894
2018-10-14 08:00:00,197.47814690028872,0.0,197.47814690028872
2018-10-14 09:00:00,232.42261398892526,0.0,232.42261398892526
2018-10-14 10:00:00,271.83613381055704,0.0,271.83613381055704
2018-10-14 11:00:00,327.9834575153875,0.0,327.9834575153875
2018-10-14 12:00:00,326.1203326337899,0.0,326.1203326337899
2018-10-14 13:00:00,357.8892134403869,0.0,357.8892134403869
2018-10-14 14:00:00,358.5966972325922,0.0,358.5966972325922
2018-10-14 15:00:00,363.6725396059219,0.0,363.6725396059219
2018-10-14 16:00:00,323.8447146868166,0.0,323.8447146868166
2018-10-14 17:00:00,292.66410400125125,0.0,292.66410400125125
2018-10-14 18:00:00,257.22185694616036,0.0,257.22185694616036
2018-10-14 19:00:00,222.18706528793507,0.0,222.18706528793507
2018-10-14 20:00:00,180.91759946251892,6080.192300626122,6261.109900088641
2018-10-14 21:00:00,132.18118556585793,17061.3240058643,17193.505191430155
2018-10-14 22:00:00,94.16458282595445,2566.483627103737,2660.648209929692
2018-10-14 23:00:00,61.37826896879233,0.0,61.37826896879233
2018-10-15 00:00:00,34.77301666208878,556.9999986268153,591.7730152889042
2018-10-15 01:00:00,20.647342525566977,0.0,20.647342525566977
2018-10-15 02:00:00,18.105884385342804,0.0,18.105884385342804
2018-10-15 03:00:00,26.842719771540494,0.0,26.842719771540494
2018-10-15 04:00:00,47.99873587166668,233.9999997985489,281.9987356702156
2018-10-15 05:00:00,76.93651541819236,13789.35912296148,13866.295638379672
2018-10-15 06:00:00,110.47934773993208,15155.812926688508,15266.29227442844
2018-10-15 07:00:00,155.7522796607448,16831.37533137987,16987.127611040614
2018-10-15 08:00:00,197.26711322889477,28802.70901025318,28999.976123482076
2018-10-15 09:00:00,245.6003303352876,19143.44422939449,19389.044559729773
2018-10-15 10:00:00,276.1126368102249,23582.410157148675,23858.522793958902
2018-10-15 11:00:00,311.2390281640717,25573.259365744252,25884.498393908325
2018-10-15 12:00:00,336.3129286197207,25902.066301820283,26238.37923044
2018-10-15 13:00:00,359.18986799652885,23024.582582657655,23383.772450654178
2018-10-15 14:00:00,361.34728413962415,20889.276698141344,21250.62398228097
2018-10-15 15:00:00,358.2511740931039,18482.972460827907,18841.223634921007
2018-10-15 16:00:00,324.2200903131491,881.0991963779767,1205.3192866911259
2018-10-15 17:00:00,282.7730955386895,16.631980855930703,299.4050763946202
2018-10-15 18:00:00,269.0734366033872,697.8439072854285,966.9173438888158
2018-10-15 19:00:00,224.38563536186888,100.15609048793316,324.54172584980205
2018-10-15 20:00:00,174.29536063250544,18131.999947757406,18306.295308389912
2018-10-15 21:00:00,126.81221275512078,29374.44419030898,29501.2564030641
2018-10-15 22:00:00,91.94792354231825,34659.555626581634,34751.503550123954
2018-10-15 23:00:00,59.86484047023809,1295.932304530107,1355.7971450003454
2018-10-16 00:00:00,34.47859194164017,25543.06761759817,25577.54620953981
2018-10-16 01:00:00,19.916937777688318,0.0,19.916937777688318
2018-10-16 02:00:00,17.225558450504074,3173.6481731173653,3190.8737315678695
2018-10-16 03:00:00,26.603709403809724,1120.3518141630632,1146.9555235668727
2018-10-16 04:00:00,45.69032665447453,5183.999984743036,5229.690311397511
2018-10-16 05:00:00,76.16459801159004,6895.7712093160635,6971.935807327654
2018-10-16 06:00:00,116.4885790185269,27554.773129807363,27671.261708825885
2018-10-16 07:00:00,153.05099366937918,52526.36076599067,52679.41175966005
2018-10-16 08:00:00,197.12992560719107,59385.38025368498,59582.51017929218
2018-10-16 09:00:00,234.5585250964303,32994.20313523934,33228.761660335775
2018-10-16 10:00:00,289.1238283915942,28911.06203920357,29200.185867595166
2018-10-16 11:00:00,311.74876990144105,34197.289351831416,34509.038121732854
2018-10-16 12:00:00,345.0101856938969,56103.23086070694,56448.24104640084
2018-10-16 13:00:00,357.7352815373852,25690.518884795914,26048.254166333296
2018-10-16 14:00:00,351.1954380794107,19051.18014196567,19402.37558004508
2018-10-16 15:00:00,348.21131306095907,20578.93698206233,20927.14829512329
2018-10-16 16:00:00,337.682384141395,13586.292206277421,13923.97459041882
2018-10-16 17:00:00,301.4505214737421,143.99999966597892,445.45052113972116
2018-10-16 18:00:00,269.26197089006837,98.999999982431,368.26197087249943
2018-10-16 19:00:00,218.36514223751166,368.9999989902541,587.3651412277658
2018-10-16 20:00:00,171.7358950125199,23316.99993093119,23488.73582594371
2018-10-16 21:00:00,134.92550265285797,35227.04961061407,35361.975113266926
2018-10-16 22:00:00,95.91046906425822,34888.95019706565,34984.860666129905
2018-10-16 23:00:00,60.81431558930434,0.0,60.81431558930434
2018-10-17 00:00:00,35.38110344739166,21431.999940860504,21467.381044307895
2018-10-17 01:00:00,21.053274588807593,0.0,21.053274588807593
2018-10-17 02:00:00,17.814444944458934,2156.9999927560366,2174.8144377004955
2018-10-17 03:00:00,26.212542932529182,0.0,26.212542932529182
2018-10-17 04:00:00,46.02423658075408,4157.999990091906,4204.024226672659
2018-10-17 05:00:00,78.08853137226932,15110.290410080506,15188.378941452775
2018-10-17 06:00:00,108.35887893085595,31711.0730737118,31819.43195264265
2018-10-17 07:00:00,154.87972485932693,14510.91984937061,14665.799574229935
2018-10-17 08:00:00,194.21007017232236,12699.245368224427,12893.45543839675
2018-10-17 09:00:00,237.361203826642,41706.062529600524,41943.423733427175
2018-10-17 10:00:00,267.561804907089,39230.241252204294,39497.80305711138
2018-10-17 11:00:00,321.7763965791793,29456.952776705402,29778.729173284584
2018-10-17 12:00:00,327.7567290583348,24941.17579865324,25268.93252771158
2018-10-17 13:00:00,361.28218126905097,21673.913351480714,22035.195532749764
2018-10-17 14:00:00,357.72980817148056,20671.81819474361,21029.548002915093
2018-10-17 15:00:00,355.02926236565895,22313.019613534212,22668.04887589987
2018-10-17 16:00:00,319.86272047073294,4034.2870048782593,4354.1497253489915
2018-10-17 17:00:00,299.39301220242,39.99999987540919,339.3930120778292
2018-10-17 18:00:00,259.4651533235406,207.99999980360514,467.46515312714575
2018-10-17 19:00:00,226.0444602053588,392.9999989854807,619.0444591908396
2018-10-17 20:00:00,175.12643083419925,21686.86376010802,21861.99019094222
2018-10-17 21:00:00,133.98986047712228,37614.656955608356,37748.64681608548
2018-10-17 22:00:00,93.71139063132004,43620.478979616346,43714.19037024767
2018-10-17 23:00:00,61.185852962730195,0.0,61.185852962730195
2018-10-18 00:00:00,33.695460091142756,21022.99994091248,21056.69540100362
2018-10-18 01:00:00,21.121387680445924,0.0,21.121387680445924
2018-10-18 02:00:00,18.45885009571959,28558.50128408588,28576.9601341816
2018-10-18 03:00:00,25.395996484771615,1568.9474088355596,1594.3434053203314
2018-10-18 04:00:00,45.25995148030613,6276.196539152318,6321.456490632625
2018-10-18 05:00:00,74.06496440853618,17827.969202390494,17902.03416679903
2018-10-18 06:00:00,112.05291733231755,23412.72474031074,23524.77765764306
2018-10-18 07:00:00,157.33234586428858,31756.93960850407,31914.271954368356
2018-10-18 08:00:00,209.32682935633858,26986.409468677855,27195.736298034193
2018-10-18 09:00:00,245.57723554102955,38703.43413172351,38949.01136726454
2018-10-18 10:00:00,288.4975617005932,21205.953812242908,21494.4513739435
2018-10-18 11:00:00,308.22185778823723,29936.133999268397,30244.355857056635
2018-10-18 12:00:00,353.1395741096727,17330.529670314783,17683.669244424458
2018-10-18 13:00:00,340.4653421334626,9310.910259589791,9651.375601723254
2018-10-18 14:00:00,362.43797213492815,15284.935725427182,15647.373697562107
2018-10-18 15:00:00,339.0359962742539,18629.413340820938,18968.449337095197
2018-10-18 16:00:00,315.3432622502265,1187.9999967828696,1503.3432590330963
2018-10-18 17:00:00,291.08567444547907,3266.999991502332,3558.08566594781
2018-10-18 18:00:00,267.1866980505372,593.9999980758348,861.186696126372
2018-10-18 19:00:00,215.1020274787708,1187.9999961317444,1403.102023610515
2018-10-18 20:00:00,180.4891389821584,18716.99994726863,18897.489086250785
2018-10-18 21:00:00,130.26550548731956,39227.60342905493,39357.868934542246
2018-10-18 22:00:00,92.71183985772196,57230.39629426763,57323.10813412535
2018-10-18 23:00:00,62.57065787995669,0.0,62.57065787995669
2018-10-19 00:00:00,35.17866785974923,26460.99992902428,26496.178596884027
2018-10-19 01:00:00,21.322346928802673,1131.1319661554928,1152.4543130842953
2018-10-19 02:00:00,17.394345944243504,8778.86800430099,8796.262350245233
2018-10-19 03:00:00,25.356395344581788,2084.7802857957236,2110.1366811403054
2018-10-19 04:00:00,47.04889627496619,4191.219698172532,4238.268594447498
2018-10-19 05:00:00,77.30393016669764,28452.02872757546,28529.33265774216
2018-10-19 06:00:00,114.92537633031114,13771.444654525367,13886.37003085568
2018-10-19 07:00:00,154.1807541646712,33606.92508595616,33761.105840120836
2018-10-19 08:00:00,191.1844710175169,22094.499191027673,22285.683662045194
2018-10-19 09:00:00,231.66420177231677,23396.28879806004,23627.952999832356
2018-10-19 10:00:00,278.34410639940774,9443.822014105748,9722.166120505153
2018-10-19 11:00:00,315.37340531432756,16942.338271884695,17257.71167719902
2018-10-19 12:00:00,347.7615261343303,6283.896830289977,6631.658356424307
2018-10-19 13:00:00,345.3165278311035,11049.447212209383,11394.763740040487
2018-10-19 14:00:00,363.3695008182332,6424.308731976878,6787.678232795112
2018-10-19 15:00:00,359.45606360937677,18005.60975008166,18365.06581369104
2018-10-19 16:00:00,328.74118652861716,292.39020019600554,621.1313867246226
2018-10-19 17:00:00,292.42242711131826,98.99999965517482,391.4224267664931
2018-10-19 18:00:00,260.6396234888511,197.99999956985152,458.63962305870257
2018-10-19 19:00:00,217.012482905451,0.0,217.012482905451
2018-10-19 20:00:00,171.20226852784566,17979.99994755514,18151.202216082987
2018-10-19 21:00:00,129.5339587658891,36608.94308499222,36738.47704375811
2018-10-19 22:00:00,88.60454888144781,28821.056727402563,28909.661276284012
2018-10-19 23:00:00,59.18902226199705,0.0,59.18902226199705
2018-10-20 00:00:00,34.45243777916936,22819.999936498378,22854.452374277545
2018-10-20 01:00:00,19.63013453013275,0.0,19.63013453013275
2018-10-20 02:00:00,17.104855576182587,0.0,17.104855576182587
2018-10-20 03:00:00,26.748480742961686,0.0,26.748480742961686
2018-10-20 04:00:00,45.0250670960889,0.0,45.0250670960889
2018-10-20 05:00:00,71.34798333486901,296.9999993670497,368.3479827019187
2018-10-20 06:00:00,111.48270601632856,0.0,111.48270601632856
2018-10-20 07:00:00,155.1435350354879,1764.9999950887682,1920.1435301242561
2018-10-20 08:00:00,195.7722840917083,98.99999960437728,294.77228369608554
2018-10-20 09:00:00,237.00925493748406,0.0,237.00925493748406
2018-10-20 10:00:00,287.30573422373345,0.0,287.30573422373345
2018-10-20 11:00:00,311.597545001084,489.99999896028146,801.5975439613653
2018-10-20 12:00:00,332.44452524803137,0.0,332.44452524803137
2018-10-20 13:00:00,352.64661523910024,1.9999999943368232,354.64661523343705
2018-10-20 14:00:00,363.56644928999617,0.0,363.56644928999617
2018-10-20 15:00:00,337.52675380785706,0.0,337.52675380785706
2018-10-20 16:00:00,322.4561355323669,0.0,322.4561355323669
2018-10-20 17:00:00,291.6581565901512,0.0,291.6581565901512
2018-10-20 18:00:00,253.245262713628,0.0,253.245262713628
2018-10-20 19:00:00,216.12961517240782,0.0,216.12961517240782
2018-10-20 20:00:00,178.70008983118322,0.0,178.70008983118322
2018-10-20 21:00:00,133.1834727814785,605.7513254293539,738.9347982108325
2018-10-20 22:00:00,94.15819404587668,669.2486705459378,763.4068645918145
2018-10-20 23:00:00,60.116036467094226,0.0,60.116036467094226
2018-10-21 00:00:00,34.96371879118901,0.0,34.96371879118901
2018-10-21 01:00:00,20.775524033983615,0.0,20.775524033983615
2018-10-21 02:00:00,17.493579673959374,0.0,17.493579673959374
2018-10-21 03:00:00,26.37645141048153,0.0,26.37645141048153
2018-10-21 04:00:00,44.66270965863029,0.0,44.66270965863029
2018-10-21 05:00:00,75.145707656159,0.0,75.145707656159
2018-10-21 06:00:00,110.95600445167784,1229.999996250309,1340.956000701987
2018-10-21 07:00:00,147.1026115397043,0.0,147.1026115397043
2018-10-21 08:00:00,194.22167322334113,0.999999999273414,195.22167322261453
2018-10-21 09:00:00,236.98308321510834,0.0,236.98308321510834
2018-10-21 10:00:00,285.327912874698,0.0,285.327912874698
2018-10-21 11:00:00,317.8233260748921,0.0,317.8233260748921
2018-10-21 12:00:00,340.25597243023356,0.0,340.25597243023356
2018-10-21 13:00:00,337.3365373026471,0.0,337.3365373026471
2018-10-21 14:00:00,360.23828410681045,0.0,360.23828410681045
2018-10-21 15:00:00,352.28482937648795,0.0,352.28482937648795
2018-10-21 16:00:00,326.1665518608577,103.99999984125996,430.16655170211766
2018-10-21 17:00:00,298.40977071171375,0.0,298.40977071171375
2018-10-21 18:00:00,267.8891826425023,0.0,267.8891826425023
2018-10-21 19:00:00,217.36342217622968,0.0,217.36342217622968
2018-10-21 20:00:00,176.28856429291818,0.0,176.28856429291818
2018-10-21 21:00:00,130.99596171962725,132.03197963235436,263.0279413519816
2018-10-21 22:00:00,91.65870645054346,7296.96799898548,7388.626705436024
2018-10-21 23:00:00,60.17058341457512,1880.999994448952,1941.170577863527
2018-10-22 00:00:00,35.48287423553256,1084.9999968741097,1120.4828711096422
2018-10-22 01:00:00,21.084687548949294,0.0,21.084687548949294
2018-10-22 02:00:00,17.876364167385663,2841.999992862984,2859.87635703037
2018-10-22 03:00:00,26.86018075871753,0.0,26.86018075871753
2018-10-22 04:00:00,47.45408748679142,806.9999974565133,854.4540849433047
2018-10-22 05:00:00,76.5956495959814,11314.01748282901,11390.613132424989
2018-10-22 06:00:00,109.7770020987466,31353.319730399442,31463.09673249819
2018-10-22 07:00:00,154.43510068370506,33302.78469338133,33457.21979406504
2018-10-22 08:00:00,205.41398743274826,42769.274118135916,42974.68810556866
2018-10-22 09:00:00,243.6364050006068,30843.64141906378,31087.27782406439
2018-10-22 10:00:00,274.2987753216553,23547.599220441694,23821.89799576335
2018-10-22 11:00:00,328.3411334807096,30137.61701270957,30465.958146190278
2018-10-22 12:00:00,348.999167864652,24306.13574311853,24655.134910983186
2018-10-22 13:00:00,353.9068949396865,32143.392044331158,32497.29893927084
2018-10-22 14:00:00,354.199662237437,21711.707935222577,22065.90759746001
2018-10-22 15:00:00,337.8683903342502,20231.201735151502,20569.070125485756
2018-10-22 16:00:00,320.6328563716216,12884.307980629228,13204.940837000851
2018-10-22 17:00:00,301.00382568537844,197.99999982583296,499.0038255112114
2018-10-22 18:00:00,259.94649491108817,8320.999976860807,8580.946471771895
2018-10-22 19:00:00,219.73014087904585,195.9999991591272,415.7301400381731
2018-10-22 20:00:00,178.7103078280897,14009.999960681196,14188.710268509283
2018-10-22 21:00:00,130.39672348874055,27585.27101714126,27715.66774063
2018-10-22 22:00:00,93.30632710070344,38992.728797962605,39086.03512506331
2018-10-22 23:00:00,59.34671037499341,0.0,59.34671037499341
2018-10-23 00:00:00,34.45613167277562,26801.99992422532,26836.456055898096
2018-10-23 01:00:00,20.771974835239742,9.999999962004225,30.771974797243967
2018-10-23 02:00:00,17.22474334060064,3135.999990932561,3153.224734273162
2018-10-23 03:00:00,25.837597602163633,1371.9999952034875,1397.8375928056514
2018-10-23 04:00:00,45.568013367834695,594.6990986663616,640.2671120341962
2018-10-23 05:00:00,76.27028786399885,17150.35813644866,17226.628424312657
2018-10-23 06:00:00,115.8416582919602,20713.75960988355,20829.60126817551
2018-10-23 07:00:00,152.9008910288229,44861.80599936689,45014.706890395704
2018-10-23 08:00:00,200.58406848676606,36374.57189000817,36575.15595849494
2018-10-23 09:00:00,233.3324608797023,29279.576819388858,29512.909280268563
2018-10-23 10:00:00,283.64909046773585,13371.39670451703,13655.045794984766
2018-10-23 11:00:00,308.3135997557399,22450.99375198702,22759.307351742762
2018-10-23 12:00:00,353.255758901254,37985.94819421598,38339.203953117234
2018-10-23 13:00:00,363.47422355774387,17380.232398959048,17743.706622516787
2018-10-23 14:00:00,354.50107356230035,15458.705173865306,15813.206247427606
2018-10-23 15:00:00,360.3798821482926,28511.227816923365,28871.607699071657
2018-10-23 16:00:00,316.4414446192808,11431.723588904475,11748.165033523755
2018-10-23 17:00:00,293.9813218364579,111.58374946801841,405.5650713044763
2018-10-23 18:00:00,267.2615217144024,304.41624940832094,571.6777711227234
2018-10-23 19:00:00,220.0237085227771,0.0,220.0237085227771
2018-10-23 20:00:00,177.19258587770776,22790.999934298776,22968.192520176483
2018-10-23 21:00:00,133.37567850060992,22710.205545685196,22843.581224185804
2018-10-23 22:00:00,89.67543814172885,34001.79429206558,34091.469730207304
2018-10-23 23:00:00,59.548295272244076,359.8676143020206,419.41590957426473
2018-10-24 00:00:00,34.41533699572467,23473.132317529216,23507.54765452494
2018-10-24 01:00:00,21.201203068460465,0.0,21.201203068460465
2018-10-24 02:00:00,17.407755932610456,1571.9999953112801,1589.4077512438905
2018-10-24 03:00:00,26.684197212769174,587.999998514272,614.6841957270412
2018-10-24 04:00:00,44.90836289421515,593.9999981678569,638.9083610620721
2018-10-24 05:00:00,70.88372263955965,18218.059020561694,18288.942743201256
2018-10-24 06:00:00,113.61215077306092,16678.869332783233,16792.481483556297
2018-10-24 07:00:00,153.40377675388072,33164.309751981695,33317.713528735585
2018-10-24 08:00:00,192.7833432260124,29004.75357124783,29197.536914473843
2018-10-24 09:00:00,245.45446381209382,26075.37088049544,26320.82534430753
2018-10-24 10:00:00,283.8715149151926,20895.274208153613,21179.145723068803
2018-10-24 11:00:00,308.2248445517607,24580.536531530168,24888.76137608193
2018-10-24 12:00:00,347.0940521418173,31091.12414619397,31438.218198335788
2018-10-24 13:00:00,364.3818078686992,26635.907885280256,27000.28969314896
2018-10-24 14:00:00,365.0186776034178,28765.899420895385,29130.918098498805
2018-10-24 15:00:00,364.5918269350176,20079.878199837603,20444.470026772622
2018-10-24 16:00:00,333.5658281742859,156.0162668711253,489.58209504541117
2018-10-24 17:00:00,297.51865420439253,2177.999994074006,2475.5186482783984
2018-10-24 18:00:00,251.84219926435634,296.9999994799346,548.842198744291
2018-10-24 19:00:00,214.91855049483434,98.99999995181264,313.918550446647
2018-10-24 20:00:00,173.0246542451036,16663.99995304637,16837.02460729147
2018-10-24 21:00:00,135.59134355919443,26658.312157032982,26793.903500592176
2018-10-24 22:00:00,91.9584425235218,36391.687663427736,36483.64610595126
2018-10-24 23:00:00,59.297530936411675,0.0,59.297530936411675
2018-10-25 00:00:00,34.22280115222294,21767.999942531787,21802.22274368401
2018-10-25 01:00:00,20.94352215990568,0.0,20.94352215990568
2018-10-25 02:00:00,18.115544474331465,0.0,18.115544474331465
2018-10-25 03:00:00,26.78608019084993,5075.999986055793,5102.786066246644
2018-10-25 04:00:00,46.64242047413819,209.99999912937514,256.6424196035133
2018-10-25 05:00:00,79.3996665750603,23991.400380265,24070.800046840053
2018-10-25 06:00:00,109.1603339441992,20626.202156069172,20735.36249001337
2018-10-25 07:00:00,156.4774495350552,33683.71177252497,33840.18922206003
2018-10-25 08:00:00,203.88125821426289,25332.645138462307,25536.52639667657
2018-10-25 09:00:00,235.55065574803524,37008.4192949327,37243.96995068074
2018-10-25 10:00:00,281.5192448694056,18606.975111502958,18888.49435637236
2018-10-25 11:00:00,329.0118485946384,24031.195449834748,24360.207298429388
2018-10-25 12:00:00,342.3526899617145,10658.849926720555,11001.202616682269
2018-10-25 13:00:00,344.4487865077833,16855.884268269343,17200.333054777126
2018-10-25 14:00:00,344.62262764243,27540.20299740702,27884.825625049452
2018-10-25 15:00:00,355.7996737541036,23151.51276055002,23507.312434304124
2018-10-25 16:00:00,329.6618394785072,2748.999993024455,3078.6618325029617
2018-10-25 17:00:00,289.6844116604939,2998.579593312993,3288.2640049734873
2018-10-25 18:00:00,270.12061751996447,1125.4203963580703,1395.5410138780348
2018-10-25 19:00:00,228.97196914700766,593.9999977415873,822.9719668885949
2018-10-25 20:00:00,172.52368026991132,20877.99993993436,21050.523620204265
2018-10-25 21:00:00,137.7712044285981,29569.16905029611,29706.940254724712
2018-10-25 22:00:00,91.91949494475921,44209.83074036938,44301.75023531414
2018-10-25 23:00:00,59.97693512172253,0.0,59.97693512172253
2018-10-26 00:00:00,34.42692538800791,23801.9999337393,23836.426859127307
2018-10-26 01:00:00,20.597552267380973,0.0,20.597552267380973
2018-10-26 02:00:00,18.020278314720947,6859.999982126768,6878.020260441489
2018-10-26 03:00:00,27.55394395599255,0.0,27.55394395599255
2018-10-26 04:00:00,46.25716195961872,989.9999976642969,1036.2571596239156
2018-10-26 05:00:00,76.06142818394085,25424.99992920635,25501.061357390296
2018-10-26 06:00:00,116.59666066848607,13054.227526597577,13170.824187266062
2018-10-26 07:00:00,158.56008577788293,14929.853847636565,15088.41393341445
2018-10-26 08:00:00,198.75826684120267,23194.61553696334,23393.373803804545
2018-10-26 09:00:00,234.41082728445025,12316.895062322365,12551.305889606814
2018-10-26 10:00:00,290.5206319631204,13489.646301363007,13780.166933326127
2018-10-26 11:00:00,322.28980891153844,23884.409587192622,24206.69939610416
2018-10-26 12:00:00,344.0149562784083,21025.13266241511,21369.147618693525
2018-10-26 13:00:00,345.8153460890878,23437.555047433772,23783.370393522855
2018-10-26 14:00:00,355.2288886330298,9028.564144554883,9383.79303318791
2018-10-26 15:00:00,349.8415233871558,23545.14194595832,23894.983469345476
2018-10-26 16:00:00,327.11669158392675,2690.9578329340397,3018.074524517967
2018-10-26 17:00:00,293.55829599414005,962.9999979040864,1256.5582938982263
2018-10-26 18:00:00,266.4070459710946,1385.9999964823198,1652.4070424534145
2018-10-26 19:00:00,222.71812846443302,0.0,222.71812846443302
2018-10-26 20:00:00,169.99170234517834,16638.999953224098,16808.991655569276
2018-10-26 21:00:00,132.07730448810997,32995.425636577755,33127.50294106586
2018-10-26 22:00:00,91.35784967527167,25164.57420510089,25255.932054776164
2018-10-26 23:00:00,59.86871457574023,0.0,59.86871457574023
2018-10-27 00:00:00,34.98926876737906,20976.999942096845,21011.98921086423
2018-10-27 01:00:00,20.3198625282122,0.0,20.3198625282122
2018-10-27 02:00:00,18.387934345160183,0.0,18.387934345160183
2018-10-27 03:00:00,26.089054125031755,0.0,26.089054125031755
2018-10-27 04:00:00,46.55532818152908,0.0,46.55532818152908
2018-10-27 05:00:00,76.54745592202124,0.0,76.54745592202124
2018-10-27 06:00:00,117.40611831542302,0.0,117.40611831542302
2018-10-27 07:00:00,153.36528733557515,0.0,153.36528733557515
2018-10-27 08:00:00,198.1844076241654,0.0,198.1844076241654
2018-10-27 09:00:00,241.2311337558138,0.0,241.2311337558138
2018-10-27 10:00:00,287.50676796480536,0.0,287.50676796480536
2018-10-27 11:00:00,311.5540470111597,0.0,311.5540470111597
2018-10-27 12:00:00,343.0113278623772,0.0,343.0113278623772
2018-10-27 13:00:00,348.75917984676335,0.0,348.75917984676335
2018-10-27 14:00:00,365.29969586926,0.0,365.29969586926
2018-10-27 15:00:00,346.2267491439335,0.0,346.2267491439335
2018-10-27 16:00:00,312.43663920361496,0.0,312.43663920361496
2018-10-27 17:00:00,286.11833558793114,0.0,286.11833558793114
2018-10-27 18:00:00,255.16294130450856,0.0,255.16294130450856
2018-10-27 19:00:00,214.34559084464138,0.0,214.34559084464138
2018-10-27 20:00:00,174.55834031196946,0.0,174.55834031196946
2018-10-27 21:00:00,137.33336311769534,1746.877514212513,1884.2108773302084
2018-10-27 22:00:00,92.25926080858503,5555.122466764263,5647.381727572848
2018-10-27 23:00:00,58.31361340771775,0.0,58.31361340771775
2018-10-28 00:00:00,35.164740651202614,0.0,35.164740651202614
2018-10-28 01:00:00,20.789970812442657,0.0,20.789970812442657
2018-10-28 02:00:00,18.32715070123065,0.0,18.32715070123065
2018-10-28 03:00:00,25.759959798599105,0.0,25.759959798599105
2018-10-28 04:00:00,46.884950848174924,0.0,46.884950848174924
2018-10-28 05:00:00,71.9433228062531,0.0,71.9433228062531
2018-10-28 06:00:00,111.27979847991956,0.0,111.27979847991956
2018-10-28 07:00:00,156.32741832673298,0.0,156.32741832673298
2018-10-28 08:00:00,199.86565189889492,0.0,199.86565189889492
2018-10-28 09:00:00,236.44191990616423,0.0,236.44191990616423
2018-10-28 10:00:00,271.30766412178207,0.0,271.30766412178207
2018-10-28 11:00:00,314.86133866703057,154.99999936003744,469.861338027068
2018-10-28 12:00:00,354.37376321309773,56.99999983230479,411.3737630454025
2018-10-28 13:00:00,338.1465778270842,393.9999985532187,732.1465763803029
2018-10-28 14:00:00,355.782579776271,0.0,355.782579776271
2018-10-28 15:00:00,347.78120202646096,0.0,347.78120202646096
2018-10-28 16:00:00,325.9475466920827,0.0,325.9475466920827
2018-10-28 17:00:00,310.2700928503672,0.0,310.2700928503672
2018-10-28 18:00:00,263.65331601051264,0.0,263.65331601051264
2018-10-28 19:00:00,220.28334561180083,0.0,220.28334561180083
2018-10-28 20:00:00,181.14866300921585,0.0,181.14866300921585
2018-10-28 21:00:00,128.07554292533237,0.0,128.07554292533237
2018-10-28 22:00:00,89.4456781876786,149.55747034703643,239.00314853471502
2018-10-28 23:00:00,58.67182381737956,5056.442515098668,5115.114338916048
2018-10-29 00:00:00,35.11480862589728,0.0,35.11480862589728
2018-10-29 01:00:00,20.38978263696161,1059.9999972310077,1080.3897798679693
2018-10-29 02:00:00,17.571322169111372,0.0,17.571322169111372
2018-10-29 03:00:00,25.653326780555865,1861.9999949891237,1887.653321769679
2018-10-29 04:00:00,43.92665322309318,195.99999922478284,239.92665244787602
2018-10-29 05:00:00,74.42957799768119,98.99999987894223,173.42957787662343
2018-10-29 06:00:00,110.00305996736108,11915.169581015269,12025.17264098263
2018-10-29 07:00:00,147.3411467501235,30636.422377059862,30783.763523809983
2018-10-29 08:00:00,202.74784672966632,37188.993851105755,37391.74169783542
2018-10-29 09:00:00,251.46319223644093,37770.52044152449,38021.98363376093
2018-10-29 10:00:00,281.15322028822413,39397.60296295756,39678.75618324578
2018-10-29 11:00:00,309.60802934062855,20761.553048841008,21071.161078181634
2018-10-29 12:00:00,338.53743201191844,28023.6667525473,28362.204184559214
2018-10-29 13:00:00,363.67477660985173,32681.93024457933,33045.60502118918
2018-10-29 14:00:00,356.9541871779721,33517.97362611906,33874.927813297036
2018-10-29 15:00:00,354.98146092634386,26946.156890411152,27301.138351337497
2018-10-29 16:00:00,328.9170445828804,15493.0093349528,15821.926379535682
2018-10-29 17:00:00,296.42029641030797,1773.7987545378785,2070.2190509481866
2018-10-29 18:00:00,255.10224946540035,5856.201224787619,6111.303474253021
2018-10-29 19:00:00,218.16734924376726,0.0,218.16734924376726
2018-10-29 20:00:00,180.9016910647806,0.0,180.9016910647806
2018-10-29 21:00:00,134.05072440641115,15683.999954102284,15818.050678508693
2018-10-29 22:00:00,91.84659241539092,32016.94945320075,32108.796045616135
2018-10-29 23:00:00,61.80086552543989,44264.05033302551,44325.851198550954
2018-10-30 00:00:00,34.67054767745969,0.0,34.67054767745969
2018-10-30 01:00:00,19.840508965508338,20131.99994413612,20151.840453101628
2018-10-30 02:00:00,17.406346547538263,0.0,17.406346547538263
2018-10-30 03:00:00,25.57329111840246,2096.1019908702046,2121.6752819886074
2018-10-30 04:00:00,46.01115434312105,550.8980013179569,596.9091556610779
2018-10-30 05:00:00,78.75189286776413,671.9999979746393,750.7518908424036
2018-10-30 06:00:00,115.02720837156238,20096.407875197452,20211.435083569013
2018-10-30 07:00:00,152.77635966817365,19376.268950677288,19529.045310345464
2018-10-30 08:00:00,207.34876981521109,26364.773099929975,26572.121869745184
2018-10-30 09:00:00,243.75925158593503,28204.666577091637,28448.42582867757
2018-10-30 10:00:00,274.5663665337819,42933.60913117489,43208.17549770867
2018-10-30 11:00:00,308.9613901122789,15726.757212262459,16035.718602374738
2018-10-30 12:00:00,340.4563975760285,20319.396258010776,20659.8526555868
2018-10-30 13:00:00,365.5499757190331,38459.964707486346,38825.51468320539
2018-10-30 14:00:00,373.25679003332544,45746.65543408044,46119.912224113774
2018-10-30 15:00:00,359.8881686044685,18988.499987072282,19348.388155676756
2018-10-30 16:00:00,323.2975642519225,20689.64917168676,21012.946735938684
2018-10-30 17:00:00,292.9573743427063,10978.350737038867,11271.308111381575
2018-10-30 18:00:00,257.5560960526803,6321.50524561747,6579.06134167015
2018-10-30 19:00:00,225.60386211529544,4749.494722118517,4975.098584233812
2018-10-30 20:00:00,176.39179186489298,98.99999983783864,275.39179170273155
2018-10-30 21:00:00,130.2252452185315,25197.99992790547,25328.225173124003
2018-10-30 22:00:00,94.86735372559023,34351.05742908503,34445.924782810616
2018-10-30 23:00:00,59.88600510032367,43556.94235053005,43616.82835563038
2018-10-31 00:00:00,35.474296049923915,0.0,35.474296049923915
2018-10-31 01:00:00,20.718375305025468,20060.999942144852,20081.718317449875
2018-10-31 02:00:00,17.83108827908002,0.0,17.83108827908002
2018-10-31 03:00:00,25.91727040852426,587.9999976337049,613.9172680422291
2018-10-31 04:00:00,45.66692990135341,881.9999984363052,927.6669283376586
2018-10-31 05:00:00,75.36354658975006,100.999999743644,176.36354633339405
2018-10-31 06:00:00,116.98700212225738,11736.457520070915,11853.444522193173
2018-10-31 07:00:00,157.95477616385796,24286.851897110573,24444.806673274434
2018-10-31 08:00:00,193.22681345217444,57031.70978493741,57224.936598389584
2018-10-31 09:00:00,250.69844909576204,34446.88968525642,34697.58813435219
2018-10-31 10:00:00,285.974165023594,40537.22023958669,40823.19440461029
2018-10-31 11:00:00,304.3563137284375,22198.22803927348,22502.584353001916
2018-10-31 12:00:00,338.1712578481678,32160.433292778784,32498.60455062695
2018-10-31 13:00:00,346.3937972126665,41379.49312711655,41725.886924329214
2018-10-31 14:00:00,353.56987192681913,24982.581638341086,25336.151510267904
2018-10-31 15:00:00,339.8941128755084,18568.980269034255,18908.874381909765
2018-10-31 16:00:00,341.76914212916756,29193.974566365043,29535.743708494214
2018-10-31 17:00:00,293.0149024693175,2367.130202018549,2660.145104487867
2018-10-31 18:00:00,256.4456049969539,611.0487644271772,867.494369424131
2018-10-31 19:00:00,221.30882783889027,207.99999945035887,429.3088272892491
2018-10-31 20:00:00,175.65155523236635,0.0,175.65155523236635
2018-10-31 21:00:00,132.75613489336195,19982.684892539786,20115.441027433146
2018-10-31 22:00:00,93.13962985916386,51771.12252582031,51864.26215567948
2018-10-31 23:00:00,60.564662268334324,83742.19215192314,83802.75681419147
2018-11-01 00:00:00,34.746729148055834,0.0,34.746729148055834
2018-11-01 01:00:00,21.166878706489673,24449.999929084992,24471.16680779148
2018-11-01 02:00:00,18.161360292229055,0.0,18.161360292229055
2018-11-01 03:00:00,26.112830414132336,6527.999982025219,6554.112812439351
2018-11-01 04:00:00,43.98256910176646,8277.05143968566,8321.034008787427
2018-11-01 05:00:00,74.70729749028291,5707.948521367638,5782.655818857921
2018-11-01 06:00:00,113.32030851539655,6574.349891440075,6687.670199955472
2018-11-01 07:00:00,153.58063224440366,18113.963594153458,18267.544226397862
2018-11-01 08:00:00,207.84463447016762,16913.85609968856,17121.700734158727
2018-11-01 09:00:00,247.82014829372304,21091.010465937015,21338.830614230737
2018-11-01 10:00:00,289.5222516799155,52753.85829089585,53043.38054257576
2018-11-01 11:00:00,323.67627663092867,21987.609325657846,22311.285602288775
2018-11-01 12:00:00,335.38162736367656,19812.663165405535,20148.044792769215
2018-11-01 13:00:00,364.05401833333246,31299.63313412089,31663.687152454215
2018-11-01 14:00:00,354.9334754896744,23915.70449624226,24270.637971731932
2018-11-01 15:00:00,343.48522773060097,21038.655528722215,21382.140756452816
2018-11-01 16:00:00,332.4908268027264,38566.69525234882,38899.18607915154
2018-11-01 17:00:00,282.2854655763229,3295.9999908375657,3578.2854564138884
2018-11-01 18:00:00,265.38878032901323,0.0,265.38878032901323
2018-11-01 19:00:00,228.33547375450883,222.01710532110337,450.3525790756122
2018-11-01 20:00:00,169.57614296379052,373.9828927503846,543.5590357141751
2018-11-01 21:00:00,127.55642754828332,0.0,127.55642754828332
2018-11-01 22:00:00,92.12788250580958,11869.40263623028,11961.530518736088
2018-11-01 23:00:00,57.89737265173609,24547.597261496532,24605.494634148265
2018-11-02 00:00:00,33.87655461431727,0.0,33.87655461431727
2018-11-02 01:00:00,20.59016867485562,1887.9999946355565,1908.590163310412
2018-11-02 02:00:00,18.131235249120344,0.0,18.131235249120344
2018-11-02 03:00:00,25.590253123082988,14076.99996121414,14102.590214337224
2018-11-02 04:00:00,44.763423007588074,1313.4674438263578,1358.230866833946
2018-11-02 05:00:00,75.94579351757822,10015.232168858185,10091.177962375761
2018-11-02 06:00:00,112.46503884018905,20471.300300691837,20583.765339532027
2018-11-02 07:00:00,157.3705178015986,13589.66590503393,13747.036422835528
2018-11-02 08:00:00,192.97916489961062,35302.32805619361,35495.30722109322
2018-11-02 09:00:00,240.0805894980804,16148.902538990082,16388.983128488162
2018-11-02 10:00:00,274.32757465148785,28445.10323471307,28719.430809364556
2018-11-02 11:00:00,312.9341085592232,11872.395717809943,12185.329826369165
2018-11-02 12:00:00,340.3672343559755,16120.871533850655,16461.238768206633
2018-11-02 13:00:00,353.82147312864396,12619.732636984307,12973.554110112951
2018-11-02 14:00:00,367.1041293343251,9321.664545548845,9688.76867488317
2018-11-02 15:00:00,351.69590385056017,13710.420981788902,14062.116885639462
2018-11-02 16:00:00,322.0703814982903,25768.348382011798,26090.418763510082
2018-11-02 17:00:00,291.9880270959757,6994.232486184464,7286.220513280439
2018-11-02 18:00:00,257.59910718030085,319.4690573403233,577.0681645206241
2018-11-02 19:00:00,213.65717635061097,196.8643882357321,410.52156458634306
2018-11-02 20:00:00,183.50517664919604,0.0,183.50517664919604
2018-11-02 21:00:00,132.58550220755234,12435.999963333468,12568.58546554102
2018-11-02 22:00:00,94.41064355035958,13908.870560143572,14003.281203693932
2018-11-02 23:00:00,57.933593201997425,18117.12935055852,18175.062943760517
2018-11-03 00:00:00,34.75916195588982,0.0,34.75916195588982
2018-11-03 01:00:00,19.994831143649066,2005.9999945617185,2025.9948257053675
2018-11-03 02:00:00,17.86660601355444,0.0,17.86660601355444
2018-11-03 03:00:00,27.391402343964476,0.0,27.391402343964476
2018-11-03 04:00:00,45.31606275432998,0.0,45.31606275432998
2018-11-03 05:00:00,76.93025697071135,0.0,76.93025697071135
2018-11-03 06:00:00,116.75775252331238,395.9999990080091,512.7577515313214
2018-11-03 07:00:00,150.93781059306806,0.0,150.93781059306806
2018-11-03 08:00:00,190.77174199627729,77.99999992039947,268.7717419166768
2018-11-03 09:00:00,238.32155869573802,1623.9999954382847,1862.3215541340228
2018-11-03 10:00:00,289.5944688346651,815.9999976021179,1105.594466436783
2018-11-03 11:00:00,309.1179076865602,368.99999860060507,678.1179062871653
2018-11-03 12:00:00,356.1758166711663,77.99999966370132,434.1758163348676
2018-11-03 13:00:00,350.00697182993775,368.9999988646833,719.006970694621
2018-11-03 14:00:00,357.67459402412874,0.0,357.67459402412874
2018-11-03 15:00:00,343.4229214057368,0.0,343.4229214057368
2018-11-03 16:00:00,319.90052696728014,1.99999999889895,321.9005269661791
2018-11-03 17:00:00,302.4357744215199,0.0,302.4357744215199
2018-11-03 18:00:00,267.02526251090984,0.0,267.02526251090984
2018-11-03 19:00:00,221.47609441003442,0.0,221.47609441003442
2018-11-03 20:00:00,166.90724851394287,0.0,166.90724851394287
2018-11-03 21:00:00,127.9049283391777,0.0,127.9049283391777
2018-11-03 22:00:00,90.81095816507252,182.63948390583903,273.45044207091155
2018-11-03 23:00:00,58.79989677120538,3539.360504969824,3598.160401741029
2018-11-04 00:00:00,35.324158487396964,0.0,35.324158487396964
2018-11-04 01:00:00,19.855683470566845,0.0,19.855683470566845
2018-11-04 02:00:00,18.041254369438597,0.0,18.041254369438597
2018-11-04 03:00:00,25.098957752929287,0.0,25.098957752929287
2018-11-04 04:00:00,44.73714169205511,0.0,44.73714169205511
2018-11-04 05:00:00,75.85793445185982,0.0,75.85793445185982
2018-11-04 06:00:00,107.95981446335293,0.0,107.95981446335293
2018-11-04 07:00:00,146.14194773374237,0.0,146.14194773374237
2018-11-04 08:00:00,204.8598922320723,0.0,204.8598922320723
2018-11-04 09:00:00,236.16453902899678,0.0,236.16453902899678
2018-11-04 10:00:00,288.9455951257445,0.0,288.9455951257445
2018-11-04 11:00:00,320.74440350315166,0.0,320.74440350315166
2018-11-04 12:00:00,342.72914853661564,0.0,342.72914853661564
2018-11-04 13:00:00,343.31354542956785,0.0,343.31354542956785
2018-11-04 14:00:00,349.90254415332055,0.0,349.90254415332055
2018-11-04 15:00:00,349.05344408585614,0.0,349.05344408585614
2018-11-04 16:00:00,327.32201263740916,0.0,327.32201263740916
2018-11-04 17:00:00,302.26231417711756,0.0,302.26231417711756
2018-11-04 18:00:00,262.85781592699504,0.0,262.85781592699504
2018-11-04 19:00:00,211.7436973345463,0.0,211.7436973345463
2018-11-04 20:00:00,176.12217536586323,0.0,176.12217536586323
2018-11-04 21:00:00,134.98259484214657,0.0,134.98259484214657
2018-11-04 22:00:00,93.55612032034226,156.34988324507725,249.9060035654195
2018-11-04 23:00:00,58.238733914051906,6263.650098814112,6321.888832728164
2018-11-05 00:00:00,35.45676042401171,0.0,35.45676042401171
2018-11-05 01:00:00,21.444475084026635,3860.999989319819,3882.444464403846
2018-11-05 02:00:00,17.123442170942376,0.0,17.123442170942376
2018-11-05 03:00:00,27.006614082327886,2744.9999922806114,2772.0066063629397
2018-11-05 04:00:00,46.49174878984445,96.99999982495122,143.49174861479565
2018-11-05 05:00:00,75.00872360018553,0.0,75.00872360018553
2018-11-05 06:00:00,109.67004916302278,6301.999981691905,6411.670030854927
2018-11-05 07:00:00,152.98671143606146,26409.81177518824,26562.798486624306
2018-11-05 08:00:00,198.18128394747038,27953.69327679229,28151.874560739765
2018-11-05 09:00:00,241.86100489188496,38008.51623659395,38250.37724148584
2018-11-05 10:00:00,292.24291504259696,37272.05612711822,37564.29904216083
2018-11-05 11:00:00,308.32634994122543,24088.298686721868,24396.625036663092
2018-11-05 12:00:00,342.8635539311075,35256.60662577428,35599.47017970538
2018-11-05 13:00:00,348.6866914565152,23148.86822393779,23497.554915394307
2018-11-05 14:00:00,367.9286424787678,19360.588978457974,19728.517620936742
2018-11-05 15:00:00,349.3161453065675,12418.501994684437,12767.818139991006
2018-11-05 16:00:00,312.4844313909859,25716.054703502406,26028.53913489339
2018-11-05 17:00:00,309.7600632742501,13845.002561218556,14154.762624492807
2018-11-05 18:00:00,264.11705665589307,4256.999988871377,4521.11704552727
2018-11-05 19:00:00,217.08286693850536,995.9686221712217,1213.0514891097268
2018-11-05 20:00:00,181.86248752722568,1095.9084378362252,1277.7709253634507
2018-11-05 21:00:00,131.5380834052829,13645.12289361222,13776.660977017502
2018-11-05 22:00:00,92.80619390486643,25432.10971745391,25524.91591135878
2018-11-05 23:00:00,58.857693479975644,37639.89010396773,37698.7477974477
2018-11-06 00:00:00,36.396127221579015,0.0,36.396127221579015
2018-11-06 01:00:00,20.74116751383557,28117.99992095578,28138.741088469615
2018-11-06 02:00:00,17.208061251713783,0.0,17.208061251713783
2018-11-06 03:00:00,25.779296091157505,4683.598734226009,4709.378030317166
2018-11-06 04:00:00,45.679907781953375,232.40125165014643,278.0811594320998
2018-11-06 05:00:00,74.78992052159322,1059.9999970337476,1134.789917555341
2018-11-06 06:00:00,112.88109719745661,10172.916543572694,10285.797640770148
2018-11-06 07:00:00,149.1576578995298,44175.67110940185,44324.82876730137
2018-11-06 08:00:00,203.54321223083252,24205.83158070084,24409.37479293167
2018-11-06 09:00:00,241.36018420701166,39494.33173113001,39735.691915337025
2018-11-06 10:00:00,290.79957496282157,35772.40015111791,36063.19972608073
2018-11-06 11:00:00,306.4856279458138,27426.44712635388,27732.93275429969
2018-11-06 12:00:00,333.18624438623544,19349.406258737225,19682.592503123462
2018-11-06 13:00:00,355.09634703600454,21483.813964275272,21838.910311311276
2018-11-06 14:00:00,343.68352076192855,19949.954413763367,20293.637934525294
2018-11-06 15:00:00,348.987920849052,14443.542430920155,14792.530351769206
2018-11-06 16:00:00,340.4980803768957,20792.09427722858,21132.592357605477
2018-11-06 17:00:00,306.9063019057169,1354.0386204401984,1660.944922345915
2018-11-06 18:00:00,257.3788028723411,1373.1894533634327,1630.5682562357738
2018-11-06 19:00:00,218.50785131177986,631.3615550400127,849.8694063517926
2018-11-06 20:00:00,173.92307237188425,1880.9999954562918,2054.923067828176
2018-11-06 21:00:00,134.89278408316162,18914.999945503903,19049.89272958707
2018-11-06 22:00:00,93.73367604584591,30703.8357131218,30797.569389167642
2018-11-06 23:00:00,59.72940696245295,34573.164100870505,34632.89350783295
2018-11-07 00:00:00,34.76415800071529,97.9999999867514,132.7641579874667
2018-11-07 01:00:00,19.60200065967178,18690.999947990163,18710.601948649837
2018-11-07 02:00:00,17.664835814976147,105.9999996229477,123.66483543792387
2018-11-07 03:00:00,26.48113935053287,2149.999994305691,2176.4811336562234
2018-11-07 04:00:00,45.95426489388743,4397.976854596693,4443.9311194905795
2018-11-07 05:00:00,75.25959443379705,21736.191983619046,21811.45157805284
2018-11-07 06:00:00,110.87451266310926,32888.36343453571,32999.23794719882
2018-11-07 07:00:00,150.65893880015162,32300.252726507388,32450.911665307543
2018-11-07 08:00:00,197.61220429176717,40387.69615906472,40585.30836335648
2018-11-07 09:00:00,229.7512841249734,37393.831856878314,37623.583141003284
2018-11-07 10:00:00,287.71757724110375,24426.2303566493,24713.9479338904
2018-11-07 11:00:00,317.6449817930588,25653.02073010245,25970.66571189551
2018-11-07 12:00:00,332.62017075594474,29083.511368724554,29416.1315394805
2018-11-07 13:00:00,348.0383788182554,25530.366314418487,25878.404693236742
2018-11-07 14:00:00,360.18227653294446,8465.800392817335,8825.98266935028
2018-11-07 15:00:00,341.5841853464334,16883.58738976675,17225.171575113185
2018-11-07 16:00:00,336.77047747843676,9366.06146422917,9702.831941707607
2018-11-07 17:00:00,294.59224695935904,7048.729577216726,7343.321824176085
2018-11-07 18:00:00,255.4292890288952,867.3784951491408,1122.807784178036
2018-11-07 19:00:00,225.0405706008808,0.0,225.0405706008808
2018-11-07 20:00:00,176.75568897647335,98.99999994941774,275.7556889258911
2018-11-07 21:00:00,135.8769200265421,16079.99995286432,16215.876872890864
2018-11-07 22:00:00,94.07116668556537,39892.58111544265,39986.65228212821
2018-11-07 23:00:00,56.77581436718505,43913.4186496849,43970.19446405209
2018-11-08 00:00:00,34.60162623612734,0.0,34.60162623612734
2018-11-08 01:00:00,20.98789161039265,14765.999954327843,14786.987845938234
2018-11-08 02:00:00,18.06103298686639,0.0,18.06103298686639
2018-11-08 03:00:00,26.79211049930518,6771.182393841571,6797.974504340876
2018-11-08 04:00:00,45.71828823721908,980.8175843277506,1026.5358725649698
2018-11-08 05:00:00,75.49976918866281,35.99999998048983,111.49976916915264
2018-11-08 06:00:00,108.02257848591391,8015.241558336822,8123.264136822736
2018-11-08 07:00:00,154.29588717793428,17591.83369166686,17746.129578844793
2018-11-08 08:00:00,197.29834775012105,32757.807104393425,32955.10545214354
2018-11-08 09:00:00,238.04556868269458,32560.461776327917,32798.507345010614
2018-11-08 10:00:00,281.83484122610366,37473.93210647463,37755.76694770074
2018-11-08 11:00:00,300.12596661193135,17563.88390396025,17864.009870572183
2018-11-08 12:00:00,330.89544809675795,39079.281759586556,39410.177207683315
2018-11-08 13:00:00,359.076091613264,23304.359664130046,23663.435755743314
2018-11-08 14:00:00,368.71500966782156,19946.216180913736,20314.931190581556
2018-11-08 15:00:00,336.3690094533521,13489.074974915116,13825.443984368469
2018-11-08 16:00:00,336.4311650535731,22667.906538708077,23004.33770376165
2018-11-08 17:00:00,297.1851263583816,1334.9999948908426,1632.185121249224
2018-11-08 18:00:00,258.40941257331656,494.9999985475804,753.409411120897
2018-11-08 19:00:00,230.44159842307937,18238.999947377877,18469.441545800953
2018-11-08 20:00:00,174.8801934953781,197.99999949333943,372.88019298871757
2018-11-08 21:00:00,132.53114550677893,18097.99995016423,18230.531095671005
2018-11-08 22:00:00,88.94550021178543,36813.58329881336,36902.52879902515
2018-11-08 23:00:00,61.72268331650007,48215.41646042471,48277.139143741224
2018-11-09 00:00:00,33.53490092789839,0.0,33.53490092789839
2018-11-09 01:00:00,20.16857880186219,20291.999941903458,20312.16852070532
2018-11-09 02:00:00,17.656411981022263,0.0,17.656411981022263
2018-11-09 03:00:00,26.25769674587277,593.9999985229304,620.2576952688032
2018-11-09 04:00:00,46.065272665715725,7068.907953710095,7114.973226375811
2018-11-09 05:00:00,76.50993099468418,12778.091990285897,12854.601921280584
2018-11-09 06:00:00,111.11252482762515,12210.40105016874,12321.513574996367
2018-11-09 07:00:00,151.77230776722763,22176.097955710477,22327.870263477704
2018-11-09 08:00:00,195.5239540160906,18944.980607909787,19140.504561925874
2018-11-09 09:00:00,233.96715919024274,22477.406597024114,22711.373756214354
2018-11-09 10:00:00,282.92501456250386,14137.988502816199,14420.913517378704
2018-11-09 11:00:00,321.57690987931926,12113.057453516914,12434.634363396231
2018-11-09 12:00:00,337.7689162044341,17231.50439361782,17569.273309822252
2018-11-09 13:00:00,347.03252056350215,10472.10475167287,10819.137272236372
2018-11-09 14:00:00,362.9562475266564,26165.209478300865,26528.165725827523
2018-11-09 15:00:00,349.97523067910726,14297.248738743623,14647.223969422732
2018-11-09 16:00:00,342.83555754360754,17772.999950197118,18115.835507740725
2018-11-09 17:00:00,298.4014255751409,1205.9999960973907,1504.4014216725318
2018-11-09 18:00:00,258.8241044954491,1024.1520579479416,1282.9761624433906
2018-11-09 19:00:00,219.43003046118068,954.8479367562064,1174.277967217387
2018-11-09 20:00:00,171.12368608139764,98.99999967599656,270.1236857573942
2018-11-09 21:00:00,133.5160853676167,13695.99995877912,13829.516044146736
2018-11-09 22:00:00,93.2168415161928,30490.665789065963,30583.882630582157
2018-11-09 23:00:00,58.13486338900413,30118.334043052942,30176.468906441947
2018-11-10 00:00:00,33.24778768461046,0.0,33.24778768461046
2018-11-10 01:00:00,20.557005198280685,25361.9999331407,25382.556938338977
2018-11-10 02:00:00,17.756087949951283,593.9999982738402,611.7560862237916
2018-11-10 03:00:00,25.845596850960717,98.99999942833246,124.84559627929318
2018-11-10 04:00:00,48.169863787703605,0.0,48.169863787703605
2018-11-10 05:00:00,76.55128493805515,139.9999998644431,216.55128480249826
2018-11-10 06:00:00,117.73343662578141,0.0,117.73343662578141
2018-11-10 07:00:00,158.9599946948449,0.0,158.9599946948449
2018-11-10 08:00:00,196.2688570621626,1682.9999948669958,1879.2688519291585
2018-11-10 09:00:00,246.51736093777347,0.0,246.51736093777347
2018-11-10 10:00:00,278.8997478957373,53.99999989464091,332.8997477903782
2018-11-10 11:00:00,313.7569124049545,0.0,313.7569124049545
2018-11-10 12:00:00,338.3472071483966,0.0,338.3472071483966
2018-11-10 13:00:00,363.2267797698147,0.0,363.2267797698147
2018-11-10 14:00:00,356.1083613580506,0.0,356.1083613580506
2018-11-10 15:00:00,349.1590231808741,0.0,349.1590231808741
2018-11-10 16:00:00,340.77456758456833,0.0,340.77456758456833
2018-11-10 17:00:00,292.9201023516262,0.0,292.9201023516262
2018-11-10 18:00:00,259.13722650381976,0.0,259.13722650381976
2018-11-10 19:00:00,226.85832078541483,0.0,226.85832078541483
2018-11-10 20:00:00,177.52026237482536,0.0,177.52026237482536
2018-11-10 21:00:00,132.74673351788113,0.0,132.74673351788113
2018-11-10 22:00:00,93.680818963125,1710.1731658291903,1803.8539847923153
2018-11-10 23:00:00,59.26469319098591,4543.826816427163,4603.091509618149
2018-11-11 00:00:00,35.70075515069672,0.0,35.70075515069672
2018-11-11 01:00:00,19.982689579381987,0.0,19.982689579381987
2018-11-11 02:00:00,18.1040031248609,0.0,18.1040031248609
2018-11-11 03:00:00,24.83241667146095,0.0,24.83241667146095
2018-11-11 04:00:00,47.18288722196417,9.999999993804158,57.18288721576833
2018-11-11 05:00:00,76.80004666022161,9.999999983328191,86.8000466435498
2018-11-11 06:00:00,116.93969598169177,0.0,116.93969598169177
2018-11-11 07:00:00,149.88190474589,0.0,149.88190474589
2018-11-11 08:00:00,198.75478059784695,0.0,198.75478059784695
2018-11-11 09:00:00,235.56488265383615,0.0,235.56488265383615
2018-11-11 10:00:00,276.2036989840931,0.0,276.2036989840931
2018-11-11 11:00:00,322.37444750231464,0.0,322.37444750231464
2018-11-11 12:00:00,346.35816915491,899.9999980237931,1246.358167178703
2018-11-11 13:00:00,355.7800037688643,0.0,355.7800037688643
2018-11-11 14:00:00,363.4758604169308,229.99999898050174,593.4758593974325
2018-11-11 15:00:00,356.10934575213184,99.99999964403608,456.1093453961679
2018-11-11 16:00:00,328.251232526228,175.99999933417212,504.25123186040014
2018-11-11 17:00:00,300.7833279874816,368.99999888744685,669.7833268749284
2018-11-11 18:00:00,258.01941838753385,64.02183756358023,322.04125595111407
2018-11-11 19:00:00,217.4144507380549,115.97816199159718,333.3926127296521
2018-11-11 20:00:00,181.84638075736186,0.0,181.84638075736186
2018-11-11 21:00:00,128.95327702963206,0.0,128.95327702963206
2018-11-11 22:00:00,91.09099269974155,8785.865262579748,8876.95625527949
2018-11-11 23:00:00,61.19433388954519,7245.134694514369,7306.329028403914
2018-11-12 00:00:00,35.94835917417413,0.0,35.94835917417413
2018-11-12 01:00:00,19.915832093438127,0.0,19.915832093438127
2018-11-12 02:00:00,17.240426597867312,0.0,17.240426597867312
2018-11-12 03:00:00,26.756588304811302,1567.9999953844572,1594.7565836892688
2018-11-12 04:00:00,45.97526520064393,877.9999971502731,923.9752623509171
2018-11-12 05:00:00,74.0008540899934,0.0,74.0008540899934
2018-11-12 06:00:00,113.87396151292425,6919.81403191544,7033.687993428365
2018-11-12 07:00:00,160.46947734258464,28612.49143072574,28772.960908068322
2018-11-12 08:00:00,200.25777018347088,34535.737642297805,34735.99541248129
2018-11-12 09:00:00,248.28962736469802,32095.603666270137,32343.893293634836
2018-11-12 10:00:00,274.0446022740398,38958.146268333934,39232.19087060797
2018-11-12 11:00:00,312.8436083255604,27970.280157653055,28283.12376597861
2018-11-12 12:00:00,355.6263213047049,23326.67438206884,23682.30070337354
2018-11-12 13:00:00,359.4584128531631,33068.53656347958,33427.994976332746
2018-11-12 14:00:00,356.2911493069578,21916.465710881745,22272.756860188703
2018-11-12 15:00:00,343.37811841308303,7281.901397131085,7625.279515544169
2018-11-12 16:00:00,326.48134374894005,17387.36506705071,17713.846410799648
2018-11-12 17:00:00,298.0561261180484,11531.982896270652,11830.0390223887
2018-11-12 18:00:00,261.2371193263641,906.6181572729491,1167.8552765993131
2018-11-12 19:00:00,223.83919282999676,201.38184002347936,425.221032853476
2018-11-12 20:00:00,178.6601061806298,890.9999979398681,1069.6601041204979
2018-11-12 21:00:00,137.69681259996355,17159.999951612823,17297.69676421279
2018-11-12 22:00:00,90.46008318957762,23788.57395253536,23879.034035724937
2018-11-12 23:00:00,58.937541618619,37393.42587844316,37452.363420061774
2018-11-13 00:00:00,35.35193640869326,0.0,35.35193640869326
2018-11-13 01:00:00,20.382330157771925,19092.99994790216,19113.38227805993
2018-11-13 02:00:00,17.690156483399214,0.0,17.690156483399214
2018-11-13 03:00:00,26.479953728591077,0.0,26.479953728591077
2018-11-13 04:00:00,44.568260121697506,0.0,44.568260121697506
2018-11-13 05:00:00,75.48755474386299,1207.9999963102318,1283.4875510540949
2018-11-13 06:00:00,110.41467719712725,13087.862065274436,13198.27674247156
2018-11-13 07:00:00,155.02297986770253,27272.42747774091,27427.450457608604
2018-11-13 08:00:00,197.46177338608646,30214.26328271903,30411.72505610511
2018-11-13 09:00:00,243.27885089965864,21239.753656621804,21483.032507521464
2018-11-13 10:00:00,281.4767423382019,33822.1553042603,34103.6320465985
2018-11-13 11:00:00,330.5378100084039,21685.306470047144,22015.84428005555
2018-11-13 12:00:00,322.71189257978006,33604.35955193956,33927.071444519344
2018-11-13 13:00:00,353.2529457985228,29046.61471292066,29399.86765871918
2018-11-13 14:00:00,371.68910834920905,37932.01875408237,38303.70786243157
2018-11-13 15:00:00,353.38710709949885,23400.895242288418,23754.28234938792
2018-11-13 16:00:00,337.09302188287415,46598.91327472198,46936.00629660485
2018-11-13 17:00:00,300.14618234777936,4508.607634714266,4808.753817062045
2018-11-13 18:00:00,259.46481224870064,3274.821660160432,3534.2864724091332
2018-11-13 19:00:00,217.8376870623444,784.9999972748523,1002.8376843371966
2018-11-13 20:00:00,183.00619164923802,1973.600675949685,2156.6068675989227
2018-11-13 21:00:00,133.9504991402197,19873.94122788996,20007.89172703018
2018-11-13 22:00:00,93.77793857157806,37725.36757688281,37819.145515454395
2018-11-13 23:00:00,60.07290253498235,32052.090261848127,32112.16316438311
2018-11-14 00:00:00,36.5651808402267,0.0,36.5651808402267
2018-11-14 01:00:00,20.525260911333355,18689.999948906927,18710.52520981826
2018-11-14 02:00:00,17.895753318625324,0.0,17.895753318625324
2018-11-14 03:00:00,26.94731835825992,2743.999993699432,2770.9473120576918
2018-11-14 04:00:00,47.905907647167915,1597.999994838487,1645.905902485655
2018-11-14 05:00:00,74.36497128764749,1115.9999970851368,1190.3649683727842
2018-11-14 06:00:00,109.5569933678021,22889.655481540336,22999.21247490814
2018-11-14 07:00:00,157.17086652755518,21764.914089920872,21922.084956448423
2018-11-14 08:00:00,203.98710197905785,61122.7529056615,61326.74000764056
2018-11-14 09:00:00,241.35824710670514,55868.75880272155,56110.11704982826
2018-11-14 10:00:00,293.4936829302821,44376.59512415258,44670.088807082866
2018-11-14 11:00:00,307.559347865409,20208.051440387695,20515.610788253107
2018-11-14 12:00:00,339.6490378803631,24948.90000956207,25288.54904744243
2018-11-14 13:00:00,348.5799842037643,34746.0644534398,35094.64443764356
2018-11-14 14:00:00,344.3077795716265,36934.689704622324,37278.997484193955
2018-11-14 15:00:00,351.11144291877554,21419.511007708403,21770.62245062718
2018-11-14 16:00:00,343.7224897828522,22857.51344346268,23201.235933245538
2018-11-14 17:00:00,286.0829101272462,2573.592507878898,2859.675418006144
2018-11-14 18:00:00,262.2095295341007,2573.999994112714,2836.209523646815
2018-11-14 19:00:00,224.21189354089438,296.99999875406724,521.2118922949617
2018-11-14 20:00:00,182.55756354883948,155.99999960142233,338.55756315026184
2018-11-14 21:00:00,134.5758987019385,18714.999947625936,18849.575846327876
2018-11-14 22:00:00,90.09109377462718,37315.98759612139,37406.07868989602
2018-11-14 23:00:00,59.73530624463166,46488.25268436539,46547.987990610025
2018-11-15 00:00:00,35.0552026168632,193.75948395373703,228.81468657060026
2018-11-15 01:00:00,20.80346797659893,19060.999948402103,19081.8034163787
2018-11-15 02:00:00,17.340843006294893,0.0,17.340843006294893
2018-11-15 03:00:00,26.247988627057204,3413.999990076701,3440.2479787037582
2018-11-15 04:00:00,45.90219726880826,2743.999991045643,2789.9021883144515
2018-11-15 05:00:00,74.5989872594254,511.9999992918088,586.5989865512342
2018-11-15 06:00:00,112.35859732233526,8173.914918991719,8286.273516314055
2018-11-15 07:00:00,154.93278930906536,14208.045024765748,14362.977814074813
2018-11-15 08:00:00,195.53480008357792,35069.62746835845,35265.16226844203
2018-11-15 09:00:00,243.98729638875187,39651.865538528305,39895.85283491705
2018-11-15 10:00:00,273.78536584502865,50394.03099502138,50667.816360866396
2018-11-15 11:00:00,313.2511596286319,26286.142014815534,26599.393174444165
2018-11-15 12:00:00,326.59437604090533,26347.27043744469,26673.864813485598
2018-11-15 13:00:00,355.83170223787124,35155.09995410156,35510.93165633943
2018-11-15 14:00:00,352.0173227100107,22682.517778482634,23034.535101192643
2018-11-15 15:00:00,347.6794192070844,14878.329383614924,15226.00880282201
2018-11-15 16:00:00,329.47352285012187,22007.845076533173,22337.3185993833
2018-11-15 17:00:00,295.65904477874443,4227.015556855906,4522.67460163465
2018-11-15 18:00:00,271.10396937462764,2694.29499709348,2965.3989664681076
2018-11-15 19:00:00,222.66451697664925,547.6863233767251,770.3508403533745
2018-11-15 20:00:00,181.54302429915504,395.7382724531275,577.2812967522825
2018-11-15 21:00:00,134.99960042861636,19887.575350104835,20022.574950533453
2018-11-15 22:00:00,94.94905167498618,33765.05129377458,33860.00034544957
2018-11-15 23:00:00,58.34252701887691,34768.94851822819,34827.29104524707
2018-11-16 00:00:00,34.072250707334376,890.9999971121189,925.0722478194533
2018-11-16 01:00:00,20.592014690113587,19607.99994857944,19628.59196326955
2018-11-16 02:00:00,17.255043228383535,0.0,17.255043228383535
2018-11-16 03:00:00,25.67163691091931,9403.999974488546,9429.671611399464
2018-11-16 04:00:00,46.12945806580309,0.0,46.12945806580309
2018-11-16 05:00:00,75.07852206853238,384.99999857651704,460.0785206450495
2018-11-16 06:00:00,110.29827591340111,20478.04171996783,20588.339995881233
2018-11-16 07:00:00,147.65484059247763,12735.617195777595,12883.272036370074
2018-11-16 08:00:00,204.19422183129754,32313.50877107279,32517.70299290408
2018-11-16 09:00:00,240.2211019223601,39600.450004124636,39840.671106047
2018-11-16 10:00:00,289.01855926249107,22312.965948911024,22601.984508173515
2018-11-16 11:00:00,321.87184352579663,33651.83598524176,33973.70782876756
2018-11-16 12:00:00,344.942716482631,25988.022488825714,26332.96520530835
2018-11-16 13:00:00,348.1632770864591,17231.78436492866,17579.94764201512
2018-11-16 14:00:00,348.54924266996886,17838.93716450764,18187.486407177603
2018-11-16 15:00:00,352.78181897476304,27487.53173057614,27840.313549550898
2018-11-16 16:00:00,326.11791903994845,17763.46047961592,18089.578398655867
2018-11-16 17:00:00,306.05914092847036,1354.8433990420351,1660.9025399705056
2018-11-16 18:00:00,266.41148092253275,1148.8454914128206,1415.2569723353536
2018-11-16 19:00:00,214.6721536663983,435.1545046868252,649.8266583532235
2018-11-16 20:00:00,172.73519714589705,692.9999987221977,865.7351958680947
2018-11-16 21:00:00,135.29145209563893,11094.999970478886,11230.291422574526
2018-11-16 22:00:00,91.48807750372384,31872.495023475953,31963.983100979676
2018-11-16 23:00:00,58.64252763010903,32754.50479603367,32813.14732366378
2018-11-17 00:00:00,33.077658434901,0.0,33.077658434901
2018-11-17 01:00:00,20.684723354542648,22363.999940789527,22384.68466414407
2018-11-17 02:00:00,17.549375746908986,0.0,17.549375746908986
2018-11-17 03:00:00,26.29131738582364,0.0,26.29131738582364
2018-11-17 04:00:00,44.00745614184467,722.9999979246876,767.0074540665323
2018-11-17 05:00:00,78.27987017662721,0.0,78.27987017662721
2018-11-17 06:00:00,110.54022223348775,0.0,110.54022223348775
2018-11-17 07:00:00,152.65389476825965,0.0,152.65389476825965
2018-11-17 08:00:00,192.03521696124153,0.0,192.03521696124153
2018-11-17 09:00:00,238.3007235991019,0.0,238.3007235991019
2018-11-17 10:00:00,272.2946041820294,0.0,272.2946041820294
2018-11-17 11:00:00,323.25257185392206,1.9999999969957043,325.2525718509178
2018-11-17 12:00:00,334.00840295865476,0.0,334.00840295865476
2018-11-17 13:00:00,335.8752459398318,0.0,335.8752459398318
2018-11-17 14:00:00,341.21430722008495,0.0,341.21430722008495
2018-11-17 15:00:00,355.9844331476447,0.0,355.9844331476447
2018-11-17 16:00:00,334.77174419565233,0.0,334.77174419565233
2018-11-17 17:00:00,291.415301102205,0.0,291.415301102205
2018-11-17 18:00:00,273.09058134106743,0.0,273.09058134106743
2018-11-17 19:00:00,216.67990103549155,0.0,216.67990103549155
2018-11-17 20:00:00,181.05450815270848,0.0,181.05450815270848
2018-11-17 21:00:00,128.14388514554702,0.0,128.14388514554702
2018-11-17 22:00:00,95.47025226104901,484.55368598798896,580.023938249038
2018-11-17 23:00:00,59.99513770569477,4895.446298163886,4955.441435869581
2018-11-18 00:00:00,34.955258691892695,0.0,34.955258691892695
2018-11-18 01:00:00,21.256779515267855,0.0,21.256779515267855
2018-11-18 02:00:00,17.456159528802836,0.0,17.456159528802836
2018-11-18 03:00:00,26.48962293861178,0.0,26.48962293861178
2018-11-18 04:00:00,46.61944320061524,0.0,46.61944320061524
2018-11-18 05:00:00,76.53539417855811,0.0,76.53539417855811
2018-11-18 06:00:00,105.94632897897995,0.0,105.94632897897995
2018-11-18 07:00:00,148.12382332407083,0.0,148.12382332407083
2018-11-18 08:00:00,198.91981873898752,77.99999992266797,276.91981866165554
2018-11-18 09:00:00,237.80516838414556,815.9999968045838,1053.8051651887295
2018-11-18 10:00:00,286.1570112656078,179.99999938690044,466.15701065250823
2018-11-18 11:00:00,320.48597636687794,0.0,320.48597636687794
2018-11-18 12:00:00,328.8504906113074,0.0,328.8504906113074
2018-11-18 13:00:00,339.2946137372955,0.0,339.2946137372955
2018-11-18 14:00:00,373.2302386444869,391.9999989761923,765.2302376206792
2018-11-18 15:00:00,340.35817114902716,865.9999977794425,1206.3581689284697
2018-11-18 16:00:00,328.36813190169113,237.99999937073895,566.3681312724301
2018-11-18 17:00:00,297.0274779520802,293.99999906894743,591.0274770210276
2018-11-18 18:00:00,249.47105093103517,4017.999986848019,4267.471037779054
2018-11-18 19:00:00,230.21595795746012,0.0,230.21595795746012
2018-11-18 20:00:00,180.43975871783212,0.0,180.43975871783212
2018-11-18 21:00:00,131.81214504846005,7612.999979447073,7744.812124495534
2018-11-18 22:00:00,92.68958708065486,4717.4139240496825,4810.103511130337
2018-11-18 23:00:00,62.491314359876114,11204.58602983868,11267.077344198557
2018-11-19 00:00:00,33.441924032518685,19.999999966898216,53.4419239994169
2018-11-19 01:00:00,21.12404139908138,0.0,21.12404139908138
2018-11-19 02:00:00,18.18321796617299,222.23770008381564,240.42091804998864
2018-11-19 03:00:00,27.441805482318244,2325.7622926599597,2353.204098142278
2018-11-19 04:00:00,45.33403257641443,0.0,45.33403257641443
2018-11-19 05:00:00,74.96665364896376,3228.9999900028492,3303.966643651813
2018-11-19 06:00:00,107.21422064642474,33444.74576912853,33551.95998977496
2018-11-19 07:00:00,155.47188115039125,21514.20092840875,21669.67280955914
2018-11-19 08:00:00,199.29506849224833,25340.87574399954,25540.170812491786
2018-11-19 09:00:00,240.17068980292635,36710.23875194264,36950.40944174556
2018-11-19 10:00:00,293.8412141344095,38653.729739888564,38947.57095402297
2018-11-19 11:00:00,314.2795247424533,32756.434005405536,33070.713530147994
2018-11-19 12:00:00,338.8351674760461,22738.17642746727,23077.01159494332
2018-11-19 13:00:00,341.66444724188693,31386.016119348467,31727.680566590356
2018-11-19 14:00:00,366.74194215458067,31694.885894302075,32061.627836456657
2018-11-19 15:00:00,350.8565267803642,15838.782949257677,16189.639476038043
2018-11-19 16:00:00,327.99725511122995,20919.912788075777,21247.910043187007
2018-11-19 17:00:00,305.9435675198038,5819.1894564386885,6125.133023958492
2018-11-19 18:00:00,256.09426910016305,2294.810521491414,2550.904790591577
2018-11-19 19:00:00,221.53889903907856,395.999998780593,617.5388978196715
2018-11-19 20:00:00,174.40088963260928,2873.9999919400443,3048.400881572653
2018-11-19 21:00:00,135.30794132431353,18320.999944930983,18456.3078862553
2018-11-19 22:00:00,96.17373864339893,31238.253826487526,31334.42756513093
2018-11-19 23:00:00,58.92400815705561,40356.74597338893,40415.669981545994
2018-11-20 00:00:00,34.954746410310854,0.0,34.954746410310854
2018-11-20 01:00:00,19.7235402833194,18961.999947080196,18981.723487363513
2018-11-20 02:00:00,17.44126493024053,98.99999999443637,116.44126492467687
2018-11-20 03:00:00,26.17719773610328,2024.3637507025126,2050.5409484386155
2018-11-20 04:00:00,44.88422124588327,131.63624281238566,176.52046405826894
2018-11-20 05:00:00,73.73059788346848,373.99999871835337,447.73059660182184
2018-11-20 06:00:00,113.25884039133878,44917.99987437166,45031.258714763
2018-11-20 07:00:00,156.01689813932,19301.064415333716,19457.081313473034
2018-11-20 08:00:00,188.95264054879777,23067.9356502515,23256.888290800296
2018-11-20 09:00:00,236.66430951751215,49731.115698005975,49967.780007523485
2018-11-20 10:00:00,278.9205211392091,49572.004793528,49850.92531466721
2018-11-20 11:00:00,305.73775408822155,35657.82109614699,35963.55885023521
2018-11-20 12:00:00,331.5162009900213,31925.87757312964,32257.393774119664
2018-11-20 13:00:00,349.8803592001922,26445.00992171192,26794.890280912114
2018-11-20 14:00:00,364.136938597637,32537.797628475106,32901.93456707274
2018-11-20 15:00:00,343.98959316273704,14254.018460672822,14598.008053835558
2018-11-20 16:00:00,327.1329356002873,19091.35391989899,19418.48685549928
2018-11-20 17:00:00,304.37366796677543,8698.999975109311,9003.373643076087
2018-11-20 18:00:00,269.7782502834217,0.0,269.7782502834217
2018-11-20 19:00:00,221.6034539013855,98.99999975478926,320.6034536561748
2018-11-20 20:00:00,178.37541923641828,98.9999997573972,277.3754189938155
2018-11-20 21:00:00,138.2221028708816,19122.999944318686,19261.222047189567
2018-11-20 22:00:00,95.37928699685816,31220.32830470197,31315.70759169882
2018-11-20 23:00:00,57.57040228500055,32545.671516346458,32603.241918631466
2018-11-21 00:00:00,33.53376787368893,0.0,33.53376787368893
2018-11-21 01:00:00,21.408231098936458,19606.99994309529,19628.40817419423
2018-11-21 02:00:00,16.97014586856259,232.27702680321843,249.24717267178102
2018-11-21 03:00:00,26.190332169001643,1632.7229672685578,1658.9132994375593
2018-11-21 04:00:00,46.77019896203245,901.9999979564608,948.7701969184934
2018-11-21 05:00:00,73.60739053224206,0.0,73.60739053224206
2018-11-21 06:00:00,106.32770138834502,22063.99994058229,22170.327641970638
2018-11-21 07:00:00,157.98028637570928,14080.523198339875,14238.503484715584
2018-11-21 08:00:00,195.9913655752026,32777.421647161755,32973.41301273696
2018-11-21 09:00:00,238.3093929556867,27628.684064869194,27866.99345782488
2018-11-21 10:00:00,284.3091597184358,25193.52204718063,25477.831206899064
2018-11-21 11:00:00,303.2978831274139,18155.320036747857,18458.61791987527
2018-11-21 12:00:00,335.27819601087805,29350.129607165247,29685.407803176124
2018-11-21 13:00:00,354.51865407882974,26201.494698533825,26556.01335261266
2018-11-21 14:00:00,356.36866975294026,19386.97828394593,19743.34695369887
2018-11-21 15:00:00,348.21452791589763,23403.36634745782,23751.580875373722
2018-11-21 16:00:00,324.2199039124103,13752.252992054746,14076.47289596716
2018-11-21 17:00:00,305.86010864613775,10663.964559165739,10969.824667811876
2018-11-21 18:00:00,262.81611037510885,5647.341819112636,5910.157929487745
2018-11-21 19:00:00,215.26988086270217,197.99999941600527,413.26988027870743
2018-11-21 20:00:00,172.24539992564266,793.7078730747048,965.9532730003475
2018-11-21 21:00:00,134.2610153449489,17023.292075719855,17157.553091064805
2018-11-21 22:00:00,88.98775700129538,35840.770057233305,35929.7578142346
2018-11-21 23:00:00,61.79663260021849,39267.2297315243,39329.02636412451
2018-11-22 00:00:00,33.41088646303696,0.0,33.41088646303696
2018-11-22 01:00:00,19.717839320009148,16260.999952353217,16280.717791673225
2018-11-22 02:00:00,18.007354534547865,0.0,18.007354534547865
2018-11-22 03:00:00,26.33709202042526,2941.9999925803254,2968.3370846007506
2018-11-22 04:00:00,44.84538792055797,891.999998474614,936.845386395172
2018-11-22 05:00:00,74.88635269641718,3005.8741336068124,3080.7604863032293
2018-11-22 06:00:00,110.86481518333639,17470.190953132234,17581.05576831557
2018-11-22 07:00:00,159.64263728805207,18488.70920482958,18648.351842117638
2018-11-22 08:00:00,195.82297455265294,30775.931742447206,30971.75471699986
2018-11-22 09:00:00,235.3203059683757,30738.924132859618,30974.244438828
2018-11-22 10:00:00,287.6240155161987,27077.369471955084,27364.993487471285
2018-11-22 11:00:00,307.28295186074877,20642.49682971795,20949.779781578705
2018-11-22 12:00:00,348.4815935067055,19875.183688513174,20223.66528201988
2018-11-22 13:00:00,358.2944479711655,16806.170749502533,17164.4651974737
2018-11-22 14:00:00,345.70166256687503,41844.454106107456,42190.155768674325
2018-11-22 15:00:00,354.9967021692912,16625.877159648575,16980.87386181787
2018-11-22 16:00:00,331.2845857008417,33139.91151681697,33471.19610251781
2018-11-22 17:00:00,294.6756165532254,9436.905503000296,9731.58111955352
2018-11-22 18:00:00,255.59265272347153,105.99999969029815,361.5926524137697
2018-11-22 19:00:00,220.90239641197118,2847.9999913951137,3068.9023878070852
2018-11-22 20:00:00,182.61817138098388,1.9999999959951704,184.61817137697906
2018-11-22 21:00:00,131.23998539525115,15053.999951902726,15185.239937297976
2018-11-22 22:00:00,92.52539968481618,31547.895977836193,31640.42137752101
2018-11-22 23:00:00,60.58975644830885,59452.1037726615,59512.69352910981
2018-11-23 00:00:00,36.20746802966547,0.0,36.20746802966547
2018-11-23 01:00:00,20.45511244543237,23061.99993423162,23082.45504667705
2018-11-23 02:00:00,18.231985627339455,0.0,18.231985627339455
2018-11-23 03:00:00,26.396789397576647,8912.64646283264,8939.043252230216
2018-11-23 04:00:00,46.35079738411963,3038.7726652695646,3085.1234626536843
2018-11-23 05:00:00,71.92441497111326,1906.0606449575473,1977.9850599286606
2018-11-23 06:00:00,115.94163025383553,22697.717099843558,22813.658730097395
2018-11-23 07:00:00,161.32954600936444,13588.42855137094,13749.758097380305
2018-11-23 08:00:00,199.43854959324,20322.842573034133,20522.281122627373
2018-11-23 09:00:00,239.18935721412012,31362.889288326485,31602.07864554061
2018-11-23 10:00:00,290.7515204320648,29624.686893976315,29915.43841440838
2018-11-23 11:00:00,327.9152849816207,20246.507680341863,20574.42296532348
2018-11-23 12:00:00,328.1037347310819,15287.69539785078,15615.799132581862
2018-11-23 13:00:00,367.343169250285,28672.26897949801,29039.612148748296
2018-11-23 14:00:00,362.2024576437581,17046.113051332148,17408.315508975906
2018-11-23 15:00:00,353.92083055044293,10956.724112655636,11310.64494320608
2018-11-23 16:00:00,320.86221141183694,21174.78965007393,21495.65186148577
2018-11-23 17:00:00,285.56704135742825,1016.8562547709563,1302.4232961283847
2018-11-23 18:00:00,261.9825897292409,1079.9999974616653,1341.982587190906
2018-11-23 19:00:00,221.82525786156674,0.0,221.82525786156674
2018-11-23 20:00:00,181.105413165495,1469.99999551487,1651.1054086803651
2018-11-23 21:00:00,137.80596535454632,13192.438043832815,13330.244009187363
2018-11-23 22:00:00,94.00012952579092,44489.73371943302,44583.733848958815
2018-11-23 23:00:00,58.09687552097171,29651.82799067097,29709.92486619194
2018-11-24 00:00:00,34.99273990932668,0.0,34.99273990932668
2018-11-24 01:00:00,20.062926506752163,15177.99995703857,15198.06288354532
2018-11-24 02:00:00,17.363728045167413,593.9999985285602,611.3637265737277
2018-11-24 03:00:00,26.849283509581443,0.0,26.849283509581443
2018-11-24 04:00:00,48.19246283841494,0.0,48.19246283841494
2018-11-24 05:00:00,77.55827958927904,9.999999998647466,87.5582795879265
2018-11-24 06:00:00,114.20031086623054,0.0,114.20031086623054
2018-11-24 07:00:00,152.94924024474483,0.0,152.94924024474483
2018-11-24 08:00:00,199.16765176871985,0.0,199.16765176871985
2018-11-24 09:00:00,234.6548799858096,0.0,234.6548799858096
2018-11-24 10:00:00,281.7595946561943,0.0,281.7595946561943
2018-11-24 11:00:00,313.14336626286223,0.0,313.14336626286223
2018-11-24 12:00:00,344.0443703006712,0.0,344.0443703006712
2018-11-24 13:00:00,361.34821184315825,0.0,361.34821184315825
2018-11-24 14:00:00,367.72813057098483,0.0,367.72813057098483
2018-11-24 15:00:00,358.4176666028811,0.0,358.4176666028811
2018-11-24 16:00:00,329.1870200778908,0.0,329.1870200778908
2018-11-24 17:00:00,305.24307475659333,0.0,305.24307475659333
2018-11-24 18:00:00,263.50535475289826,0.0,263.50535475289826
2018-11-24 19:00:00,223.58551163193022,0.0,223.58551163193022
2018-11-24 20:00:00,173.76622571277525,0.0,173.76622571277525
2018-11-24 21:00:00,133.23272009423528,0.0,133.23272009423528
2018-11-24 22:00:00,91.76521423572174,424.2738111248752,516.039025360597
2018-11-24 23:00:00,58.043862251944844,5668.726172813552,5726.770035065497
2018-11-25 00:00:00,36.17311616989889,0.0,36.17311616989889
2018-11-25 01:00:00,20.44624586017077,2895.9999920776286,2916.4462379377997
2018-11-25 02:00:00,17.7405190509144,1275.9999957518876,1293.7405148028022
2018-11-25 03:00:00,27.50120051905434,0.0,27.50120051905434
2018-11-25 04:00:00,45.90730213839838,0.0,45.90730213839838
2018-11-25 05:00:00,74.66287423471192,0.0,74.66287423471192
2018-11-25 06:00:00,106.04146783755253,0.0,106.04146783755253
2018-11-25 07:00:00,149.06378652029747,0.0,149.06378652029747
2018-11-25 08:00:00,201.15390633653226,0.0,201.15390633653226
2018-11-25 09:00:00,249.24097124002594,0.0,249.24097124002594
2018-11-25 10:00:00,272.1928863878186,0.0,272.1928863878186
2018-11-25 11:00:00,314.58739659345247,0.0,314.58739659345247
2018-11-25 12:00:00,344.4226169906216,0.0,344.4226169906216
2018-11-25 13:00:00,363.76510327589784,0.0,363.76510327589784
2018-11-25 14:00:00,354.2751112114572,0.0,354.2751112114572
2018-11-25 15:00:00,346.33289437816626,0.0,346.33289437816626
2018-11-25 16:00:00,344.73060642827846,0.0,344.73060642827846
2018-11-25 17:00:00,297.05403950620695,0.0,297.05403950620695
2018-11-25 18:00:00,260.26549056538823,0.0,260.26549056538823
2018-11-25 19:00:00,216.65265084024958,0.0,216.65265084024958
2018-11-25 20:00:00,172.81599962460356,0.0,172.81599962460356
2018-11-25 21:00:00,130.83063382805966,0.0,130.83063382805966
2018-11-25 22:00:00,93.0023559160393,37.315063136088575,130.31741905212786
2018-11-25 23:00:00,61.66089757173654,3781.684926327239,3843.3458238989756
2018-11-26 00:00:00,34.40275192038353,0.0,34.40275192038353
2018-11-26 01:00:00,20.5251861527592,3196.9931236543507,3217.51830980711
2018-11-26 02:00:00,17.767416579014114,233.00686650591788,250.774283084932
2018-11-26 03:00:00,26.174634840846707,0.0,26.174634840846707
2018-11-26 04:00:00,45.67547816307564,4638.999986633996,4684.675464797071
2018-11-26 05:00:00,77.58116279609013,0.0,77.58116279609013
2018-11-26 06:00:00,112.93161510749232,18070.345107339344,18183.276722446833
2018-11-26 07:00:00,154.19451636321526,27961.555042908247,28115.749559271462
2018-11-26 08:00:00,194.9251749364198,31650.782206142332,31845.707381078748
2018-11-26 09:00:00,247.3492270614351,42251.543487843315,42498.89271490475
2018-11-26 10:00:00,283.73978349065584,26148.07413191802,26431.813915408675
2018-11-26 11:00:00,312.6647004743304,31521.095916416532,31833.760616890864
2018-11-26 12:00:00,343.57321777166703,41530.80483477969,41874.37805255136
2018-11-26 13:00:00,365.13583731491775,26700.960444474073,27066.09628178899
2018-11-26 14:00:00,342.9262386288792,23841.572114091672,24184.498352720548
2018-11-26 15:00:00,353.30399868252357,19447.003682789225,19800.30768147175
2018-11-26 16:00:00,341.7023691872506,15987.11466965223,16328.817038839483
2018-11-26 17:00:00,297.71099063158874,4189.147501680036,4486.858492311624
2018-11-26 18:00:00,251.10793306439524,3213.999990998414,3465.107924062809
2018-11-26 19:00:00,223.20277564300483,197.9999994490274,421.20277509203225
2018-11-26 20:00:00,182.36962648888766,626.9999981025403,809.3696245914281
2018-11-26 21:00:00,138.24878822757967,13744.999962031117,13883.248750258697
2018-11-26 22:00:00,94.2104077558036,35755.05024799798,35849.26065575378
2018-11-26 23:00:00,56.133270119306175,32443.949561959733,32500.082832079042
2018-11-27 00:00:00,34.33350237506637,0.0,34.33350237506637
2018-11-27 01:00:00,21.637525601766683,15032.999959122348,15054.637484724115
2018-11-27 02:00:00,17.86001137080416,719.9999977001626,737.8600090709667
2018-11-27 03:00:00,26.066727252327073,2289.9999925818265,2316.066719834154
2018-11-27 04:00:00,44.77732423907263,3691.2330924410985,3736.010416680171
2018-11-27 05:00:00,77.26583275803077,11451.766858570047,11529.032691328079
2018-11-27 06:00:00,111.1273464619996,14397.354831817283,14508.482178279286
2018-11-27 07:00:00,162.50264869501194,14910.964364852818,15073.46701354783
2018-11-27 08:00:00,198.76471079537583,26957.80230685079,27156.567017646168
2018-11-27 09:00:00,240.55307718911968,28301.06428305345,28541.61736024257
2018-11-27 10:00:00,284.8249026750368,39846.84464831345,40131.66955098848
2018-11-27 11:00:00,319.9226709151612,13664.913127054888,13984.835797970049
2018-11-27 12:00:00,321.33615059613135,18673.839428805255,18995.175579401388
2018-11-27 13:00:00,356.7644141690824,27550.95417901586,27907.718593184938
2018-11-27 14:00:00,362.436643513972,29779.630973271876,30142.067616785847
2018-11-27 15:00:00,349.64315800355524,51183.70999220416,51533.35315020771
2018-11-27 16:00:00,324.48125453269034,21754.921054830673,22079.402309363366
2018-11-27 17:00:00,289.5253459906237,6715.0728529650305,7004.598198955655
2018-11-27 18:00:00,255.73142769436072,1578.9271272441881,1834.6585549385488
2018-11-27 19:00:00,219.94523308356978,692.9999977043865,912.9452307879563
2018-11-27 20:00:00,179.55243668126909,0.0,179.55243668126909
2018-11-27 21:00:00,136.05997151829226,22335.999939699468,22472.05991121776
2018-11-27 22:00:00,92.00188319773179,42865.150080975305,42957.15196417303
2018-11-27 23:00:00,57.850179944143164,42853.84968247372,42911.69986241787
2018-11-28 00:00:00,34.51588149847309,375.6542486730909,410.1701301715641
2018-11-28 01:00:00,19.88042033617696,20401.345689066686,20421.22610940286
2018-11-28 02:00:00,17.84649184670252,214.5783991799369,232.42489102663944
2018-11-28 03:00:00,25.981936283720472,1300.8712741179093,1326.8532104016297
2018-11-28 04:00:00,45.33780015599886,4028.550308796859,4073.8881089528577
2018-11-28 05:00:00,73.68207621293328,1620.999994907671,1694.6820711206042
2018-11-28 06:00:00,113.96986444831597,5413.950121331722,5527.919985780038
2018-11-28 07:00:00,154.62067556482972,28595.153129645874,28749.77380521071
2018-11-28 08:00:00,192.86500967685848,16588.887523299865,16781.752532976727
2018-11-28 09:00:00,235.32687734255768,33301.565241827055,33536.89211916961
2018-11-28 10:00:00,272.8654436166628,32886.78102596909,33159.64646958575
2018-11-28 11:00:00,309.1312962199388,37190.05743484947,37499.18873106941
2018-11-28 12:00:00,328.5888604005373,37342.79854665285,37671.38740705339
2018-11-28 13:00:00,363.3721088733827,26817.651579050238,27181.023687923618
2018-11-28 14:00:00,354.41419077991526,22207.53498803539,22561.949178815303
2018-11-28 15:00:00,345.3493278718933,21894.152707767942,22239.50203563983
2018-11-28 16:00:00,315.15875021005,36847.795015557145,37162.9537657672
2018-11-28 17:00:00,296.47418563666713,5229.599669611691,5526.073855248358
2018-11-28 18:00:00,270.6925620235939,942.0721454613133,1212.7647074849071
2018-11-28 19:00:00,223.75610176248892,5463.501576859329,5687.257678621818
2018-11-28 20:00:00,175.9941984085458,1813.4984014585025,1989.4925998670483
2018-11-28 21:00:00,132.3654971487912,21089.99994241018,21222.36543955897
2018-11-28 22:00:00,93.55544553723398,53869.23794190253,53962.79338743977
2018-11-28 23:00:00,61.519499316658155,52636.76176030173,52698.281259618394
2018-11-29 00:00:00,35.60962991208952,1621.9999966816597,1657.6096265937492
2018-11-29 01:00:00,20.702273884848573,16231.99995451248,16252.70222839733
2018-11-29 02:00:00,17.344375908181114,0.0,17.344375908181114
2018-11-29 03:00:00,26.12613744174818,962.2860562743924,988.4121937161405
2018-11-29 04:00:00,46.40729103494176,10066.713911692455,10113.121202727398
2018-11-29 05:00:00,75.4514972728434,3591.361904207585,3666.813401480428
2018-11-29 06:00:00,110.02752821617315,13348.775388572236,13458.802916788409
2018-11-29 07:00:00,154.3944796822454,20780.533165146277,20934.927644828524
2018-11-29 08:00:00,200.36077824005756,27900.874576470167,28101.235354710225
2018-11-29 09:00:00,242.9915967274311,27650.376821377155,27893.36841810459
2018-11-29 10:00:00,279.2939685774653,62200.26681039926,62479.56077897674
2018-11-29 11:00:00,323.3521292493931,26272.655625903622,26596.007755153012
2018-11-29 12:00:00,346.8638397819434,27854.72723413207,28201.591073914016
2018-11-29 13:00:00,367.83057021291995,31679.573037977258,32047.403608190176
2018-11-29 14:00:00,358.7675714489823,25753.213031476254,26111.98060292524
2018-11-29 15:00:00,331.9869624354305,12844.406518091315,13176.393480526745
2018-11-29 16:00:00,332.9649478973097,24722.539537475834,25055.504485373145
2018-11-29 17:00:00,293.5011716042284,2283.6954829395186,2577.196654543747
2018-11-29 18:00:00,267.2723507431458,3129.7979855169915,3397.070336260137
2018-11-29 19:00:00,220.22462755864092,2046.2019988819156,2266.426626440557
2018-11-29 20:00:00,171.28855348818237,595.9999984798532,767.2885519680356
2018-11-29 21:00:00,128.1878385326732,17556.999952700837,17685.18779123351
2018-11-29 22:00:00,92.56720539444777,37140.31310777571,37232.880313170164
2018-11-29 23:00:00,59.31680520000871,36347.686690611336,36407.00349581135
2018-11-30 00:00:00,35.789596220517964,2156.001135957464,2191.790732177982
2018-11-30 01:00:00,19.79224826507168,14727.998815802239,14747.791064067309
2018-11-30 02:00:00,17.32981075688319,0.0,17.32981075688319
2018-11-30 03:00:00,27.074862293451474,220.7005088344183,247.77537112786973
2018-11-30 04:00:00,46.961517946152874,1111.299487372973,1158.261005319126
2018-11-30 05:00:00,75.29967566201152,20903.999938933568,20979.29961459558
2018-11-30 06:00:00,113.03510688796547,28080.623575003352,28193.65868189132
2018-11-30 07:00:00,153.93291359772527,7002.622753834341,7156.555667432066
2018-11-30 08:00:00,203.50668802472373,15683.237451629066,15886.74413965379
2018-11-30 09:00:00,244.51389380670315,36518.24501199495,36762.75890580165
2018-11-30 10:00:00,283.10121931671813,33750.449468296676,34033.550687613395
2018-11-30 11:00:00,314.924785808548,30872.939460536705,31187.864246345256
2018-11-30 12:00:00,339.5559024140862,32467.06180371029,32806.61770612438
2018-11-30 13:00:00,354.2453609892911,21534.564248028466,21888.80960901776
2018-11-30 14:00:00,361.73515938680487,21510.477691336644,21872.212850723452
2018-11-30 15:00:00,346.3367281420659,23451.839556687904,23798.17628482997
2018-11-30 16:00:00,323.7979385530768,8053.057668056781,8376.855606609859
2018-11-30 17:00:00,312.1248792438309,18789.60274328199,19101.727622525825
2018-11-30 18:00:00,258.8551313632554,5595.277768667752,5854.132900031007
2018-11-30 19:00:00,216.14058327786788,494.9999985807269,711.1405818585947
2018-11-30 20:00:00,177.34727272982116,3464.9999905804716,3642.347263310293
2018-11-30 21:00:00,132.63549789793615,13379.999958776449,13512.635456674383
2018-11-30 22:00:00,94.98648013232315,63509.79522843052,63604.78170856285
2018-11-30 23:00:00,56.654479225688775,68768.20440931852,68824.85888854422
2018-12-01 00:00:00,34.30488361376592,1054.9999961964463,1089.3048798102122
2018-12-01 01:00:00,19.960950706222555,9694.999968983091,9714.960919689314
2018-12-01 02:00:00,18.39332785829883,98.9999995457396,117.39332740403844
2018-12-01 03:00:00,26.957471250065574,0.0,26.957471250065574
2018-12-01 04:00:00,44.16578160711678,0.0,44.16578160711678
2018-12-01 05:00:00,74.47435253221978,29.999999921041983,104.47435245326176
2018-12-01 06:00:00,110.0927341398355,2177.999993851702,2288.0927279915377
2018-12-01 07:00:00,153.21293123387534,10161.680582027759,10314.893513261635
2018-12-01 08:00:00,198.72463298766772,8008.218588280928,8206.943221268597
2018-12-01 09:00:00,244.3610293592585,8289.893532615832,8534.254561975089
2018-12-01 10:00:00,282.06175287642554,18264.3253218034,18546.38707467982
2018-12-01 11:00:00,317.7924509432927,3497.881837539515,3815.6742884828072
2018-12-01 12:00:00,341.37671712059824,687.9999984715611,1029.3767155921594
2018-12-01 13:00:00,359.4210642207379,0.0,359.4210642207379
2018-12-01 14:00:00,367.20671273738907,201.99999997512344,569.2067127125125
2018-12-01 15:00:00,353.7162990684577,293.9999991837427,647.7162982522004
2018-12-01 16:00:00,321.1379390232333,1129.606614440067,1450.7445534633002
2018-12-01 17:00:00,295.925254471758,536.3933800308538,832.3186345026118
2018-12-01 18:00:00,255.16675488924983,0.0,255.16675488924983
2018-12-01 19:00:00,229.58986676720946,0.0,229.58986676720946
2018-12-01 20:00:00,178.5978499854979,0.0,178.5978499854979
2018-12-01 21:00:00,129.42398006600027,4038.9999870118304,4168.423967077831
2018-12-01 22:00:00,92.24447725708079,5015.986823211851,5108.231300468931
2018-12-01 23:00:00,59.72420302201087,4087.013148852866,4146.737351874876
2018-12-02 00:00:00,35.605169551816424,0.0,35.605169551816424
2018-12-02 01:00:00,20.28121519135718,0.0,20.28121519135718
2018-12-02 02:00:00,17.705309277855385,0.0,17.705309277855385
2018-12-02 03:00:00,26.192070103162216,0.0,26.192070103162216
2018-12-02 04:00:00,45.60775854247548,0.0,45.60775854247548
2018-12-02 05:00:00,77.1742327219446,0.0,77.1742327219446
2018-12-02 06:00:00,114.67694160611131,0.0,114.67694160611131
2018-12-02 07:00:00,149.66204172425074,0.0,149.66204172425074
2018-12-02 08:00:00,194.68102303057287,77.99999943779832,272.68102246837117
2018-12-02 09:00:00,242.9988401033021,368.9999991435268,611.9988392468289
2018-12-02 10:00:00,281.5064038982191,0.0,281.5064038982191
2018-12-02 11:00:00,315.25773595294265,0.0,315.25773595294265
2018-12-02 12:00:00,334.6267108807492,0.0,334.6267108807492
2018-12-02 13:00:00,371.74147505112984,0.0,371.74147505112984
2018-12-02 14:00:00,352.78742143835416,0.0,352.78742143835416
2018-12-02 15:00:00,338.30744450814274,0.0,338.30744450814274
2018-12-02 16:00:00,338.43448491007746,179.9999993903338,518.4344843004112
2018-12-02 17:00:00,291.6510884480417,179.99999912304548,471.6510875710872
2018-12-02 18:00:00,272.3833897758138,179.99999959056515,452.383389366379
2018-12-02 19:00:00,211.9066048098806,0.0,211.9066048098806
2018-12-02 20:00:00,177.577324165591,0.0,177.577324165591
2018-12-02 21:00:00,132.39143377716698,0.0,132.39143377716698
2018-12-02 22:00:00,91.05540295548619,504.8433639811124,595.8987669365986
2018-12-02 23:00:00,56.922096930785656,4638.156621739916,4695.078718670701
2018-12-03 00:00:00,35.288278774120656,0.0,35.288278774120656
2018-12-03 01:00:00,21.059302713114427,1393.9999963546118,1415.0592990677262
2018-12-03 02:00:00,17.459225794279394,494.9999986801753,512.4592244744547
2018-12-03 03:00:00,26.490252584666962,0.0,26.490252584666962
2018-12-03 04:00:00,47.66463954312202,98.9999996997458,146.66463924286782
2018-12-03 05:00:00,73.32663151618479,494.9999980542517,568.3266295704366
2018-12-03 06:00:00,108.67199722274916,12062.835686224716,12171.507683447468
2018-12-03 07:00:00,156.7073945923002,26378.93208054176,26535.639475134067
2018-12-03 08:00:00,197.57446783219393,18242.236055748526,18439.810523580723
2018-12-03 09:00:00,245.94267471399212,55527.03675244662,55772.97942716061
2018-12-03 10:00:00,285.6872518043126,34485.63424164707,34771.32149345139
2018-12-03 11:00:00,327.0252597848097,21293.754227938123,21620.77948772293
2018-12-03 12:00:00,334.7841414595722,27009.23500145246,27344.01914291203
2018-12-03 13:00:00,366.68451945711183,29180.73429239456,29547.418811851676
2018-12-03 14:00:00,346.23584974588755,16997.03238174748,17343.26823149337
2018-12-03 15:00:00,359.41146377146094,7720.850524728612,8080.261988500073
2018-12-03 16:00:00,335.37676998700465,22221.024826946443,22556.401596933447
2018-12-03 17:00:00,307.4093251758023,2078.6931500277315,2386.1024752035332
2018-12-03 18:00:00,253.74587889715093,3959.9999893151785,4213.745868212329
2018-12-03 19:00:00,221.68266751888558,98.99999998403996,320.6826675029256
2018-12-03 20:00:00,180.0752170938684,0.0,180.0752170938684
2018-12-03 21:00:00,138.11661996338108,12929.999961204416,13068.116581167797
2018-12-03 22:00:00,93.49846483581646,30537.342463259585,30630.840928095404
2018-12-03 23:00:00,56.66340148690239,28398.432472281154,28455.095873768056
2018-12-04 00:00:00,33.84834558567814,501.2248970213467,535.0732426070249
2018-12-04 01:00:00,20.274663415421244,5434.999983826169,5455.27464724159
2018-12-04 02:00:00,17.633614398389327,197.9999994683029,215.6336138666922
2018-12-04 03:00:00,26.796744160715285,2688.5160177493194,2715.3127619100346
2018-12-04 04:00:00,44.992450883650335,997.4839719297837,1042.476422813434
2018-12-04 05:00:00,76.68388119412558,3394.9999907724778,3471.683871966603
2018-12-04 06:00:00,109.29352709389786,17354.702017329117,17463.995544423015
2018-12-04 07:00:00,150.08086586241046,18043.601508098698,18193.68237396111
2018-12-04 08:00:00,192.0906715453157,15310.696335248796,15502.787006794111
2018-12-04 09:00:00,241.35165401770138,20129.029794746984,20370.38144876469
2018-12-04 10:00:00,285.0036803780238,23429.287539841323,23714.291220219347
2018-12-04 11:00:00,317.36205593761366,13083.830591033226,13401.192646970838
2018-12-04 12:00:00,342.589728327452,35293.060025282146,35635.6497536096
2018-12-04 13:00:00,344.59343069674503,30934.11015414616,31278.703584842908
2018-12-04 14:00:00,373.77671377866045,18363.813896493688,18737.590610272346
2018-12-04 15:00:00,329.1320569731474,16815.55739400544,17144.689450978585
2018-12-04 16:00:00,319.8016322769313,65048.42012120442,65368.22175348135
2018-12-04 17:00:00,300.7280178118982,7932.889836226893,8233.61785403879
2018-12-04 18:00:00,262.42957465704467,395.9999992506366,658.4295739076813
2018-12-04 19:00:00,221.25044947164938,98.99999984065887,320.25044931230826
2018-12-04 20:00:00,167.08845082252228,0.0,167.08845082252228
2018-12-04 21:00:00,133.1762984035039,22604.999937986413,22738.176236389914
2018-12-04 22:00:00,94.17605274853224,37212.16590596308,37306.34195871161
2018-12-04 23:00:00,60.68429065955206,31413.833909585323,31474.51820024488
2018-12-05 00:00:00,33.829579961243994,0.0,33.829579961243994
2018-12-05 01:00:00,20.602218769561965,20147.99994438476,20168.602163154315
2018-12-05 02:00:00,17.24704738762633,554.99999906067,572.2470464482963
2018-12-05 03:00:00,25.842689073655105,1357.999995124046,1383.842684197701
2018-12-05 04:00:00,46.05289769109791,979.9999970592219,1026.0528947503199
2018-12-05 05:00:00,73.6643318705951,1845.999993981724,1919.6643258523188
2018-12-05 06:00:00,112.31263977844097,15380.85608549478,15493.168725273223
2018-12-05 07:00:00,151.21031338661018,28646.07366413934,28797.283977525953
2018-12-05 08:00:00,193.77025672679332,23857.020978270637,24050.791234997432
2018-12-05 09:00:00,246.69980504573172,41217.35613681792,41464.055941863655
2018-12-05 10:00:00,284.7793416999949,34053.87992674493,34338.65926844492
2018-12-05 11:00:00,302.5856935045161,35042.32025831314,35344.905951817665
2018-12-05 12:00:00,350.4942985565639,27507.360604573325,27857.85490312989
2018-12-05 13:00:00,361.709164879461,51164.69249995246,51526.40166483193
2018-12-05 14:00:00,365.35506939816776,21707.44643712737,22072.80150652554
2018-12-05 15:00:00,359.00312286922576,19430.539544995576,19789.5426678648
2018-12-05 16:00:00,334.26825730529583,17201.45297596341,17535.721233268705
2018-12-05 17:00:00,312.86460090575986,3882.99998996085,4195.86459086661
2018-12-05 18:00:00,256.95996473178366,5925.999984682763,6182.959949414546
2018-12-05 19:00:00,225.1639822309283,209.39933229880432,434.56331452973257
2018-12-05 20:00:00,184.41104417663456,1517.6006618384693,1702.0117060151038
2018-12-05 21:00:00,134.82923064484893,19894.99994525574,20029.829175900588
2018-12-05 22:00:00,92.22732519629548,41296.16061332785,41388.387938524145
2018-12-05 23:00:00,62.258360327354794,39624.83915998909,39687.09752031644
2018-12-06 00:00:00,34.60705094661105,0.0,34.60705094661105
2018-12-06 01:00:00,20.33668022985511,19722.999942750386,19743.33662298024
2018-12-06 02:00:00,17.37834137015693,119.29735434917961,136.67569571933655
2018-12-06 03:00:00,26.79203737076845,764.2652298153424,791.057267186111
2018-12-06 04:00:00,45.76418322532931,1398.4374088585414,1444.2015920838705
2018-12-06 05:00:00,72.21625083899394,4547.2600362756475,4619.476287114641
2018-12-06 06:00:00,111.7078103640869,14249.739911151903,14361.44772151599
2018-12-06 07:00:00,148.8105171900097,29264.22049417789,29413.0310113679
2018-12-06 08:00:00,200.16217102148323,25165.735091503706,25365.89726252519
2018-12-06 09:00:00,232.02691139744348,26658.188047630218,26890.21495902766
2018-12-06 10:00:00,290.0349398733298,37372.8777599477,37662.91269982103
2018-12-06 11:00:00,326.81009771214224,27540.51554318678,27867.32564089892
2018-12-06 12:00:00,337.79788596857884,49536.43898646466,49874.236872433234
2018-12-06 13:00:00,356.5601471015109,26777.28299765826,27133.843144759772
2018-12-06 14:00:00,354.04566015385376,22593.751551189434,22947.79721134329
2018-12-06 15:00:00,347.4929329118843,13393.121829651724,13740.614762563608
2018-12-06 16:00:00,338.84473877678215,27014.758938118826,27353.603676895604
2018-12-06 17:00:00,313.3340368261746,873.1079327186802,1186.4419695448548
2018-12-06 18:00:00,274.1856118705366,296.9999990007213,571.1856108712578
2018-12-06 19:00:00,226.9763552546956,197.99999963049072,424.9763548851863
2018-12-06 20:00:00,171.82718859781187,7721.999978882732,7893.827167480544
2018-12-06 21:00:00,131.30865919876555,0.0,131.30865919876555
2018-12-06 22:00:00,96.51924482728536,20110.255309544704,20206.77455437199
2018-12-06 23:00:00,58.855584936165315,27830.744553156874,27889.60013809304
2018-12-07 00:00:00,34.511468205444174,0.0,34.511468205444174
2018-12-07 01:00:00,20.07184691037174,18937.999944974854,18958.071791885224
2018-12-07 02:00:00,17.014967604282127,413.9999987636013,431.0149663678834
2018-12-07 03:00:00,27.06906560647425,4899.9999882150905,4927.069053821565
2018-12-07 04:00:00,46.39375853890721,4837.429421217581,4883.823179756488
2018-12-07 05:00:00,74.48009061173855,11004.270711340116,11078.750801951855
2018-12-07 06:00:00,111.15153848592243,21594.63982394233,21705.791362428252
2018-12-07 07:00:00,152.13702517515145,19841.756247358255,19993.89327253341
2018-12-07 08:00:00,198.7470828356706,38732.46569288196,38931.212775717635
2018-12-07 09:00:00,244.48716442743856,27560.24404915152,27804.731213578958
2018-12-07 10:00:00,267.0621238492233,41697.233246075724,41964.29536992494
2018-12-07 11:00:00,312.60210769119453,21716.332598773093,22028.934706464286
2018-12-07 12:00:00,337.5445293208103,29858.7516313791,30196.29616069991
2018-12-07 13:00:00,335.76199758928954,34241.39614117333,34577.15813876262
2018-12-07 14:00:00,346.5569528365711,20628.559662547836,20975.11661538441
2018-12-07 15:00:00,340.7802307519683,28668.113664714456,29008.893895466426
2018-12-07 16:00:00,313.3143090410485,27422.843649987535,27736.15795902858
2018-12-07 17:00:00,301.2158592323427,4400.682924852554,4701.898784084897
2018-12-07 18:00:00,262.6515852619806,698.2796076618577,960.9311929238382
2018-12-07 19:00:00,226.4989133305802,4157.999988251325,4384.498901581905
2018-12-07 20:00:00,177.7849444406296,295.613055887208,473.3980003278376
2018-12-07 21:00:00,126.39066190295918,15533.386900392728,15659.777562295687
2018-12-07 22:00:00,96.56736045797966,47724.43862124835,47821.00598170633
2018-12-07 23:00:00,58.11055180824937,30424.561158226563,30482.67171003481
2018-12-08 00:00:00,34.41405827892097,0.0,34.41405827892097
2018-12-08 01:00:00,20.488102497219227,19347.99994607824,19368.48804857546
2018-12-08 02:00:00,18.031215651121595,0.0,18.031215651121595
2018-12-08 03:00:00,27.38485087031661,0.0,27.38485087031661
2018-12-08 04:00:00,46.364350998601566,9.99999998134258,56.36435097994414
2018-12-08 05:00:00,72.83193626964007,9.999999986518793,82.83193625615887
2018-12-08 06:00:00,109.6715874867835,0.0,109.6715874867835
2018-12-08 07:00:00,152.3713934736885,97.99999946051564,250.37139293420412
2018-12-08 08:00:00,186.87135512677406,783.9999978726627,970.8713529994368
2018-12-08 09:00:00,244.00121316811033,0.0,244.00121316811033
2018-12-08 10:00:00,273.6698753923854,0.0,273.6698753923854
2018-12-08 11:00:00,312.1430284096988,0.0,312.1430284096988
2018-12-08 12:00:00,330.2399341852824,0.0,330.2399341852824
2018-12-08 13:00:00,354.01535590308197,0.0,354.01535590308197
2018-12-08 14:00:00,357.3796774876666,0.0,357.3796774876666
2018-12-08 15:00:00,349.68364905874887,0.0,349.68364905874887
2018-12-08 16:00:00,336.0884725458402,0.0,336.0884725458402
2018-12-08 17:00:00,288.2977025426703,539.999998244745,828.2977007874154
2018-12-08 18:00:00,251.23532083629726,539.9999982278547,791.2353190641519
2018-12-08 19:00:00,218.98995705084064,0.0,218.98995705084064
2018-12-08 20:00:00,178.51321977796601,0.0,178.51321977796601
2018-12-08 21:00:00,135.38223147714157,0.0,135.38223147714157
2018-12-08 22:00:00,88.1734087590036,248.3793005253176,336.5527092843212
2018-12-08 23:00:00,61.98106541330079,2663.6206913972264,2725.601756810527
2018-12-09 00:00:00,34.60356514758906,0.0,34.60356514758906
2018-12-09 01:00:00,20.472735837095254,0.0,20.472735837095254
2018-12-09 02:00:00,18.464199660921924,0.0,18.464199660921924
2018-12-09 03:00:00,26.181669754756108,0.0,26.181669754756108
2018-12-09 04:00:00,44.89829500436412,3.979683290283868,48.87797829464799
2018-12-09 05:00:00,77.32786502995393,16.020316651443643,93.34818168139756
2018-12-09 06:00:00,110.49780372399746,0.0,110.49780372399746
2018-12-09 07:00:00,149.22447080501257,539.9999988700929,689.2244696751055
2018-12-09 08:00:00,202.92985869356434,0.0,202.92985869356434
2018-12-09 09:00:00,247.1654179787862,0.0,247.1654179787862
2018-12-09 10:00:00,278.83843401553975,0.0,278.83843401553975
2018-12-09 11:00:00,304.77995981560156,0.0,304.77995981560156
2018-12-09 12:00:00,338.5229742412323,0.0,338.5229742412323
2018-12-09 13:00:00,347.1810426179576,0.0,347.1810426179576
2018-12-09 14:00:00,354.491432799025,0.0,354.491432799025
2018-12-09 15:00:00,353.2514078877515,0.0,353.2514078877515
2018-12-09 16:00:00,331.35178214003815,0.0,331.35178214003815
2018-12-09 17:00:00,289.2174360557061,0.0,289.2174360557061
2018-12-09 18:00:00,263.01921509615426,0.0,263.01921509615426
2018-12-09 19:00:00,220.72152067608556,0.0,220.72152067608556
2018-12-09 20:00:00,177.30914352466226,0.0,177.30914352466226
2018-12-09 21:00:00,136.59382744123735,0.0,136.59382744123735
2018-12-09 22:00:00,94.56912070106392,35.978570685736585,130.54769138680052
2018-12-09 23:00:00,61.63989312691942,4134.021417845418,4195.661310972337
2018-12-10 00:00:00,35.12615970342727,0.0,35.12615970342727
2018-12-10 01:00:00,20.532449399327742,795.9999976686834,816.532447068011
2018-12-10 02:00:00,17.506914548499815,4.999999984023353,22.50691453252317
2018-12-10 03:00:00,27.0078143515669,489.9999982104838,517.0078125620507
2018-12-10 04:00:00,46.2876551962291,293.9999991232555,340.2876543194846
2018-12-10 05:00:00,75.31563927576367,978.6028540776372,1053.918493353401
2018-12-10 06:00:00,109.6684255652533,8941.258988915302,9050.927414480557
2018-12-10 07:00:00,153.5862561169414,24464.355887659727,24617.94214377667
2018-12-10 08:00:00,193.70788733333183,23287.969163107315,23481.67705044065
2018-12-10 09:00:00,249.87776563632036,36417.56634943353,36667.44411506984
2018-12-10 10:00:00,284.98952018857995,34810.01349378268,35095.00301397126
2018-12-10 11:00:00,309.024221761374,31895.33349530172,32204.35771706309
2018-12-10 12:00:00,342.7182542887405,31423.978161588304,31766.696415877046
2018-12-10 13:00:00,350.0345903898568,26286.58841169469,26636.623002084543
2018-12-10 14:00:00,356.1064694267385,34035.96319216708,34392.06966159382
2018-12-10 15:00:00,355.79270006249203,17537.07848874868,17892.87118881117
2018-12-10 16:00:00,332.21607566619764,23446.506833792984,23778.722909459182
2018-12-10 17:00:00,302.3602525754597,2096.7838623509992,2399.144114926459
2018-12-10 18:00:00,262.0023429108598,2261.2398200496527,2523.2421629605124
2018-12-10 19:00:00,223.3461190842114,2622.5639928169985,2845.9101119012103
2018-12-10 20:00:00,173.35999339727692,67.19617202526481,240.5561654225417
2018-12-10 21:00:00,134.17687445890286,8879.999976199462,9014.176850658367
2018-12-10 22:00:00,93.88733485159395,36414.956840094215,36508.84417494581
2018-12-10 23:00:00,61.53137820734106,29765.04297231908,29826.574350526418
2018-12-11 00:00:00,35.62479052485865,77.99999991493586,113.62479043979454
2018-12-11 01:00:00,20.889393665533078,17469.999948645884,17490.889342311417
2018-12-11 02:00:00,17.506711261343476,0.0,17.506711261343476
2018-12-11 03:00:00,26.628162134083418,464.5673217455415,491.19548387962493
2018-12-11 04:00:00,46.61999334300836,3650.414140690745,3697.0341340337536
2018-12-11 05:00:00,78.53946944132622,1508.644107353187,1587.183576794513
2018-12-11 06:00:00,110.13846126319378,10548.778260035264,10658.916721298458
2018-12-11 07:00:00,158.57465320494606,13104.608373892259,13263.183027097206
2018-12-11 08:00:00,202.87080466949504,46735.6766357286,46938.547440398106
2018-12-11 09:00:00,243.4162160420811,58735.36734600572,58978.7835620478
2018-12-11 10:00:00,280.38897849996755,30602.191600134676,30882.580578634646
2018-12-11 11:00:00,321.69134825937317,11072.711445718367,11394.40279397774
2018-12-11 12:00:00,353.07136267701105,37229.78493882051,37582.85630149751
2018-12-11 13:00:00,356.63731241873336,20453.53959487665,20810.17690729538
2018-12-11 14:00:00,349.6812106294132,24894.533278185645,25244.214488815058
2018-12-11 15:00:00,346.9895185374562,30578.881215510643,30925.870734048098
2018-12-11 16:00:00,324.08023394988277,38945.57330423874,39269.65353818862
2018-12-11 17:00:00,304.8549910274912,1199.7275050189824,1504.5824960464734
2018-12-11 18:00:00,256.6890855143229,2846.999992769088,3103.6890782834103
2018-12-11 19:00:00,231.66152929383185,592.9999983885459,824.6615276823777
2018-12-11 20:00:00,173.57248111776545,197.999999368531,371.57248048629646
2018-12-11 21:00:00,138.32408521512372,19995.99994387432,20134.324029089446
2018-12-11 22:00:00,95.65307642972641,48798.90986615225,48894.562942581986
2018-12-11 23:00:00,58.642935236091205,34742.08990210768,34800.73283734377
2018-12-12 00:00:00,35.26087456029143,0.0,35.26087456029143
2018-12-12 01:00:00,19.974744964364625,20949.575699516317,20969.55044448068
2018-12-12 02:00:00,17.90690864793377,1470.4242387345823,1488.3311473825163
2018-12-12 03:00:00,25.606879316861676,685.9999985439824,711.6068778608441
2018-12-12 04:00:00,45.499768932230765,1573.9999960343064,1619.4997649665368
2018-12-12 05:00:00,78.7611646125736,8709.943905721637,8788.70507033421
2018-12-12 06:00:00,111.69023846576593,11804.328767893909,11916.019006359675
2018-12-12 07:00:00,148.74059673993528,20875.48711272605,21024.227709465988
2018-12-12 08:00:00,194.2349575812271,13102.950989205869,13297.185946787096
2018-12-12 09:00:00,246.0810688210521,48112.565367869276,48358.646436690324
2018-12-12 10:00:00,276.05441678533464,37441.43432078469,37717.48873757002
2018-12-12 11:00:00,313.70000962621884,10641.870655722585,10955.570665348805
2018-12-12 12:00:00,341.550619680313,38206.21185117535,38547.76247085567
2018-12-12 13:00:00,353.11061754036996,43049.7683699351,43402.878987475466
2018-12-12 14:00:00,342.9133103556551,38894.43518278701,39237.348493142665
2018-12-12 15:00:00,345.75764626389133,59557.80556369404,59903.56320995794
2018-12-12 16:00:00,342.39408680191224,17613.19388433777,17955.58797113968
2018-12-12 17:00:00,296.3172197262477,10775.003027700452,11071.3202474267
2018-12-12 18:00:00,263.01922987825725,571.4436684113243,834.4628982895815
2018-12-12 19:00:00,219.92609272614132,899.556327208209,1119.4824199343504
2018-12-12 20:00:00,171.0512563718553,459.9999995032233,631.0512558750786
2018-12-12 21:00:00,125.83189754478133,16763.999954327093,16889.831851871877
2018-12-12 22:00:00,89.83239242967117,45602.965462871725,45692.79785530138
2018-12-12 23:00:00,60.25061154150322,33682.034307735106,33742.284919276615
2018-12-13 00:00:00,35.00402200861776,0.0,35.00402200861776
2018-12-13 01:00:00,20.846855949896245,15276.999959361177,15297.846815311073
2018-12-13 02:00:00,18.048124131233592,767.9999976592038,786.0481217904374
2018-12-13 03:00:00,26.100959317139626,872.9999983315952,899.1009576487347
2018-12-13 04:00:00,46.13706777821672,5043.999983580282,5090.137051358499
2018-12-13 05:00:00,78.79804748713406,1165.999996153555,1244.798043640689
2018-12-13 06:00:00,109.38333909439035,20895.99994197799,21005.38328107238
2018-12-13 07:00:00,147.73441949470057,68454.3292913078,68602.0637108025
2018-12-13 08:00:00,197.6401298304819,19425.042606146257,19622.682735976738
2018-12-13 09:00:00,237.76480693694216,31116.85338485161,31354.61819178855
2018-12-13 10:00:00,289.4694464597304,21607.167413055722,21896.636859515453
2018-12-13 11:00:00,305.1391510323468,29996.265616882894,30301.404767915243
2018-12-13 12:00:00,340.0902286559391,27017.114841538507,27357.205070194443
2018-12-13 13:00:00,353.71924341634724,48588.22158360091,48941.94082701727
2018-12-13 14:00:00,358.19933509989335,26304.084532551715,26662.28386765161
2018-12-13 15:00:00,343.592659223665,21442.919900682973,21786.512559906638
2018-12-13 16:00:00,332.3918922295427,11994.470052431341,12326.861944660883
2018-12-13 17:00:00,296.0206229153024,19526.452472808327,19822.47309572363
2018-12-13 18:00:00,269.147509399137,3374.077378261344,3643.224887660481
2018-12-13 19:00:00,228.2347434065116,137.2770564270449,365.5117998335565
2018-12-13 20:00:00,178.68442616723507,159.72294268054512,338.4073688477802
2018-12-13 21:00:00,129.09164975086574,16818.99995276456,16948.091602515426
2018-12-13 22:00:00,93.21708440956073,51892.5159057883,51985.73299019786
2018-12-13 23:00:00,59.34986644739327,38973.48384310465,39032.83370955205
2018-12-14 00:00:00,34.28132474473401,0.0,34.28132474473401
2018-12-14 01:00:00,20.96422298984034,16566.999953960643,16587.96417695048
2018-12-14 02:00:00,18.28880163212041,0.0,18.28880163212041
2018-12-14 03:00:00,27.303624517042994,2448.9999932260466,2476.3036177430895
2018-12-14 04:00:00,46.52037580945341,730.9999974691349,777.5203732785883
2018-12-14 05:00:00,72.22791560561109,711.0945630499623,783.3224786555734
2018-12-14 06:00:00,110.12334230457347,7620.733485187014,7730.856827491587
2018-12-14 07:00:00,149.45101450942258,17300.171881532217,17449.622896041637
2018-12-14 08:00:00,202.01807212048038,18033.873549440446,18235.89162156093
2018-12-14 09:00:00,237.3837983864019,36179.004938246115,36416.388736632514
2018-12-14 10:00:00,285.2137389363643,18270.531737953064,18555.745476889424
2018-12-14 11:00:00,317.58967245941415,21828.048060198475,22145.637732657888
2018-12-14 12:00:00,329.7063252779358,18614.118738288023,18943.825063565957
2018-12-14 13:00:00,368.956222185102,21256.784158097624,21625.740380282725
2018-12-14 14:00:00,348.1581785127074,18669.58292552322,19017.74110403593
2018-12-14 15:00:00,355.5525989121995,21022.055413476406,21377.608012388602
2018-12-14 16:00:00,327.2436419910941,13058.870305194025,13386.11394718512
2018-12-14 17:00:00,289.35650882925165,1298.1296552633928,1587.4861640926447
2018-12-14 18:00:00,259.49717355292,2673.2027670417833,2932.6999405947035
2018-12-14 19:00:00,215.20275059305334,6104.797206859299,6319.999957452352
2018-12-14 20:00:00,168.58208274851626,296.9999990143601,465.5820817628764
2018-12-14 21:00:00,136.16732575390978,15053.999958068956,15190.167283822864
2018-12-14 22:00:00,93.22894361544212,47821.257932152934,47914.486875768365
2018-12-14 23:00:00,59.537726322714164,24380.741870132668,24440.279596455373
2018-12-15 00:00:00,35.71485247342443,0.0,35.71485247342443
2018-12-15 01:00:00,20.634611928646606,23172.99993474743,23193.63454667608
2018-12-15 02:00:00,17.573996834614633,0.0,17.573996834614633
2018-12-15 03:00:00,26.741369346066953,395.99999883847875,422.74136818454576
2018-12-15 04:00:00,45.772937926934674,19.99999998105784,65.7729379079925
2018-12-15 05:00:00,75.40539143544103,19.99999992452532,95.40539135996636
2018-12-15 06:00:00,108.4649995767217,1088.9999969933515,1197.464996570073
2018-12-15 07:00:00,153.73865761525803,0.0,153.73865761525803
2018-12-15 08:00:00,195.17830525359508,98.99999989503748,294.17830514863255
2018-12-15 09:00:00,240.6420436385314,98.99999975103404,339.64204338956546
2018-12-15 10:00:00,283.7945922832931,0.0,283.7945922832931
2018-12-15 11:00:00,321.73302729593183,0.0,321.73302729593183
2018-12-15 12:00:00,327.5584956707564,0.0,327.5584956707564
2018-12-15 13:00:00,357.0333143790882,0.0,357.0333143790882
2018-12-15 14:00:00,367.6891261348441,0.0,367.6891261348441
2018-12-15 15:00:00,352.3402076829997,0.0,352.3402076829997
2018-12-15 16:00:00,321.62993618179473,0.0,321.62993618179473
2018-12-15 17:00:00,291.15578779863915,0.0,291.15578779863915
2018-12-15 18:00:00,270.6634246098413,0.0,270.6634246098413
2018-12-15 19:00:00,222.54473122211232,0.0,222.54473122211232
2018-12-15 20:00:00,172.2746717916472,0.0,172.2746717916472
2018-12-15 21:00:00,130.09367595090396,0.0,130.09367595090396
2018-12-15 22:00:00,91.99347090307174,753.5516654631841,845.5451363662559
2018-12-15 23:00:00,59.589044025885286,3450.448323117085,3510.03736714297
2018-12-16 00:00:00,35.39233895313863,0.0,35.39233895313863
2018-12-16 01:00:00,21.085301035150867,0.0,21.085301035150867
2018-12-16 02:00:00,17.476512971848123,0.0,17.476512971848123
2018-12-16 03:00:00,25.570742756717173,0.0,25.570742756717173
2018-12-16 04:00:00,44.34380979732242,0.0,44.34380979732242
2018-12-16 05:00:00,74.99474694987643,0.0,74.99474694987643
2018-12-16 06:00:00,107.06411662246077,0.0,107.06411662246077
2018-12-16 07:00:00,152.01532678738462,996.9999970723236,1149.0153238597081
2018-12-16 08:00:00,194.1163476654388,0.0,194.1163476654388
2018-12-16 09:00:00,247.4093890295557,0.0,247.4093890295557
2018-12-16 10:00:00,277.4161506746906,0.0,277.4161506746906
2018-12-16 11:00:00,311.7976655071117,3825.99999065921,4137.797656166322
2018-12-16 12:00:00,333.3487376641674,0.0,333.3487376641674
2018-12-16 13:00:00,353.305213005181,0.0,353.305213005181
2018-12-16 14:00:00,352.8504196346951,97.99999952760308,450.8504191622981
2018-12-16 15:00:00,355.78386989821433,0.0,355.78386989821433
2018-12-16 16:00:00,342.1443419158352,0.0,342.1443419158352
2018-12-16 17:00:00,298.1909047465522,0.0,298.1909047465522
2018-12-16 18:00:00,250.17221501095378,0.0,250.17221501095378
2018-12-16 19:00:00,221.22999893352332,0.0,221.22999893352332
2018-12-16 20:00:00,171.81137479976724,0.0,171.81137479976724
2018-12-16 21:00:00,139.00747311730586,1863.9999949830622,2003.007468100368
2018-12-16 22:00:00,90.6891911217659,208.40997243572554,299.09916355749147
2018-12-16 23:00:00,58.05131100058503,4830.590013009097,4888.641324009682
2018-12-17 00:00:00,35.04089422379393,0.0,35.04089422379393
2018-12-17 01:00:00,21.383807617754044,0.0,21.383807617754044
2018-12-17 02:00:00,17.619067499873236,0.0,17.619067499873236
2018-12-17 03:00:00,25.99993329017036,2645.9999926635373,2671.999925953708
2018-12-17 04:00:00,47.47157465634909,3976.999988795056,4024.471563451405
2018-12-17 05:00:00,75.99407976335254,2292.171614249196,2368.1656940125486
2018-12-17 06:00:00,116.8044800003992,6984.260181076723,7101.064661077123
2018-12-17 07:00:00,152.568089120928,25864.1329311669,26016.701020287823
2018-12-17 08:00:00,192.49766267625205,99757.82805206522,99950.32571474147
2018-12-17 09:00:00,243.23146892982186,38963.714176946836,39206.94564587666
2018-12-17 10:00:00,269.843391133373,32589.34348019603,32859.1868713294
2018-12-17 11:00:00,316.9721201335366,28362.58942461665,28679.561544750184
2018-12-17 12:00:00,350.4385452666106,29764.562659863994,30115.001205130604
2018-12-17 13:00:00,367.0971531526784,40225.51241950524,40592.60957265792
2018-12-17 14:00:00,355.75335773152585,33137.881753976435,33493.63511170796
2018-12-17 15:00:00,347.6983986789608,15498.791426906297,15846.489825585259
2018-12-17 16:00:00,323.65983076039345,26946.182950085218,27269.84278084561
2018-12-17 17:00:00,307.1284052394833,1797.0278579475737,2104.156263187057
2018-12-17 18:00:00,260.17200532132154,0.0,260.17200532132154
2018-12-17 19:00:00,212.23146599322547,0.0,212.23146599322547
2018-12-17 20:00:00,171.7662889632581,296.99999905518666,468.76628801844464
2018-12-17 21:00:00,130.01498952956504,359.9999992673238,490.01498879688876
2018-12-17 22:00:00,94.8785426228787,10579.542151713664,10674.420694336543
2018-12-17 23:00:00,58.57928476896775,25534.45774276062,25593.03702752959
2018-12-18 00:00:00,35.28424317839087,0.0,35.28424317839087
2018-12-18 01:00:00,20.666960741254407,0.0,20.666960741254407
2018-12-18 02:00:00,16.952618329304954,20289.895422317513,20306.84804064682
2018-12-18 03:00:00,26.450830131508354,27158.10444341341,27184.55527354492
2018-12-18 04:00:00,45.32353452556799,0.0,45.32353452556799
2018-12-18 05:00:00,75.96708104613329,5105.00620482239,5180.973285868524
2018-12-18 06:00:00,115.86729304577183,7787.188529421614,7903.055822467385
2018-12-18 07:00:00,155.91633183457367,22451.832960310734,22607.74929214531
2018-12-18 08:00:00,191.00703747652625,31841.917707516077,32032.924744992608
2018-12-18 09:00:00,242.08555949347817,22326.885928028907,22568.971487522387
2018-12-18 10:00:00,288.2789856202976,44479.13835261366,44767.417338233965
2018-12-18 11:00:00,312.37660543239974,19496.172427355457,19808.549032787854
2018-12-18 12:00:00,330.87780662081246,27920.464295901453,28251.342102522263
2018-12-18 13:00:00,357.79014207280534,17849.219946548124,18207.01008862093
2018-12-18 14:00:00,363.1424740799181,15329.108306862394,15692.250780942311
2018-12-18 15:00:00,351.45528319877246,20727.879849713532,21079.335132912303
2018-12-18 16:00:00,321.01358684780735,25790.651874690422,26111.665461538232
2018-12-18 17:00:00,296.1717942245316,5795.532871251897,6091.704665476427
2018-12-18 18:00:00,252.96720637624884,692.99999845768,945.9672048339289
2018-12-18 19:00:00,216.98525228167264,176.99999935021867,393.9852516318913
2018-12-18 20:00:00,177.4178979044881,1754.9999955095634,1932.4178934140514
2018-12-18 21:00:00,130.47748119156734,19538.45597699814,19668.933458189706
2018-12-18 22:00:00,94.56008248791771,39278.412587443105,39372.97266993102
2018-12-18 23:00:00,58.82802322110609,35546.64016047798,35605.468183699086
2018-12-19 00:00:00,34.87651623352399,112.4910056344845,147.36752186800848
2018-12-19 01:00:00,20.310166241846584,5191.99998522864,5212.310151470487
2018-12-19 02:00:00,17.790651255542187,0.0,17.790651255542187
2018-12-19 03:00:00,27.45655247503364,1977.99999418805,2005.456546663084
2018-12-19 04:00:00,45.79306148244815,2463.9999944010224,2509.7930558834705
2018-12-19 05:00:00,72.76085937847162,201.96026685970332,274.72112623817503
2018-12-19 06:00:00,114.0192137414497,16195.039686029511,16309.05889977096
2018-12-19 07:00:00,154.23310597896426,27095.242556465942,27249.475662444904
2018-12-19 08:00:00,205.6008299383175,12230.512967457335,12436.113797395652
2018-12-19 09:00:00,249.11855278878107,24683.358943639047,24932.477496427826
2018-12-19 10:00:00,281.41244081675234,26702.190949295473,26983.603390112225
2018-12-19 11:00:00,318.37747286424104,17881.572775321107,18199.950248185345
2018-12-19 12:00:00,344.88415105124227,26568.725742541912,26913.609893593155
2018-12-19 13:00:00,350.0672835543301,30648.826736651637,30998.894020205964
2018-12-19 14:00:00,369.76054745033565,17153.989418212343,17523.74996566268
2018-12-19 15:00:00,348.6670549377426,23268.994865114753,23617.661920052502
2018-12-19 16:00:00,328.81718422560186,29636.7890008931,29965.606185118697
2018-12-19 17:00:00,291.67685911401526,21088.795312424867,21380.472171538884
2018-12-19 18:00:00,266.48571941746985,18431.999945040574,18698.48566445804
2018-12-19 19:00:00,223.94431166028204,16255.999953875445,16479.944265535727
2018-12-19 20:00:00,175.0987080826413,1849.999994641253,2025.0987027238941
2018-12-19 21:00:00,133.4889210640817,18907.585481385737,19041.07440244982
2018-12-19 22:00:00,92.38141265982412,50464.9624505521,50557.34386321192
2018-12-19 23:00:00,59.90676702476472,30605.451786326383,30665.35855335115
2018-12-20 00:00:00,35.83466670681352,0.0,35.83466670681352
2018-12-20 01:00:00,21.75500530915759,6843.999981360024,6865.754986669182
2018-12-20 02:00:00,18.14466723592885,296.9999991414127,315.14466637734154
2018-12-20 03:00:00,27.37434916439043,1861.9999945203265,1889.374343684717
2018-12-20 04:00:00,44.30834199193362,878.9999974004279,923.3083393923615
2018-12-20 05:00:00,75.23265597325462,690.0458509946459,765.2785069679005
2018-12-20 06:00:00,108.80151309881843,7632.660179095191,7741.46169219401
2018-12-20 07:00:00,147.79586031207742,12215.643661309841,12363.439521621918
2018-12-20 08:00:00,195.0880894236236,34968.72169536968,35163.8097847933
2018-12-20 09:00:00,245.48128717221965,17050.01456894594,17295.49585611816
2018-12-20 10:00:00,295.26858398546034,12297.273478263895,12592.542062249355
2018-12-20 11:00:00,308.80327010692093,15288.899912221288,15597.70318232821
2018-12-20 12:00:00,334.4249841419992,32992.164679024514,33326.58966316651
2018-12-20 13:00:00,357.08021541152414,73380.07959370669,73737.15980911821
2018-12-20 14:00:00,352.8720005551574,20066.501801999086,20419.37380255424
2018-12-20 15:00:00,342.19896064397415,21110.19773028213,21452.396690926107
2018-12-20 16:00:00,320.0763337782506,17778.512563827404,18098.588897605656
2018-12-20 17:00:00,306.9905117547401,3249.4592177337827,3556.449729488523
2018-12-20 18:00:00,269.58542943049247,161.8243086167218,431.4097380472142
2018-12-20 19:00:00,220.37794179619488,98.99999988979144,319.37794168598634
2018-12-20 20:00:00,178.19545233627773,0.0,178.19545233627773
2018-12-20 21:00:00,129.63090236457157,14658.99995795076,14788.630860315332
2018-12-20 22:00:00,89.86987782109593,37775.95302554471,37865.822903365806
2018-12-20 23:00:00,59.95656506343915,19530.04681344895,19590.00337851239
2018-12-21 00:00:00,33.60762536842164,0.0,33.60762536842164
2018-12-21 01:00:00,20.507724474432045,3598.9999897288376,3619.5077142032696
2018-12-21 02:00:00,17.507209010284157,9.999999971962009,27.50720898224617
2018-12-21 03:00:00,26.80228668835406,2065.9999947369756,2092.8022814253295
2018-12-21 04:00:00,47.56139849497688,1273.9999974581365,1321.5613959531133
2018-12-21 05:00:00,73.95860462156543,1260.9367716324955,1334.8953762540605
2018-12-21 06:00:00,112.40721300385212,8050.123943449707,8162.531156453561
2018-12-21 07:00:00,153.5260239768124,23723.93919382453,23877.465217801346
2018-12-21 08:00:00,205.50962878426688,16495.96902652958,16701.478655313847
2018-12-21 09:00:00,236.50406542066355,35063.03082702786,35299.53489244852
2018-12-21 10:00:00,281.1123172870314,16475.221968299724,16756.334285586752
2018-12-21 11:00:00,309.21356749599045,14982.206994619246,15291.420562115236
2018-12-21 12:00:00,337.12971709011947,17615.014549120402,17952.144266210526
2018-12-21 13:00:00,351.34176206711436,60786.74149722443,61138.08325929155
2018-12-21 14:00:00,361.4580728873566,16514.114351353262,16875.57242424062
2018-12-21 15:00:00,349.79846980449184,12443.029539237008,12792.8280090415
2018-12-21 16:00:00,320.1109051999565,25125.22748048324,25445.3383856832
2018-12-21 17:00:00,303.81505292565896,445.4431578903367,749.2582108159957
2018-12-21 18:00:00,268.7894619528774,97.9999995785714,366.78946153144875
2018-12-21 19:00:00,225.87899927965373,0.0,225.87899927965373
2018-12-21 20:00:00,179.30718298210186,0.0,179.30718298210186
2018-12-21 21:00:00,137.6543836364899,17097.99995416303,17235.654337799522
2018-12-21 22:00:00,93.75355709807613,27091.285792238294,27185.039349336366
2018-12-21 23:00:00,60.298858269784176,9828.714107265892,9889.012965535676
2018-12-22 00:00:00,35.80289194239849,0.0,35.80289194239849
2018-12-22 01:00:00,19.62611858339456,2300.999993217421,2320.626111800816
2018-12-22 02:00:00,17.381902486650162,0.0,17.381902486650162
2018-12-22 03:00:00,26.57318044147943,0.0,26.57318044147943
2018-12-22 04:00:00,45.52598105933825,9.999999963844871,55.52598102318312
2018-12-22 05:00:00,75.09488987430163,19.97062522373585,95.06551509803748
2018-12-22 06:00:00,108.27049377533913,0.0293747360444544,108.29986851138358
2018-12-22 07:00:00,147.39934831828907,98.9999994275298,246.3993477458189
2018-12-22 08:00:00,201.68250862966818,0.0,201.68250862966818
2018-12-22 09:00:00,247.48136819637818,0.0,247.48136819637818
2018-12-22 10:00:00,278.3558771526417,0.0,278.3558771526417
2018-12-22 11:00:00,319.65815847716345,0.0,319.65815847716345
2018-12-22 12:00:00,340.6108505342029,0.0,340.6108505342029
2018-12-22 13:00:00,369.78474699815087,0.0,369.78474699815087
2018-12-22 14:00:00,354.43890372648855,0.0,354.43890372648855
2018-12-22 15:00:00,354.4441901056118,0.0,354.4441901056118
2018-12-22 16:00:00,327.6940734285819,0.0,327.6940734285819
2018-12-22 17:00:00,297.3958376724201,0.0,297.3958376724201
2018-12-22 18:00:00,257.9307013432656,0.0,257.9307013432656
2018-12-22 19:00:00,212.72314733578764,0.0,212.72314733578764
2018-12-22 20:00:00,170.6156891842034,0.0,170.6156891842034
2018-12-22 21:00:00,132.96760513845737,0.0,132.96760513845737
2018-12-22 22:00:00,94.68827428414255,764.3101145510302,858.9983888351728
2018-12-22 23:00:00,61.37572237128057,1449.689879343645,1511.0656017149258
2018-12-23 00:00:00,36.06489248148197,277.99999926354,314.06489174502195
2018-12-23 01:00:00,20.559964361269394,0.0,20.559964361269394
2018-12-23 02:00:00,17.722559187242055,0.0,17.722559187242055
2018-12-23 03:00:00,27.259713199125798,0.0,27.259713199125798
2018-12-23 04:00:00,46.99495771258917,9.99999994935165,56.994957661940816
2018-12-23 05:00:00,75.77782988403709,9.999999975425064,85.77782985946214
2018-12-23 06:00:00,108.06243570156596,0.0,108.06243570156596
2018-12-23 07:00:00,155.8101523490834,0.0,155.8101523490834
2018-12-23 08:00:00,198.12899325582433,0.0,198.12899325582433
2018-12-23 09:00:00,249.11876978229208,0.0,249.11876978229208
2018-12-23 10:00:00,275.715983235845,0.0,275.715983235845
2018-12-23 11:00:00,307.7532974645219,0.0,307.7532974645219
2018-12-23 12:00:00,333.29826732352205,0.0,333.29826732352205
2018-12-23 13:00:00,362.1566221407976,0.0,362.1566221407976
2018-12-23 14:00:00,366.70763016347007,0.0,366.70763016347007
2018-12-23 15:00:00,352.08402821351507,0.0,352.08402821351507
2018-12-23 16:00:00,343.80839369393436,0.0,343.80839369393436
2018-12-23 17:00:00,289.57712638195153,0.0,289.57712638195153
2018-12-23 18:00:00,255.5003716506887,0.0,255.5003716506887
2018-12-23 19:00:00,218.49338552801902,0.0,218.49338552801902
2018-12-23 20:00:00,180.7010184743596,0.0,180.7010184743596
2018-12-23 21:00:00,128.5188926520553,0.0,128.5188926520553
2018-12-23 22:00:00,94.46424172902456,89.98514503879936,184.4493867678239
2018-12-23 23:00:00,57.751937833452914,1330.014851225211,1387.766789058664
2018-12-24 00:00:00,36.218628737816225,0.0,36.218628737816225
2018-12-24 01:00:00,21.18375629315196,0.0,21.18375629315196
2018-12-24 02:00:00,17.32587730001118,78.0,95.32587730001117
2018-12-24 03:00:00,27.202133426003726,6527.613686402204,6554.815819828208
2018-12-24 04:00:00,46.17539637323364,3336.363781752478,3382.5391781257113
2018-12-24 05:00:00,76.03030156073078,5911.557588530306,5987.5878900910375
2018-12-24 06:00:00,110.74274816507491,7797.962577702141,7908.705325867217
2018-12-24 07:00:00,154.22046997615493,19378.820179088063,19533.040649064216
2018-12-24 08:00:00,200.63118596810855,6144.165346434989,6344.796532403098
2018-12-24 09:00:00,247.77065661301725,3096.5718536968034,3344.3425103098207
2018-12-24 10:00:00,278.88951452001737,6391.525294237066,6670.414808757085
2018-12-24 11:00:00,309.8783732930984,2399.4195199334204,2709.2978932265187
2018-12-24 12:00:00,332.206390312139,1165.9999970895478,1498.206387401687
2018-12-24 13:00:00,341.7455679006921,5143.040504813506,5484.786072714199
2018-12-24 14:00:00,358.5575164579849,8020.358520673906,8378.91603713189
2018-12-24 15:00:00,358.0871202145059,9341.165343905703,9699.252464120209
2018-12-24 16:00:00,331.9410797560424,8642.958236552535,8974.899316308576
2018-12-24 17:00:00,300.2104343312843,915.4773008084896,1215.6877351397738
2018-12-24 18:00:00,257.55148653702565,0.0,257.55148653702565
2018-12-24 19:00:00,220.42068059685906,0.0,220.42068059685906
2018-12-24 20:00:00,174.00878562220697,0.0,174.00878562220697
2018-12-24 21:00:00,128.40912802498346,12238.9999658849,12367.409093909884
2018-12-24 22:00:00,93.84803835116536,9639.949809268142,9733.797847619308
2018-12-24 23:00:00,61.28054002963552,2025.0501559122492,2086.330695941885
2018-12-25 00:00:00,35.83429873883875,0.0,35.83429873883875
2018-12-25 01:00:00,21.488490098609454,0.0,21.488490098609454
2018-12-25 02:00:00,17.00850067507185,0.0,17.00850067507185
2018-12-25 03:00:00,26.7218519728318,1077.999997550026,1104.7218495228576
2018-12-25 04:00:00,46.31985207076208,0.0,46.31985207076208
2018-12-25 05:00:00,74.97921573508893,0.0,74.97921573508893
2018-12-25 06:00:00,111.14188588826195,0.0,111.14188588826195
2018-12-25 07:00:00,155.06365095725394,0.0,155.06365095725394
2018-12-25 08:00:00,202.51047668284366,0.0,202.51047668284366
2018-12-25 09:00:00,239.23605912646477,0.0,239.23605912646477
2018-12-25 10:00:00,279.17704051792634,0.0,279.17704051792634
2018-12-25 11:00:00,311.46778417426185,0.0,311.46778417426185
2018-12-25 12:00:00,350.3217790865767,0.0,350.3217790865767
2018-12-25 13:00:00,366.43876140937596,0.0,366.43876140937596
2018-12-25 14:00:00,353.3684568390701,0.0,353.3684568390701
2018-12-25 15:00:00,356.0007663858736,1469.9999956387817,1826.0007620246552
2018-12-25 16:00:00,330.1709967827318,0.0,330.1709967827318
2018-12-25 17:00:00,309.9874125377658,0.0,309.9874125377658
2018-12-25 18:00:00,254.10405284061238,0.0,254.10405284061238
2018-12-25 19:00:00,213.98370084730166,0.0,213.98370084730166
2018-12-25 20:00:00,180.28740661775532,0.0,180.28740661775532
2018-12-25 21:00:00,133.27906627471768,0.0,133.27906627471768
2018-12-25 22:00:00,92.39075096655036,134.0774750197024,226.46822598625275
2018-12-25 23:00:00,58.349965453934274,243.92252379837677,302.27248925231106
2018-12-26 00:00:00,34.44909296940426,0.0,34.44909296940426
2018-12-26 01:00:00,20.975841681709305,0.0,20.975841681709305
2018-12-26 02:00:00,17.7875179147533,0.0,17.7875179147533
2018-12-26 03:00:00,26.36175395203101,0.0,26.36175395203101
2018-12-26 04:00:00,45.49723851051321,9.999999987647664,55.497238498160876
2018-12-26 05:00:00,75.26459894146107,0.0,75.26459894146107
2018-12-26 06:00:00,112.27178778759715,671.9999978155145,784.2717856031117
2018-12-26 07:00:00,151.84422201897854,1123.9999974290743,1275.8442194480529
2018-12-26 08:00:00,200.59150474991776,0.0,200.59150474991776
2018-12-26 09:00:00,247.04896712772023,135.99999955337185,383.04896668109205
2018-12-26 10:00:00,280.1943843979311,0.0,280.1943843979311
2018-12-26 11:00:00,304.2525516703158,0.0,304.2525516703158
2018-12-26 12:00:00,321.24284259526195,0.0,321.24284259526195
2018-12-26 13:00:00,341.82973768891384,179.9999992301716,521.8297369190855
2018-12-26 14:00:00,344.6417679614088,1240.1246889163176,1584.7664568777266
2018-12-26 15:00:00,342.51985729430805,587.875306905951,930.395164200259
2018-12-26 16:00:00,339.11925326587084,0.0,339.11925326587084
2018-12-26 17:00:00,291.8350699969701,0.0,291.8350699969701
2018-12-26 18:00:00,251.50856044385546,0.0,251.50856044385546
2018-12-26 19:00:00,212.6905069248956,0.0,212.6905069248956
2018-12-26 20:00:00,173.03624965049124,0.0,173.03624965049124
2018-12-26 21:00:00,128.00495203342558,17548.383349197607,17676.388301231033
2018-12-26 22:00:00,89.59535594397583,7733.05812604703,7822.653481991006
2018-12-26 23:00:00,60.41881447771284,2096.558448659156,2156.9772631368687
2018-12-27 00:00:00,35.51127138086313,0.0,35.51127138086313
2018-12-27 01:00:00,20.585648326646627,0.0,20.585648326646627
2018-12-27 02:00:00,17.347246531829306,0.0,17.347246531829306
2018-12-27 03:00:00,26.225237195502636,303.0865405204754,329.31177771597805
2018-12-27 04:00:00,47.77407689200143,1734.913453283947,1782.6875301759485
2018-12-27 05:00:00,77.77427042807486,1556.756815337848,1634.5310857659229
2018-12-27 06:00:00,106.43191231768279,3788.2431695553414,3894.6750818730243
2018-12-27 07:00:00,155.7598615104728,2943.999992257822,3099.759853768295
2018-12-27 08:00:00,194.1119325195579,20382.457379101023,20576.569311620577
2018-12-27 09:00:00,244.20181349376017,628.5425610689199,872.7443745626802
2018-12-27 10:00:00,272.16708649383145,4217.127666085307,4489.294752579139
2018-12-27 11:00:00,310.89133910662713,1558.8723150276094,1869.7636541342363
2018-12-27 12:00:00,342.2990512467736,1398.9485314367523,1741.2475826835262
2018-12-27 13:00:00,344.3000532775207,11289.469841614184,11633.769894891704
2018-12-27 14:00:00,357.27229294047027,8008.518281739142,8365.790574679613
2018-12-27 15:00:00,353.16378879419904,7428.998244191029,7782.162032985228
2018-12-27 16:00:00,314.17971285793146,17266.80219119326,17580.981904051194
2018-12-27 17:00:00,311.38643120335814,1441.2627804679455,1752.6492116713039
2018-12-27 18:00:00,264.45123457469634,2750.999993693187,3015.451228267884
2018-12-27 19:00:00,219.49303729293376,368.99999898470026,588.493036277634
2018-12-27 20:00:00,169.19465385379823,0.0,169.19465385379823
2018-12-27 21:00:00,130.13234419014208,5559.999981787469,5690.132325977611
2018-12-27 22:00:00,89.22031876990151,13598.948738255796,13688.169057025698
2018-12-27 23:00:00,61.80108824642153,4562.051210396713,4623.852298643134
2018-12-28 00:00:00,33.99591072266347,0.0,33.99591072266347
2018-12-28 01:00:00,21.161750091027073,58.99999977618733,80.16174986721441
2018-12-28 02:00:00,17.917386044350827,0.9999999973343594,18.917386041685184
2018-12-28 03:00:00,26.067393214446916,3480.7176385279104,3506.7850317423577
2018-12-28 04:00:00,47.5569656977617,5532.982170467124,5580.539136164885
2018-12-28 05:00:00,74.6296274218515,1681.3001614432276,1755.9297888650794
2018-12-28 06:00:00,110.9155380310574,5984.045149041696,6094.960687072753
2018-12-28 07:00:00,149.7857407550084,16018.84974889932,16168.63548965433
2018-12-28 08:00:00,197.47988931148896,11211.36005898588,11408.83994829737
2018-12-28 09:00:00,244.77998584200287,11265.744917090276,11510.524902932277
2018-12-28 10:00:00,290.5437283243878,2196.6470889615252,2487.190817285913
2018-12-28 11:00:00,298.9915743820958,1728.5762701591632,2027.567844541259
2018-12-28 12:00:00,329.52723841357096,15023.340338617734,15352.867577031306
2018-12-28 13:00:00,359.44071279382325,21556.326190946944,21915.76690374077
2018-12-28 14:00:00,349.70698786454204,23157.91417492016,23507.6211627847
2018-12-28 15:00:00,350.3144450208897,16855.89278935606,17206.20723437695
2018-12-28 16:00:00,341.2623506897792,7654.262429394914,7995.524780084694
2018-12-28 17:00:00,300.4901587085244,4871.040459952633,5171.530618661157
2018-12-28 18:00:00,268.03043137439954,0.0,268.03043137439954
2018-12-28 19:00:00,216.77207470243314,0.0,216.77207470243314
2018-12-28 20:00:00,177.1893893911585,0.0,177.1893893911585
2018-12-28 21:00:00,128.7018127556549,14459.99995835844,14588.701771114096
2018-12-28 22:00:00,94.8385746137904,14940.717306146187,15035.55588075998
2018-12-28 23:00:00,60.94810241705366,5237.282636966411,5298.230739383464
2018-12-29 00:00:00,36.252340530368606,0.0,36.252340530368606
2018-12-29 01:00:00,21.514307352663863,2182.9999934855664,2204.51430083823
2018-12-29 02:00:00,17.702807127792383,0.0,17.702807127792383
2018-12-29 03:00:00,27.703642170139137,0.0,27.703642170139137
2018-12-29 04:00:00,47.01128585697117,0.0,47.01128585697117
2018-12-29 05:00:00,77.60392909253551,0.0,77.60392909253551
2018-12-29 06:00:00,113.0859988983633,0.0,113.0859988983633
2018-12-29 07:00:00,154.94977237166415,0.0,154.94977237166415
2018-12-29 08:00:00,196.3477137601713,0.0,196.3477137601713
2018-12-29 09:00:00,244.6595489432433,0.0,244.6595489432433
2018-12-29 10:00:00,288.006596290551,0.0,288.006596290551
2018-12-29 11:00:00,318.94149032559255,0.0,318.94149032559255
2018-12-29 12:00:00,342.46709154660243,0.0,342.46709154660243
2018-12-29 13:00:00,340.61448642486266,0.0,340.61448642486266
2018-12-29 14:00:00,346.8320785066261,0.0,346.8320785066261
2018-12-29 15:00:00,342.02062249060515,0.0,342.02062249060515
2018-12-29 16:00:00,323.18429966077474,0.0,323.18429966077474
2018-12-29 17:00:00,294.774240260018,0.0,294.774240260018
2018-12-29 18:00:00,267.73628941105653,0.0,267.73628941105653
2018-12-29 19:00:00,218.23997249216643,0.0,218.23997249216643
2018-12-29 20:00:00,173.40490127284897,0.0,173.40490127284897
2018-12-29 21:00:00,131.95766906784903,0.0,131.95766906784903
2018-12-29 22:00:00,95.54384061368171,99.18730411521705,194.73114472889873
2018-12-29 23:00:00,58.23367330532114,291.8126948879262,350.0463681932474
2018-12-30 00:00:00,33.795982008146815,0.0,33.795982008146815
2018-12-30 01:00:00,19.951419987411228,0.0,19.951419987411228
2018-12-30 02:00:00,17.94796820403031,0.0,17.94796820403031
2018-12-30 03:00:00,26.195471869104793,0.0,26.195471869104793
2018-12-30 04:00:00,45.18221890564992,0.0,45.18221890564992
2018-12-30 05:00:00,76.32862846389554,0.0,76.32862846389554
2018-12-30 06:00:00,112.01490474593943,0.0,112.01490474593943
2018-12-30 07:00:00,156.12894261933556,0.0,156.12894261933556
2018-12-30 08:00:00,193.00758385237867,0.0,193.00758385237867
2018-12-30 09:00:00,242.12008261072884,0.0,242.12008261072884
2018-12-30 10:00:00,282.42283219401145,0.0,282.42283219401145
2018-12-30 11:00:00,315.05134887192975,0.0,315.05134887192975
2018-12-30 12:00:00,339.11156426021125,0.0,339.11156426021125
2018-12-30 13:00:00,358.505118628795,0.0,358.505118628795
2018-12-30 14:00:00,337.6698230502823,0.0,337.6698230502823
2018-12-30 15:00:00,337.7798191855795,0.0,337.7798191855795
2018-12-30 16:00:00,334.9693250844409,0.0,334.9693250844409
2018-12-30 17:00:00,300.7385748088923,0.0,300.7385748088923
2018-12-30 18:00:00,269.939819468416,0.0,269.939819468416
2018-12-30 19:00:00,212.07823027659393,0.0,212.07823027659393
2018-12-30 20:00:00,168.54935196579737,0.0,168.54935196579737
2018-12-30 21:00:00,135.09764798305451,0.0,135.09764798305451
2018-12-30 22:00:00,91.58857588596265,53.60199397484458,145.19056986080722
2018-12-30 23:00:00,59.391636218456426,933.39800314724,992.7896393656964
2018-12-31 00:00:00,34.67874863761363,0.0,34.67874863761363
2018-12-31 01:00:00,20.886219877814625,1551.9999954481448,1572.8862153259595
2018-12-31 02:00:00,17.86076834748266,0.0,17.86076834748266
2018-12-31 03:00:00,25.683772850596604,97.99999976682788,123.68377261742451
2018-12-31 04:00:00,45.46083275162027,290.9999995690176,336.46083232063785
2018-12-31 05:00:00,73.87114749494896,493.99999833574407,567.871145830693
2018-12-31 06:00:00,108.3423440609692,290.9999994325608,399.34234349353
2018-12-31 07:00:00,152.23250047040204,9687.999974316377,9840.232474786779
2018-12-31 08:00:00,203.35718073284914,2521.6825277983266,2725.039708531176
2018-12-31 09:00:00,247.15377737650977,26529.93068270949,26777.084460086007
2018-12-31 10:00:00,276.6247347000143,15823.346034893912,16099.970769593927
2018-12-31 11:00:00,316.30401854072227,12005.69908012167,12322.00309866239
2018-12-31 12:00:00,347.2987284365309,11462.1227288165,11809.42145725303
2018-12-31 13:00:00,358.4548057897217,21687.218693195577,22045.673498985296
2018-12-31 14:00:00,359.28876876996185,290.9999987558373,650.2887675257991
2018-12-31 15:00:00,345.3492564738805,0.0,345.3492564738805
2018-12-31 16:00:00,322.6974071708064,0.0,322.6974071708064
2018-12-31 17:00:00,303.22907300234004,457.9999979389408,761.2290709412807
2018-12-31 18:00:00,260.5861784496766,0.0,260.5861784496766
2018-12-31 19:00:00,216.78568715171218,0.0,216.78568715171218
2018-12-31 20:00:00,175.1941910606132,0.0,175.1941910606132
2018-12-31 21:00:00,134.38460699875074,3050.9999908692403,3185.384597867991
2018-12-31 22:00:00,93.88308788954508,9775.960968393132,9869.844056282678
2018-12-31 23:00:00,59.474110146252286,9491.038974808498,9550.513084954751
